Date,Open,High,Low,Close,Volume,SMA5,SMA20,SMA50,RSI,MACD,MACD_signal,MACD_hist,BB_mid,BB_upper,BB_lower
2021-10-11,182.54,185.55,181.99,182.88,701700,,,,,0.0,0.0,0.0,,,
2021-10-12,182.88,185.2,182.72,183.48,796300,,,,,0.048,0.01,0.038,,,
2021-10-13,183.33,183.94,181.12,183.34,674100,,,,,0.074,0.022,0.051,,,
2021-10-14,184.54,185.4,183.35,184.92,737100,,,,,0.219,0.062,0.157,,,
2021-10-15,185.47,188.33,185.47,187.55,1076700,184.434,,,,0.54,0.157,0.383,,,
2021-10-18,186.52,187.74,185.46,186.29,591300,185.116,,,,0.685,0.263,0.422,,,
2021-10-19,186.67,188.42,185.74,188.05,746000,186.03,,,,0.931,0.397,0.535,,,
2021-10-20,188.05,188.96,187.47,187.89,939500,186.94,,,,1.101,0.538,0.563,,,
2021-10-21,187.46,187.68,184.94,187.53,831300,187.462,,,,1.193,0.669,0.524,,,
2021-10-22,188.14,189.49,187.02,188.87,767800,187.726,,,,1.358,0.806,0.551,,,
2021-10-25,188.45,188.96,187.32,187.41,672500,187.95,,,,1.355,0.916,0.439,,,
2021-10-26,179.57,185.27,179.06,184.4,1855400,187.22,,,,1.097,0.952,0.145,,,
2021-10-27,184.78,188.14,181.43,185.5,1138800,186.742,,,,0.971,0.956,0.015,,,
2021-10-28,186.82,187.04,181.27,182.64,1119700,185.764,,,,0.632,0.891,-0.259,,,
2021-10-29,182.63,183.93,181.5,182.76,1485500,184.542,,,41.754,0.37,0.787,-0.417,,,
2021-11-01,182.82,183.75,180.08,181.99,767700,183.458,,,39.123,0.098,0.649,-0.551,,,
2021-11-02,182.55,183.4,181.16,181.86,847800,182.95,,,38.68,-0.126,0.494,-0.62,,,
2021-11-03,181.14,181.41,178.13,181.37,1338300,182.124,,,36.979,-0.339,0.327,-0.667,,,
2021-11-04,180.94,181.35,178.13,178.63,1138400,181.322,,,29.239,-0.721,0.118,-0.839,,,
2021-11-05,180.51,181.51,179.39,181.19,1306700,181.008,184.428,,41.549,-0.808,-0.068,-0.741,184.428,190.129,178.726
2021-11-08,182.01,183.14,180.36,182.66,1085900,181.142,184.416,,47.227,-0.749,-0.204,-0.546,184.416,190.131,178.702
2021-11-09,182.83,183.56,181.39,182.88,666900,181.346,184.386,,48.04,-0.678,-0.299,-0.379,184.386,190.128,178.645
2021-11-10,183.06,183.66,181.28,181.48,625200,181.368,184.294,,43.45,-0.725,-0.384,-0.341,184.294,190.165,178.422
2021-11-11,180.98,181.59,179.21,179.46,904600,181.534,184.02,,37.834,-0.915,-0.49,-0.425,184.02,190.266,177.775
2021-11-12,179.46,181.59,178.95,181.16,944100,181.528,183.701,,44.353,-0.918,-0.576,-0.342,183.701,189.839,177.563
2021-11-15,182.12,182.12,180.42,181.25,679900,181.246,183.449,,44.684,-0.903,-0.641,-0.262,183.449,189.553,177.345
2021-11-16,181.1,181.81,179.1,179.15,860100,180.5,183.004,,38.877,-1.048,-0.723,-0.326,183.004,188.992,177.016
2021-11-17,179.09,180.37,179.09,179.8,617600,180.164,182.599,,41.415,-1.098,-0.798,-0.3,182.599,188.283,176.916
2021-11-18,180.05,180.05,177.42,178.48,750000,179.968,182.147,,37.968,-1.23,-0.884,-0.346,182.147,187.615,176.679
2021-11-19,178.3,178.82,176.72,176.96,792100,179.128,181.551,,34.415,-1.441,-0.995,-0.445,181.551,186.507,176.596
2021-11-22,177.77,180.8,177.24,179.71,689500,178.82,181.166,,44.528,-1.37,-1.07,-0.3,181.166,185.34,176.993
2021-11-23,180.19,181.84,179.82,180.55,604400,179.1,180.974,,47.206,-1.232,-1.103,-0.129,180.974,184.865,177.083
2021-11-24,180.35,180.86,178.54,179.15,524200,178.97,180.656,,43.442,-1.221,-1.126,-0.095,180.656,183.989,177.324
2021-11-26,175.06,175.37,171.99,174.31,847300,178.136,180.24,,33.498,-1.585,-1.218,-0.367,180.24,184.485,175.995
2021-11-29,175.78,176.5,174.09,175.27,878600,177.798,179.866,,36.598,-1.776,-1.33,-0.446,179.866,184.48,175.251
2021-11-30,173.51,174.62,170.04,170.34,2083900,175.924,179.283,,29.096,-2.298,-1.523,-0.775,179.283,185.449,173.117
2021-12-01,173.07,175.34,170.76,170.77,1320400,173.968,178.728,,30.436,-2.647,-1.748,-0.899,178.728,185.841,171.616
2021-12-02,172.57,177.38,171.56,175.31,1246500,173.2,178.426,,42.735,-2.527,-1.904,-0.624,178.426,185.58,171.271
2021-12-03,175.52,178.54,175.38,178.15,1424200,173.968,178.402,,48.829,-2.179,-1.959,-0.22,178.402,185.557,171.246
2021-12-06,180.35,182.0,179.1,179.9,820500,174.894,178.337,,52.205,-1.741,-1.915,0.174,178.337,185.409,171.265
2021-12-07,180.28,181.36,179.36,179.67,880200,176.76,178.188,,51.722,-1.397,-1.812,0.415,178.188,184.996,171.379
2021-12-08,180.15,182.76,180.15,181.08,781100,178.822,178.098,,54.501,-0.999,-1.649,0.65,178.098,184.689,171.506
2021-12-09,180.28,182.21,179.09,182.02,938000,180.164,178.124,,56.306,-0.6,-1.439,0.839,178.124,184.779,171.47
2021-12-10,183.14,185.56,181.64,184.73,1038000,181.48,178.388,,61.099,-0.065,-1.164,1.099,178.388,185.654,171.122
2021-12-13,182.88,184.81,182.1,183.43,1017200,182.186,178.502,,57.822,0.251,-0.881,1.132,178.502,186.016,170.987
2021-12-14,184.53,186.2,182.36,183.41,1160300,182.934,178.61,,57.771,0.494,-0.606,1.101,178.61,186.35,170.869
2021-12-15,183.88,186.01,183.3,185.91,781200,183.9,178.948,,62.279,0.879,-0.309,1.188,178.948,187.349,170.546
2021-12-16,186.29,188.47,185.62,185.85,1030100,184.666,179.25,,62.107,1.165,-0.014,1.18,179.25,188.199,170.301
2021-12-17,185.74,186.01,182.26,182.27,2703100,184.174,179.44,,52.777,1.091,0.207,0.884,179.44,188.48,170.399
2021-12-20,181.19,181.55,177.61,179.09,969100,183.306,179.546,181.655,46.145,0.766,0.319,0.448,179.546,188.513,170.579
2021-12-21,180.19,184.12,179.92,183.25,1251800,183.274,179.723,181.662,54.245,0.835,0.422,0.413,179.723,188.842,170.604
2021-12-22,183.38,184.69,183.23,183.67,608500,182.826,179.879,181.666,54.981,0.913,0.52,0.393,179.879,189.163,170.595
2021-12-23,184.65,185.56,183.69,184.51,665800,182.558,180.147,181.69,56.489,1.031,0.622,0.409,180.147,189.649,170.645
2021-12-27,184.85,186.78,184.38,186.71,849200,183.446,180.767,181.725,60.245,1.287,0.755,0.532,180.767,190.284,171.25
2021-12-28,186.14,188.28,186.14,187.2,899400,185.068,181.364,181.718,61.051,1.512,0.907,0.605,181.364,190.925,171.802
2021-12-29,187.29,188.0,185.81,187.4,715700,185.898,182.217,181.741,61.395,1.687,1.063,0.624,182.217,190.61,173.823
2021-12-30,187.23,188.71,186.76,187.08,718600,186.58,183.032,181.721,60.474,1.779,1.206,0.573,183.032,189.743,176.321
2021-12-31,186.88,188.82,185.99,187.92,868400,187.262,183.662,181.722,62.082,1.898,1.344,0.554,183.662,189.649,177.676
2022-01-03,188.4,188.89,185.82,187.01,721500,187.322,184.106,181.711,59.269,1.897,1.455,0.442,184.106,189.671,178.54
2022-01-04,188.46,191.52,187.68,191.15,1129400,188.112,184.668,181.757,66.668,2.205,1.605,0.6,184.668,190.699,178.637
2022-01-05,191.8,193.29,189.33,189.58,876500,188.548,185.164,181.8,62.064,2.296,1.743,0.553,185.164,191.093,179.234
2022-01-06,191.58,192.94,189.42,190.87,864100,189.306,185.653,181.93,64.249,2.444,1.883,0.561,185.653,191.776,179.53
2022-01-07,191.62,192.79,190.8,191.18,1408500,189.958,186.111,182.043,64.774,2.557,2.018,0.539,186.111,192.456,179.766
2022-01-10,191.64,193.54,188.85,189.85,1235300,190.526,186.367,182.188,60.658,2.51,2.116,0.393,186.367,192.888,179.846
2022-01-11,189.85,190.88,188.78,190.72,1021700,190.44,186.731,182.347,62.343,2.514,2.196,0.318,186.731,193.375,180.088
2022-01-12,191.1,191.73,189.87,191.04,968700,190.732,187.113,182.528,62.972,2.514,2.26,0.254,187.113,193.83,180.396
2022-01-13,191.65,193.2,190.73,191.61,766500,190.88,187.398,182.723,64.12,2.531,2.314,0.217,187.398,194.378,180.418
2022-01-14,190.78,193.65,189.93,193.18,1111000,191.28,187.764,182.959,67.143,2.641,2.379,0.261,187.764,195.16,180.369
2022-01-18,192.3,192.63,189.43,191.42,1104800,191.594,188.222,183.215,60.944,2.556,2.415,0.141,188.222,195.312,181.132
2022-01-19,191.39,193.49,190.69,190.69,826800,191.588,188.802,183.405,58.531,2.402,2.412,-0.01,188.802,194.51,183.094
2022-01-20,190.79,193.05,188.99,189.44,933100,191.268,189.112,183.54,54.547,2.155,2.361,-0.206,189.112,194.188,184.035
2022-01-21,189.7,191.18,187.03,187.23,1237200,190.392,189.29,183.627,48.289,1.76,2.241,-0.48,189.29,193.778,184.801
2022-01-24,185.33,188.16,181.89,187.72,1464200,189.3,189.45,183.752,49.668,1.47,2.086,-0.617,189.45,193.419,185.481
2022-01-25,185.83,187.5,182.15,186.71,1765900,188.358,189.45,183.897,46.892,1.145,1.898,-0.753,189.45,193.419,185.481
2022-01-26,185.08,190.5,182.02,185.76,1988400,187.372,189.378,183.989,44.38,0.802,1.679,-0.877,189.378,193.565,185.191
2022-01-27,185.91,191.84,185.91,189.28,2402800,187.34,189.472,184.15,54.176,0.805,1.504,-0.699,189.472,193.555,185.389
2022-01-28,190.22,193.09,186.96,192.92,1500400,188.478,189.764,184.425,61.689,1.088,1.421,-0.333,189.764,193.961,185.567
2022-01-31,190.78,192.74,188.9,192.27,1566400,189.388,189.981,184.675,59.804,1.246,1.386,-0.14,189.981,194.226,185.737
2022-02-01,192.35,193.64,190.14,192.97,1371700,190.64,190.28,184.964,61.18,1.411,1.391,0.02,190.28,194.483,186.076
2022-02-02,192.45,194.4,190.91,194.07,1888600,192.302,190.426,185.307,63.306,1.612,1.435,0.177,190.426,194.947,185.904
2022-02-03,188.41,193.31,188.41,192.33,1380700,192.912,190.563,185.559,57.904,1.612,1.471,0.142,190.563,195.143,185.983
2022-02-04,193.55,196.0,191.07,192.44,1462300,192.816,190.642,185.797,58.147,1.603,1.497,0.106,190.642,195.297,185.986
2022-02-07,193.34,193.93,191.81,192.29,1045400,192.82,190.697,186.06,57.658,1.566,1.511,0.055,190.697,195.405,185.989
2022-02-08,193.41,194.96,192.07,194.41,1064500,193.108,190.925,186.462,62.463,1.688,1.546,0.141,190.925,195.895,185.955
2022-02-09,195.55,195.96,194.45,195.3,1037700,193.354,191.154,186.862,64.295,1.835,1.604,0.231,191.154,196.493,185.815
2022-02-10,193.77,195.62,190.65,191.75,1102200,193.238,191.19,187.29,53.152,1.646,1.612,0.034,191.19,196.534,185.845
2022-02-11,191.85,194.85,191.15,193.78,1206200,193.506,191.298,187.751,57.67,1.641,1.618,0.023,191.298,196.766,185.83
2022-02-14,193.77,194.57,190.39,191.43,1227500,193.334,191.21,188.073,51.48,1.432,1.581,-0.149,191.21,196.607,185.814
2022-02-15,192.16,194.15,191.27,192.88,690100,193.028,191.284,188.368,54.71,1.367,1.538,-0.171,191.284,196.731,185.836
2022-02-16,192.8,195.19,192.65,194.37,814100,192.842,191.468,188.657,57.818,1.419,1.514,-0.095,191.468,197.077,185.858
2022-02-17,193.75,195.4,192.4,194.36,1014300,193.364,191.714,188.951,57.789,1.443,1.5,-0.057,191.714,197.38,186.047
2022-02-18,193.84,198.16,193.84,195.64,1609000,193.736,192.134,189.242,60.489,1.547,1.509,0.038,192.134,197.645,186.623
2022-02-22,199.43,199.52,195.02,196.55,2170000,194.76,192.576,189.533,62.333,1.684,1.544,0.14,192.576,198.012,187.139
2022-02-23,197.67,198.42,195.63,196.05,1744300,195.394,193.043,189.759,60.658,1.732,1.582,0.15,193.043,197.935,188.15
2022-02-24,196.52,198.47,191.65,198.1,2062700,196.14,193.66,190.052,64.832,1.914,1.648,0.265,193.66,197.728,189.591
2022-02-25,198.13,206.87,198.13,206.67,1979400,198.602,194.529,190.518,76.199,2.718,1.862,0.856,194.529,201.235,187.823
2022-02-28,208.13,213.02,207.72,212.53,3284600,201.98,195.51,191.05,80.775,3.784,2.247,1.538,195.51,205.93,185.089
2022-03-01,213.03,214.87,210.4,211.51,2082500,204.972,196.472,191.563,77.965,4.495,2.696,1.799,196.472,208.977,183.966
2022-03-02,213.03,214.52,207.74,213.71,2780300,208.504,197.508,192.192,79.613,5.177,3.192,1.984,197.508,212.063,182.954
2022-03-03,214.64,217.35,214.09,215.87,1875300,212.058,198.598,192.928,81.106,5.824,3.719,2.105,198.598,215.191,182.006
2022-03-04,214.03,222.6,213.08,222.36,3300500,215.196,200.1,193.71,84.727,6.782,4.331,2.451,200.1,219.502,180.698
2022-03-07,222.56,231.15,222.53,224.17,4791800,217.524,201.686,194.52,85.558,7.6,4.985,2.615,201.686,223.491,179.882
2022-03-08,224.25,224.69,213.26,213.31,2769800,217.884,202.738,195.096,63.3,7.288,5.446,1.842,202.738,224.661,180.814
2022-03-09,213.01,216.13,209.97,214.67,2425400,218.076,203.75,195.655,64.544,7.069,5.77,1.299,203.75,225.925,181.576
2022-03-10,213.93,216.48,212.43,213.5,1576800,217.602,204.66,196.181,62.578,6.723,5.961,0.762,204.66,226.869,182.452
2022-03-11,213.76,216.61,210.66,210.75,1804900,215.28,205.61,196.648,58.101,6.157,6.0,0.157,205.61,227.107,184.114
2022-03-14,212.44,213.57,208.92,211.97,1379600,212.84,206.52,197.146,59.486,5.74,5.948,-0.208,206.52,227.441,185.599
2022-03-15,213.44,216.12,211.6,215.41,1145800,213.26,207.719,197.696,63.181,5.622,5.883,-0.261,207.719,227.727,187.711
2022-03-16,212.52,214.27,203.4,206.4,2457600,211.606,208.395,198.083,50.252,4.747,5.656,-0.908,208.395,227.168,189.622
2022-03-17,208.9,210.69,206.46,208.96,1712500,210.698,209.124,198.44,53.183,4.212,5.367,-1.155,209.124,226.698,191.551
2022-03-18,209.07,209.51,207.22,208.71,2605200,210.29,209.842,198.822,52.856,3.725,5.039,-1.314,209.842,225.991,193.693
2022-03-21,209.4,216.19,209.39,214.0,1566400,210.696,210.76,199.285,58.658,3.722,4.775,-1.053,210.76,225.539,195.981
2022-03-22,214.07,215.64,212.21,215.6,1157800,210.734,211.712,199.773,60.252,3.806,4.581,-0.776,211.712,225.018,198.407
2022-03-23,216.38,219.07,215.96,217.28,1370400,212.91,212.774,200.322,61.912,3.962,4.457,-0.496,212.774,224.051,201.497
2022-03-24,217.56,220.61,216.78,218.47,1179400,214.812,213.793,200.877,63.088,4.134,4.393,-0.259,213.793,222.974,204.611
2022-03-25,218.32,221.59,217.89,221.52,1127200,217.374,214.535,201.486,65.986,4.465,4.407,0.058,214.535,223.693,205.377
2022-03-28,219.85,220.34,217.09,218.37,1247100,218.248,214.827,202.022,60.686,4.422,4.41,0.012,214.827,224.088,205.566
2022-03-29,215.14,218.64,212.24,218.55,1643500,218.838,215.179,202.529,60.879,4.352,4.398,-0.046,215.179,224.444,205.914
2022-03-30,219.38,222.67,219.38,221.48,1377800,219.678,215.567,203.13,63.985,4.482,4.415,0.067,215.567,225.217,205.918
2022-03-31,219.5,222.61,218.61,218.63,1316100,219.71,215.705,203.689,59.073,4.305,4.393,-0.088,215.705,225.451,205.96
2022-04-01,218.62,220.5,216.85,219.84,1004800,219.374,215.58,204.297,60.461,4.214,4.357,-0.143,215.58,225.024,206.135
2022-04-04,219.82,219.84,214.81,216.86,1158500,219.072,215.214,204.89,55.471,3.857,4.257,-0.4,215.214,223.784,206.644
2022-04-05,216.3,219.99,216.3,216.79,1207300,218.72,215.388,205.471,55.356,3.527,4.111,-0.584,215.388,223.936,206.84
2022-04-06,216.68,219.42,216.43,218.25,1399800,218.074,215.567,206.102,57.351,3.345,3.958,-0.612,215.567,224.201,206.933
2022-04-07,218.16,223.02,216.74,222.0,1266200,218.748,215.992,206.827,62.044,3.464,3.859,-0.395,215.992,225.026,206.958
2022-04-08,223.19,224.29,220.17,220.57,1081400,218.894,216.483,207.452,59.362,3.403,3.768,-0.365,216.483,225.383,207.583
2022-04-11,222.63,225.0,220.3,221.94,1390400,219.91,216.982,208.033,61.097,3.426,3.7,-0.273,216.982,225.934,208.029
2022-04-12,221.72,224.19,220.62,222.19,754600,220.99,217.32,208.631,61.421,3.425,3.645,-0.219,217.32,226.532,208.109
2022-04-13,223.23,224.77,221.02,222.09,751500,221.758,218.105,209.214,61.201,3.378,3.591,-0.214,218.105,225.976,210.234
2022-04-14,223.08,224.15,221.44,222.12,957500,221.782,218.763,209.775,61.246,3.304,3.534,-0.23,218.763,225.539,211.987
2022-04-18,221.82,226.66,221.71,222.22,1022400,222.112,219.439,210.372,61.406,3.217,3.47,-0.254,219.439,224.462,214.415
2022-04-19,222.43,225.21,221.51,224.71,1182700,222.666,219.974,211.018,65.246,3.31,3.438,-0.128,219.974,224.837,215.111
2022-04-20,225.36,227.54,224.25,225.71,862400,223.37,220.48,211.686,66.68,3.426,3.436,-0.01,220.48,225.527,215.432
2022-04-21,226.0,226.23,220.32,220.58,1265000,223.068,220.645,212.21,54.302,3.068,3.362,-0.295,220.645,225.462,215.827
2022-04-22,219.76,220.92,217.39,217.6,1076400,222.164,220.601,212.656,48.652,2.515,3.193,-0.678,220.601,225.516,215.686
2022-04-25,217.81,218.5,214.01,217.96,1525100,221.312,220.423,213.18,49.338,2.081,2.97,-0.889,220.423,225.454,215.392
2022-04-26,217.46,220.18,215.91,215.91,1297000,219.552,220.3,213.622,45.603,1.555,2.687,-1.133,220.3,225.652,214.948
2022-04-27,216.57,225.09,216.07,218.69,2282000,218.148,220.307,214.168,51.018,1.346,2.419,-1.073,220.307,225.65,214.964
2022-04-28,220.92,221.7,218.11,219.8,1443600,217.992,220.223,214.706,53.029,1.256,2.186,-0.931,220.223,225.541,214.905
2022-04-29,219.62,220.53,215.05,215.55,1839600,217.582,220.069,215.13,45.353,0.832,1.915,-1.084,220.069,225.747,214.391
2022-05-02,215.55,217.4,209.99,212.56,1776700,216.502,219.705,215.494,40.87,0.251,1.583,-1.331,219.705,226.304,213.106
2022-05-03,213.78,215.7,211.77,212.67,1829800,215.854,219.496,215.834,41.101,-0.197,1.227,-1.424,219.496,226.712,212.279
2022-05-04,213.23,221.77,211.52,221.37,1914600,216.39,219.724,216.331,55.789,0.148,1.011,-0.863,219.724,226.87,212.579
2022-05-05,220.95,222.49,216.88,218.01,2174300,216.032,219.712,216.77,50.546,0.148,0.838,-0.69,219.712,226.869,212.556
2022-05-06,217.25,219.55,215.06,218.34,1329700,216.59,219.53,217.175,51.033,0.173,0.705,-0.532,219.53,226.627,212.432
2022-05-09,216.87,217.15,208.2,209.02,1915600,215.882,218.952,217.222,39.276,-0.553,0.454,-1.007,218.952,227.437,210.467
2022-05-10,209.59,213.09,206.65,208.96,1748800,215.14,218.303,217.15,39.214,-1.12,0.139,-1.259,218.303,227.756,208.85
2022-05-11,208.99,211.85,206.03,206.81,1830800,212.228,217.534,217.056,36.941,-1.723,-0.234,-1.49,217.534,228.093,206.975
2022-05-12,205.97,207.76,199.96,203.66,2121700,209.358,216.612,216.855,33.845,-2.428,-0.672,-1.755,216.612,228.615,204.61
2022-05-13,205.07,207.13,203.09,206.23,1557800,206.936,215.818,216.662,38.382,-2.747,-1.087,-1.659,215.818,228.377,203.259
2022-05-16,206.6,208.09,205.27,207.59,1237300,206.65,215.086,216.367,40.699,-2.857,-1.441,-1.416,215.086,227.779,202.394
2022-05-17,208.91,211.79,206.71,211.07,1084700,207.072,214.404,216.105,46.269,-2.633,-1.68,-0.953,214.404,226.364,202.445
2022-05-18,210.07,211.64,205.45,205.93,1929200,206.896,213.415,215.957,40.255,-2.838,-1.911,-0.926,213.415,224.691,202.14
2022-05-19,204.04,204.48,197.44,198.46,2108500,205.856,212.31,215.633,33.451,-3.562,-2.241,-1.32,212.31,224.89,199.729
2022-05-20,199.01,199.19,191.54,194.56,1985800,203.522,211.157,215.254,30.548,-4.399,-2.673,-1.726,211.157,225.756,196.559
2022-05-23,196.1,198.46,195.74,197.47,1812500,201.498,210.133,214.989,35.075,-4.773,-3.093,-1.68,210.133,225.573,194.693
2022-05-24,197.01,201.38,196.62,200.32,1480500,199.348,209.354,214.756,39.252,-4.785,-3.431,-1.353,209.354,225.135,193.572
2022-05-25,200.28,201.49,198.29,200.53,1498700,198.268,208.445,214.458,39.561,-4.722,-3.689,-1.033,208.445,224.054,192.837
2022-05-26,202.06,204.17,201.14,201.63,1477300,198.902,207.537,214.363,41.245,-4.532,-3.858,-0.674,207.537,222.463,192.611
2022-05-27,202.9,206.53,202.42,206.41,1403900,201.272,207.08,214.312,48.02,-3.949,-3.876,-0.073,207.08,221.525,192.635
2022-05-31,204.35,206.19,203.58,204.96,1637300,202.77,206.7,214.237,46.277,-3.564,-3.814,0.25,206.7,220.937,192.463
2022-06-01,206.94,207.77,204.33,206.15,1204000,203.936,206.374,214.08,47.947,-3.126,-3.676,0.55,206.374,220.331,192.417
2022-06-02,208.38,210.27,203.98,209.08,1101700,205.646,205.759,213.949,51.911,-2.514,-3.444,0.93,205.759,217.901,193.618
2022-06-03,208.13,211.27,208.13,209.71,1410400,207.262,205.344,213.798,52.745,-1.956,-3.146,1.191,205.344,216.224,194.465
2022-06-06,210.81,211.79,209.12,209.5,956900,207.88,204.902,213.619,52.418,-1.513,-2.82,1.307,204.902,214.156,195.649
2022-06-07,208.56,214.9,207.91,214.68,1341400,209.824,205.186,213.482,59.13,-0.735,-2.403,1.668,205.186,215.278,195.093
2022-06-08,212.78,213.54,210.3,210.83,1024600,210.76,205.279,213.331,53.131,-0.424,-2.007,1.583,205.279,215.551,195.007
2022-06-09,210.26,211.05,206.65,206.76,823200,210.296,205.276,213.095,47.63,-0.501,-1.706,1.205,205.276,215.547,195.006
2022-06-10,204.54,206.96,203.12,204.7,1351900,209.294,205.328,212.76,45.086,-0.72,-1.509,0.789,205.328,215.575,195.082
2022-06-13,201.31,201.99,197.44,198.23,1288500,207.04,204.928,212.352,38.186,-1.399,-1.487,0.088,204.928,215.641,194.216
2022-06-14,198.99,199.45,195.34,196.75,1182400,203.454,204.386,211.89,36.798,-2.033,-1.596,-0.437,204.386,215.617,193.156
2022-06-15,197.93,201.13,196.22,198.59,1276500,201.006,203.762,211.524,39.73,-2.36,-1.749,-0.611,203.762,214.815,192.71
2022-06-16,195.66,196.54,192.55,193.09,1338600,198.272,203.12,211.05,34.568,-3.028,-2.005,-1.023,203.12,215.096,191.145
2022-06-17,193.38,194.46,189.66,191.17,3063800,195.566,202.756,210.509,32.958,-3.67,-2.338,-1.332,202.756,215.73,189.782
2022-06-21,192.79,199.09,192.79,197.34,1233400,195.388,202.895,210.016,42.263,-3.639,-2.598,-1.041,202.895,215.555,190.235
2022-06-22,194.43,199.49,193.98,196.85,1129400,195.408,202.864,209.541,41.768,-3.612,-2.801,-0.812,202.864,215.583,190.145
2022-06-23,197.06,198.52,194.97,197.38,1181200,195.166,202.717,209.05,42.553,-3.508,-2.942,-0.566,202.717,215.627,189.807
2022-06-24,198.14,202.97,197.67,202.6,1675600,197.068,202.82,208.658,49.739,-2.97,-2.948,-0.022,202.82,215.689,189.952
2022-06-27,203.28,206.18,202.38,203.67,1277100,199.568,202.922,208.29,51.09,-2.429,-2.844,0.415,202.922,215.784,190.061
2022-06-28,204.84,207.77,200.53,200.93,1616900,200.286,202.648,207.866,47.565,-2.196,-2.715,0.518,202.648,215.43,189.867
2022-06-29,202.0,202.3,199.53,199.83,1235600,200.882,202.392,207.418,46.187,-2.077,-2.587,0.51,202.392,215.185,189.599
2022-06-30,198.74,203.83,197.65,202.79,1343300,201.964,202.224,206.98,50.354,-1.723,-2.414,0.691,202.224,214.896,189.552
2022-07-01,202.78,205.75,201.4,205.18,705800,202.48,202.029,206.569,53.486,-1.236,-2.178,0.943,202.029,214.373,189.685
2022-07-05,201.83,202.59,192.33,196.63,1613100,201.072,201.375,206.09,43.028,-1.522,-2.047,0.525,201.375,213.387,189.363
2022-07-06,196.21,202.29,196.21,201.24,1095400,201.134,200.962,205.763,48.837,-1.361,-1.91,0.549,200.962,212.35,189.574
2022-07-07,202.15,203.42,201.0,202.17,951100,201.602,200.336,205.447,49.946,-1.145,-1.757,0.612,200.336,209.756,190.917
2022-07-08,202.81,203.61,200.37,202.66,1118600,201.576,199.928,205.182,50.554,-0.924,-1.59,0.666,199.928,208.05,191.806
2022-07-11,201.35,203.35,200.54,201.41,652200,200.822,199.66,204.837,48.921,-0.84,-1.44,0.6,199.66,207.164,192.157
2022-07-12,201.57,202.56,198.1,198.55,744600,201.206,199.353,204.412,45.315,-0.993,-1.351,0.358,199.353,206.482,192.224
2022-07-13,195.8,198.27,195.44,195.58,850100,200.074,199.22,204.012,41.865,-1.338,-1.348,0.01,199.22,206.533,191.908
2022-07-14,192.42,193.31,190.11,192.89,1044400,198.218,199.028,203.619,38.97,-1.808,-1.44,-0.368,199.028,206.804,191.251
2022-07-15,195.33,195.33,192.48,195.01,857600,196.688,198.848,203.266,42.353,-1.986,-1.549,-0.437,198.848,206.83,190.867
2022-07-18,196.11,197.06,191.36,192.28,1040100,194.862,198.808,202.684,39.33,-2.321,-1.704,-0.617,198.808,206.919,190.697
2022-07-19,192.2,197.33,191.56,196.76,906000,194.504,199.088,202.259,46.126,-2.2,-1.803,-0.397,199.088,206.44,191.735
2022-07-20,196.58,199.57,194.93,198.63,1030300,195.114,199.152,201.865,48.709,-1.93,-1.828,-0.102,199.152,206.463,191.841
2022-07-21,197.86,198.9,196.66,198.79,611400,196.294,199.249,201.66,48.934,-1.684,-1.8,0.115,199.249,206.482,192.016
2022-07-22,199.59,201.8,198.05,198.67,834200,197.026,199.314,201.454,48.761,-1.482,-1.736,0.254,199.314,206.499,192.128
2022-07-25,198.84,201.91,198.84,200.54,745100,198.678,199.21,201.329,51.634,-1.158,-1.62,0.463,199.21,206.256,192.165
2022-07-26,201.05,201.31,199.0,199.47,1038100,199.22,199.0,201.245,49.91,-0.976,-1.491,0.516,199.0,205.729,192.272
2022-07-27,201.14,203.7,196.87,201.5,1156000,199.794,199.029,201.15,53.109,-0.66,-1.325,0.665,199.029,205.797,192.261
2022-07-28,200.74,205.18,199.26,205.12,1032300,201.06,199.294,201.101,58.233,-0.116,-1.083,0.967,199.294,206.586,192.001
2022-07-29,204.87,208.47,204.75,207.75,1230100,202.876,199.541,201.035,61.523,0.521,-0.763,1.283,199.541,207.629,191.454
2022-08-01,207.64,209.08,205.85,207.3,1086300,204.228,199.647,201.062,60.642,0.978,-0.414,1.392,199.647,208.094,191.201
2022-08-02,208.31,210.51,205.32,208.09,1007300,205.952,200.22,201.255,61.679,1.388,-0.054,1.442,200.22,209.334,191.107
2022-08-03,208.21,212.41,205.2,211.42,1226500,207.936,200.73,201.592,65.77,1.959,0.349,1.611,200.73,211.129,190.33
2022-08-04,212.02,213.41,209.75,210.04,895100,208.92,201.123,201.843,62.779,2.274,0.734,1.541,201.123,212.317,189.929
2022-08-05,209.88,210.3,207.02,209.67,699600,209.304,201.474,202.03,61.965,2.466,1.08,1.386,201.474,213.292,189.655
2022-08-08,211.14,211.2,205.97,206.95,961600,209.234,201.751,202.159,56.198,2.371,1.338,1.032,201.751,213.819,189.682
2022-08-09,208.03,209.15,207.25,208.62,878400,209.34,202.254,202.298,58.737,2.402,1.551,0.851,202.254,214.598,189.91
2022-08-10,209.9,211.62,209.48,211.23,877000,209.302,203.036,202.395,62.405,2.608,1.763,0.846,203.036,215.581,190.492
2022-08-11,211.55,212.63,210.62,212.47,1447800,209.788,204.016,202.545,64.041,2.838,1.978,0.861,204.016,216.279,191.752
2022-08-12,212.64,218.23,212.64,218.09,1409200,211.472,205.17,202.784,70.339,3.435,2.269,1.166,205.17,218.186,192.153
2022-08-15,216.95,221.98,216.01,221.12,1469400,214.306,206.611,203.025,73.077,4.105,2.636,1.468,206.611,220.0,193.223
2022-08-16,221.12,222.25,220.62,221.33,807700,216.848,207.84,203.257,73.261,4.599,3.029,1.571,207.84,221.914,193.766
2022-08-17,219.64,223.13,219.19,222.44,860900,219.09,209.03,203.516,74.264,5.023,3.428,1.595,209.03,223.833,194.228
2022-08-18,223.33,223.71,222.02,223.35,1026100,221.266,210.258,203.689,75.088,5.371,3.816,1.554,210.258,225.551,194.966
2022-08-19,222.78,222.94,221.01,221.5,724800,221.948,211.4,203.903,70.167,5.434,4.14,1.294,211.4,226.457,196.343
2022-08-22,219.34,219.89,214.74,214.92,841500,220.708,212.119,204.066,56.085,4.897,4.291,0.606,212.119,226.343,197.895
2022-08-23,214.74,215.85,213.61,214.47,864700,219.336,212.869,204.261,55.269,4.384,4.31,0.074,212.869,225.808,199.93
2022-08-24,215.26,215.64,213.42,214.92,783800,217.832,213.54,204.595,55.959,3.969,4.242,-0.273,213.54,225.338,201.742
2022-08-25,215.39,218.28,214.84,218.15,551000,216.792,214.192,205.023,60.656,3.855,4.164,-0.309,214.192,225.459,202.924
2022-08-26,219.15,219.15,212.97,213.18,665400,215.128,214.463,205.315,51.547,3.326,3.997,-0.67,214.463,225.332,203.594
2022-08-29,211.7,215.35,210.82,214.2,680300,214.984,214.808,205.737,53.103,2.955,3.788,-0.833,214.808,225.145,204.471
2022-08-30,214.44,214.9,211.23,211.83,659100,214.456,214.995,206.15,49.152,2.442,3.519,-1.077,214.995,224.948,205.042
2022-08-31,211.93,213.26,209.63,209.83,1037800,213.438,214.915,206.4,46.039,1.852,3.186,-1.334,214.915,225.013,204.818
2022-09-01,209.71,209.79,204.86,206.56,1782300,211.12,214.742,206.594,41.42,1.108,2.77,-1.662,214.742,225.302,204.181
2022-09-02,208.33,210.46,205.59,206.11,930900,209.706,214.564,206.769,40.813,0.477,2.312,-1.835,214.564,225.594,203.533
2022-09-06,206.35,208.51,204.99,205.81,926400,208.028,214.507,206.833,40.388,-0.047,1.84,-1.887,214.507,225.713,203.3
2022-09-07,204.88,208.85,203.92,208.73,660800,207.408,214.512,206.934,46.253,-0.224,1.427,-1.651,214.512,225.706,203.318
2022-09-08,207.75,209.06,206.74,208.69,720800,207.18,214.385,207.089,46.186,-0.364,1.069,-1.433,214.385,225.792,202.978
2022-09-09,209.58,212.97,208.67,212.28,994600,208.324,214.376,207.338,52.797,-0.182,0.819,-1.001,214.376,225.789,202.962
2022-09-12,212.79,217.6,211.66,215.79,1559700,210.26,214.26,207.598,58.204,0.242,0.703,-0.461,214.26,225.562,202.959
2022-09-13,212.71,214.14,208.11,208.95,1367700,210.888,213.652,207.674,46.924,0.026,0.568,-0.542,213.652,224.707,202.597
2022-09-14,209.51,213.01,208.54,211.47,1057500,211.436,213.159,207.971,50.714,0.057,0.466,-0.409,213.159,223.636,202.682
2022-09-15,211.14,211.38,208.4,209.39,983800,211.576,212.507,208.134,47.687,-0.085,0.355,-0.44,212.507,222.142,202.871
2022-09-16,207.61,210.16,206.54,208.47,3317900,210.814,211.762,208.26,46.369,-0.269,0.231,-0.499,211.762,220.08,203.445
2022-09-19,206.96,210.12,206.96,209.92,830800,209.64,211.184,208.405,48.773,-0.294,0.126,-0.419,211.184,218.149,204.218
2022-09-20,209.11,210.74,206.42,209.99,934100,209.848,210.937,208.576,48.892,-0.304,0.04,-0.344,210.937,217.692,204.182
2022-09-21,213.48,216.36,209.16,209.16,983100,209.386,210.672,208.789,47.482,-0.376,-0.043,-0.332,210.672,217.257,204.086
2022-09-22,209.7,211.29,207.5,209.06,844600,209.32,210.378,209.058,47.305,-0.435,-0.122,-0.313,210.378,216.684,204.073
2022-09-23,206.97,207.18,200.74,203.38,920300,208.302,209.64,209.268,38.524,-0.93,-0.283,-0.647,209.64,215.561,203.719
2022-09-26,202.85,205.35,200.93,202.03,797400,206.724,209.082,209.408,36.777,-1.415,-0.51,-0.905,209.082,215.663,202.502
2022-09-27,203.87,204.37,199.4,200.42,741700,204.81,208.394,209.571,34.753,-1.907,-0.789,-1.118,208.394,215.576,201.211
2022-09-28,200.05,203.39,197.81,202.05,952800,203.388,207.904,209.677,38.447,-2.14,-1.059,-1.081,207.904,215.425,200.384
2022-09-29,201.55,201.81,194.87,196.54,987300,200.884,207.24,209.635,31.877,-2.739,-1.395,-1.344,207.24,216.246,198.234
2022-09-30,195.44,197.53,194.34,194.46,1208800,199.1,206.635,209.549,29.806,-3.342,-1.785,-1.558,206.635,217.306,195.964
2022-10-03,196.96,202.86,196.42,202.13,1139900,199.12,206.436,209.618,44.2,-3.165,-2.061,-1.104,206.436,217.295,195.577
2022-10-04,203.52,207.99,203.52,207.73,801300,200.582,206.532,209.762,51.948,-2.543,-2.157,-0.386,206.532,217.401,195.663
2022-10-05,206.67,209.76,205.69,207.76,984900,201.724,206.484,209.927,51.987,-2.025,-2.131,0.106,206.484,217.32,195.647
2022-10-06,207.36,208.39,205.71,205.91,929800,203.598,206.344,210.016,49.363,-1.743,-2.053,0.31,206.344,217.133,195.556
2022-10-07,205.2,206.56,203.54,206.16,1226900,205.938,206.038,210.036,49.732,-1.483,-1.939,0.456,206.038,216.459,195.618
2022-10-10,208.48,210.8,205.55,207.75,759800,207.062,205.636,210.036,52.123,-1.135,-1.778,0.643,205.636,215.044,196.229
2022-10-11,208.83,212.48,208.33,209.9,1138300,207.496,205.684,210.088,55.225,-0.678,-1.558,0.88,205.684,215.171,196.197
2022-10-12,208.51,209.22,205.81,205.83,833300,207.11,205.402,210.043,48.782,-0.637,-1.374,0.737,205.402,214.492,196.312
2022-10-13,203.17,211.94,202.54,211.18,792300,208.164,205.492,210.038,56.042,-0.171,-1.134,0.963,205.492,214.78,196.203
2022-10-14,211.98,211.98,203.63,203.85,1039600,207.702,205.26,209.915,46.349,-0.389,-0.985,0.596,205.26,214.467,196.054
2022-10-17,206.77,211.84,206.77,210.91,1082900,208.334,205.31,209.939,54.51,0.009,-0.786,0.795,205.31,214.632,195.988
2022-10-18,214.29,219.85,213.66,218.88,1204500,210.13,205.754,210.178,61.609,0.956,-0.438,1.393,205.754,216.719,194.79
2022-10-19,219.19,222.59,217.75,220.62,1158900,213.088,206.328,210.418,62.968,1.825,0.015,1.81,206.328,219.091,193.564
2022-10-20,221.2,222.14,217.39,218.84,1184100,214.62,206.816,210.57,60.605,2.344,0.481,1.863,206.816,220.72,192.913
2022-10-21,218.3,224.55,217.82,223.6,1365900,218.57,207.828,210.793,64.448,3.103,1.005,2.098,207.828,223.506,192.149
2022-10-24,225.51,227.11,224.21,224.71,955200,221.33,208.961,210.925,65.298,3.751,1.555,2.197,208.961,226.088,191.835
2022-10-25,224.08,227.18,223.09,226.5,1283000,222.854,210.266,211.033,66.681,4.359,2.115,2.244,210.266,228.584,191.947
2022-10-26,228.11,229.31,223.79,226.45,1389200,224.02,211.486,211.135,66.601,4.782,2.649,2.133,211.486,230.727,192.244
2022-10-27,227.96,229.74,226.79,228.57,1140300,225.966,213.087,211.258,68.333,5.228,3.164,2.063,213.087,232.422,193.752
2022-10-28,227.93,232.45,226.18,231.08,1526900,227.462,214.918,211.412,70.297,5.717,3.675,2.042,214.918,233.755,196.081
2022-10-31,229.34,231.21,228.02,230.23,1480900,228.566,216.323,211.587,68.742,5.968,4.134,1.834,216.323,235.335,197.311
2022-11-01,230.92,231.77,229.68,230.33,1005300,229.332,217.453,211.895,68.83,6.105,4.528,1.577,217.453,236.994,197.912
2022-11-02,229.5,231.48,226.69,227.07,1419800,229.456,218.418,212.147,62.68,5.882,4.799,1.083,218.418,237.851,198.986
2022-11-03,224.29,232.13,223.98,229.44,1307900,229.63,219.595,212.438,65.12,5.829,5.005,0.825,219.595,238.685,200.505
2022-11-04,230.59,232.89,225.81,229.83,1385000,229.38,220.779,212.671,65.52,5.753,5.154,0.599,220.779,239.287,202.27
2022-11-07,230.3,232.1,228.74,231.87,846900,229.708,221.985,213.045,67.609,5.79,5.282,0.509,221.985,240.057,203.912
2022-11-08,232.11,233.74,230.8,232.76,883400,230.194,223.128,213.416,68.506,5.825,5.39,0.434,223.128,240.871,205.384
2022-11-09,232.57,233.12,229.91,229.98,599000,230.776,224.335,213.779,62.669,5.563,5.425,0.138,224.335,240.322,208.348
2022-11-10,234.09,234.47,230.07,233.62,1150600,231.612,225.457,214.255,66.673,5.585,5.457,0.129,225.457,240.688,210.226
2022-11-11,231.97,232.04,223.74,224.09,1395200,230.464,226.469,214.606,51.193,4.779,5.321,-0.542,226.469,237.861,215.077
2022-11-14,224.75,227.62,223.77,223.8,1461200,228.85,227.114,214.959,50.806,4.07,5.071,-1.001,227.114,235.978,218.249
2022-11-15,225.22,227.93,223.33,226.86,1223200,227.67,227.512,215.38,54.694,3.711,4.799,-1.088,227.512,235.49,219.535
2022-11-16,226.86,227.87,225.08,225.69,709000,226.812,227.766,215.72,52.97,3.295,4.498,-1.203,227.766,235.119,220.413
2022-11-17,223.97,227.48,223.52,227.21,668200,225.53,228.184,216.09,54.956,3.053,4.209,-1.156,228.184,234.237,222.132
2022-11-18,228.46,230.74,227.99,228.78,1020100,226.468,228.444,216.42,56.977,2.953,3.958,-1.005,228.444,234.1,222.787
2022-11-21,228.06,232.34,228.06,230.95,802400,227.898,228.755,216.723,59.671,3.015,3.769,-0.754,228.755,234.23,223.281
2022-11-22,232.79,233.37,231.35,231.82,730000,228.89,229.021,217.181,60.732,3.098,3.635,-0.537,229.021,234.552,223.491
2022-11-23,231.51,233.39,231.42,232.53,941200,230.258,229.326,217.602,61.62,3.185,3.545,-0.36,229.326,234.928,223.723
2022-11-25,233.62,234.09,232.68,233.89,368400,231.594,229.592,218.092,63.33,3.325,3.501,-0.176,229.592,235.538,223.645
2022-11-28,232.53,233.68,230.28,230.87,656400,232.012,229.581,218.54,57.232,3.156,3.432,-0.276,229.581,235.517,223.645
2022-11-29,231.08,232.03,230.34,231.54,598300,232.13,229.646,218.972,58.193,3.041,3.354,-0.313,229.646,235.641,223.652
2022-11-30,230.59,232.78,228.05,232.62,1907200,232.29,229.761,219.425,59.764,3.002,3.283,-0.281,229.761,235.897,223.625
2022-12-01,233.36,233.7,230.76,232.51,833900,232.286,230.033,219.892,59.519,2.929,3.213,-0.284,230.033,236.149,223.917
2022-12-02,231.01,236.74,230.95,235.71,1059000,232.65,230.346,220.425,64.131,3.093,3.189,-0.095,230.346,236.957,223.736
2022-12-05,232.83,234.21,230.92,231.26,966900,232.728,230.418,220.982,54.784,2.832,3.117,-0.285,230.418,237.036,223.8
2022-12-06,231.59,231.77,227.2,228.83,847600,232.186,230.266,221.518,50.458,2.401,2.974,-0.573,230.266,236.883,223.649
2022-12-07,228.56,229.52,225.94,226.92,898600,231.046,229.974,222.048,47.298,1.884,2.756,-0.872,229.974,236.643,223.305
2022-12-08,228.95,229.59,227.24,228.28,768900,230.2,229.889,222.573,49.713,1.566,2.518,-0.952,229.889,236.601,223.177
2022-12-09,227.9,229.86,227.19,227.69,748200,228.596,229.593,223.196,48.671,1.251,2.265,-1.013,229.593,236.132,223.053
2022-12-12,228.45,230.1,227.07,230.07,765300,228.358,229.892,223.908,52.955,1.181,2.048,-0.867,229.892,235.897,223.886
2022-12-13,233.18,234.05,228.11,229.25,993400,228.442,230.164,224.451,51.365,1.046,1.848,-0.801,230.164,235.458,224.87
2022-12-14,229.5,232.1,228.34,229.51,768900,228.96,230.296,224.886,51.858,0.95,1.668,-0.718,230.296,235.37,225.223
2022-12-15,228.46,229.37,222.97,225.94,914800,228.492,230.309,225.25,45.089,0.579,1.45,-0.871,230.309,235.336,225.282
2022-12-16,225.24,227.91,223.67,226.86,2123200,228.326,230.291,225.669,47.009,0.355,1.231,-0.876,230.291,235.366,225.217
2022-12-19,226.73,230.31,224.56,225.16,1134900,227.344,230.11,226.049,43.951,0.04,0.993,-0.953,230.11,235.649,224.572
2022-12-20,225.22,229.81,224.89,227.3,848500,226.954,229.928,226.44,48.493,-0.037,0.787,-0.824,229.928,235.589,224.267
2022-12-21,228.7,230.86,227.59,230.39,701000,227.13,229.856,226.85,54.257,0.15,0.66,-0.509,229.856,235.453,224.26
2022-12-22,229.03,230.42,223.54,227.27,612600,227.396,229.594,227.278,48.371,0.046,0.537,-0.491,229.594,235.155,224.032
2022-12-23,227.27,229.12,226.8,228.48,581600,227.72,229.323,227.624,50.609,0.06,0.442,-0.381,229.323,234.519,224.127
2022-12-27,229.72,230.22,228.43,229.26,590800,228.54,229.242,228.133,52.052,0.133,0.38,-0.247,229.242,234.387,224.098
2022-12-28,229.72,230.42,227.58,227.62,384600,228.604,229.046,228.467,48.822,0.058,0.316,-0.258,229.046,234.121,223.972
2022-12-29,228.14,230.69,227.45,229.71,458000,228.468,228.901,228.683,52.838,0.165,0.285,-0.12,228.901,233.704,224.098
2022-12-30,229.18,230.12,225.52,228.68,725300,228.75,228.71,228.845,50.725,0.165,0.261,-0.097,228.71,233.202,224.217
2023-01-03,228.44,229.87,227.03,229.13,777900,228.88,228.381,229.05,51.635,0.199,0.249,-0.05,228.381,231.454,225.307
2023-01-04,228.1,229.27,223.93,226.01,1076700,228.23,228.118,229.099,45.379,-0.026,0.194,-0.22,228.118,231.049,225.187
2023-01-05,225.39,227.16,224.69,225.46,945800,227.798,227.95,229.114,44.359,-0.245,0.106,-0.351,227.95,231.088,224.811
2023-01-06,227.95,232.21,225.81,228.8,1074800,227.616,228.044,229.16,51.492,-0.148,0.055,-0.203,228.044,231.165,224.922
2023-01-09,229.08,230.07,225.39,226.0,1571500,227.08,227.93,229.151,46.151,-0.294,-0.015,-0.279,227.93,231.179,224.68
2023-01-10,226.95,229.42,226.47,228.15,1274200,226.884,227.953,229.142,50.405,-0.233,-0.058,-0.175,227.953,231.201,224.704
2023-01-11,229.15,229.5,225.58,229.21,856300,227.524,227.91,229.105,52.401,-0.098,-0.066,-0.032,227.91,231.061,224.758
2023-01-12,229.35,230.66,227.83,228.3,685500,228.092,227.862,229.066,50.521,-0.064,-0.066,0.002,227.862,230.957,224.767
2023-01-13,224.87,226.11,220.18,221.47,1459600,226.626,227.46,228.889,39.163,-0.581,-0.169,-0.412,227.46,231.574,223.346
2023-01-17,221.98,223.8,221.11,222.25,1339000,225.876,227.276,228.793,40.8,-0.918,-0.319,-0.599,227.276,231.967,222.584
2023-01-18,222.31,223.04,218.21,218.44,1697900,223.934,226.854,228.573,35.741,-1.475,-0.55,-0.925,226.854,232.992,220.717
2023-01-19,218.51,219.58,214.49,214.55,1200400,221.002,226.324,228.267,31.453,-2.205,-0.881,-1.324,226.324,234.555,218.093
2023-01-20,215.07,215.7,211.5,215.7,1499900,218.482,225.744,227.944,33.975,-2.66,-1.237,-1.423,225.744,235.225,216.263
2023-01-23,215.7,216.99,214.56,215.39,1264500,217.266,224.994,227.596,33.616,-3.011,-1.591,-1.419,224.994,235.268,214.72
2023-01-24,216.18,218.42,213.57,218.17,1443500,216.45,224.539,227.36,39.763,-3.029,-1.879,-1.151,224.539,235.188,213.89
2023-01-25,208.35,212.31,204.16,210.23,2727600,214.808,223.627,226.892,30.948,-3.643,-2.232,-1.411,223.627,235.863,211.39
2023-01-26,210.34,213.06,207.01,211.37,1429800,214.172,222.732,226.638,33.237,-3.991,-2.584,-1.408,222.732,235.82,209.644
2023-01-27,210.67,212.31,209.43,210.79,1324300,213.19,221.891,226.378,32.644,-4.265,-2.92,-1.345,221.891,235.794,207.987
2023-01-30,211.87,213.21,209.75,211.33,1138000,212.378,220.972,226.067,33.827,-4.388,-3.214,-1.174,220.972,235.126,206.817
2023-01-31,212.15,216.08,211.12,215.95,1303100,211.934,220.335,225.872,43.046,-4.065,-3.384,-0.682,220.335,234.172,206.498
2023-02-01,214.23,215.74,211.77,213.53,1137700,212.594,219.555,225.599,39.91,-3.96,-3.499,-0.461,219.555,233.059,206.051
2023-02-02,211.55,215.49,210.86,214.42,1541100,213.204,218.976,225.311,41.595,-3.761,-3.551,-0.209,218.976,232.307,205.644
2023-02-03,216.57,217.63,214.0,214.54,1650100,213.954,218.43,224.983,41.832,-3.552,-3.552,-0.001,218.43,231.535,205.324
2023-02-06,215.2,218.35,214.23,215.29,1099100,214.746,217.754,224.653,43.378,-3.289,-3.499,0.21,217.754,229.971,205.537
2023-02-07,214.76,215.04,211.69,214.93,1186100,214.542,217.2,224.301,42.79,-3.073,-3.414,0.34,217.2,228.834,205.567
2023-02-08,213.43,214.62,212.03,212.3,1138700,214.296,216.408,223.869,38.668,-3.079,-3.347,0.267,216.408,227.015,205.801
2023-02-09,213.48,213.65,210.87,211.88,1095300,213.788,215.541,223.489,38.037,-3.083,-3.294,0.211,215.541,224.439,206.644
2023-02-10,212.85,216.15,212.26,216.1,851700,214.1,214.932,223.18,47.327,-2.713,-3.178,0.465,214.932,221.519,208.344
2023-02-13,217.75,218.36,214.69,215.79,784700,214.2,214.647,222.844,46.772,-2.418,-3.026,0.608,214.647,220.496,208.799
2023-02-14,215.78,216.06,214.04,215.04,730600,214.222,214.287,222.494,45.386,-2.219,-2.865,0.646,214.287,218.926,209.648
2023-02-15,214.13,215.42,213.77,215.41,631100,214.844,214.136,222.088,46.233,-2.008,-2.693,0.685,214.136,218.386,209.885
2023-02-16,213.7,216.05,213.29,214.32,881200,215.332,214.124,221.749,44.066,-1.907,-2.536,0.629,214.124,218.371,209.877
2023-02-17,214.8,218.73,214.28,217.99,1504100,215.71,214.239,221.533,52.191,-1.513,-2.331,0.818,214.239,218.777,209.7
2023-02-21,219.25,220.31,215.52,216.38,1063900,215.828,214.288,221.322,48.839,-1.316,-2.128,0.813,214.288,218.901,209.675
2023-02-22,216.25,217.55,215.3,216.5,704100,216.12,214.204,221.086,49.102,-1.136,-1.93,0.793,214.204,218.576,209.833
2023-02-23,216.68,217.59,213.38,214.39,788200,215.916,214.412,220.82,44.755,-1.151,-1.774,0.623,214.412,218.363,210.462
2023-02-24,213.62,214.98,212.95,214.92,667100,216.036,214.59,220.517,46.047,-1.108,-1.641,0.533,214.59,218.275,210.905
2023-02-27,215.19,215.88,212.7,213.69,985600,215.176,214.735,220.206,43.505,-1.159,-1.544,0.385,214.735,217.994,211.476
2023-02-28,213.65,214.12,211.08,211.18,1049300,214.136,214.728,219.839,38.797,-1.386,-1.513,0.127,214.728,218.02,211.435
2023-03-01,210.52,211.73,209.92,210.98,899100,213.032,214.479,219.54,38.44,-1.564,-1.523,-0.041,214.479,218.115,210.843
2023-03-02,210.52,213.81,210.52,213.35,1095600,212.824,214.47,219.27,44.908,-1.497,-1.518,0.021,214.47,218.117,210.823
2023-03-03,214.04,214.39,212.7,214.08,1576800,212.656,214.453,219.048,46.764,-1.369,-1.488,0.119,214.453,218.104,210.802
2023-03-06,214.04,216.27,213.62,215.53,1136500,213.024,214.502,218.813,50.342,-1.138,-1.418,0.28,214.502,218.185,210.82
2023-03-07,215.69,216.62,213.1,213.11,1032500,213.41,214.394,218.467,44.916,-1.136,-1.362,0.225,214.394,218.107,210.68
2023-03-08,212.96,213.61,208.13,210.39,1441900,213.292,214.166,218.13,39.733,-1.339,-1.357,0.018,214.166,218.276,210.057
2023-03-09,211.46,212.34,206.08,206.51,1653200,211.924,213.877,217.69,33.75,-1.793,-1.444,-0.348,213.877,219.182,208.572
2023-03-10,205.95,207.66,204.45,204.71,1544300,210.05,213.518,217.199,31.389,-2.271,-1.61,-0.661,213.518,220.186,206.851
2023-03-13,202.0,204.32,201.01,202.73,1580800,207.49,212.85,216.702,28.986,-2.778,-1.843,-0.934,212.85,220.954,204.746
2023-03-14,205.03,205.54,201.93,203.69,1070600,205.606,212.245,216.181,31.715,-3.066,-2.088,-0.979,212.245,221.188,203.302
2023-03-15,201.12,201.86,197.15,200.84,1419700,203.696,211.535,215.624,28.245,-3.485,-2.367,-1.118,211.535,221.713,201.357
2023-03-16,199.94,211.07,199.64,203.9,2632600,203.174,210.96,215.12,36.304,-3.529,-2.6,-0.93,210.96,221.51,200.409
2023-03-17,203.06,203.84,200.7,202.14,2413800,202.66,210.35,214.642,33.942,-3.664,-2.813,-0.852,210.35,221.475,199.226
2023-03-20,203.06,204.97,202.92,203.77,983000,202.868,209.64,214.209,37.967,-3.598,-2.97,-0.628,209.64,220.523,198.756
2023-03-21,205.71,206.62,205.21,206.05,892900,203.34,209.123,213.754,43.181,-3.323,-3.04,-0.283,209.123,219.633,198.613
2023-03-22,206.28,206.84,203.14,203.14,1043900,203.8,208.455,213.296,38.709,-3.302,-3.093,-0.21,208.455,218.686,198.224
2023-03-23,203.81,205.49,203.02,203.95,1472700,203.81,207.933,212.812,40.554,-3.184,-3.111,-0.073,207.933,217.952,197.914
2023-03-24,203.94,207.33,203.54,207.09,1370600,204.8,207.541,212.37,47.192,-2.804,-3.05,0.246,207.541,217.008,198.075
2023-03-27,208.49,209.11,207.26,208.51,865100,205.748,207.282,211.974,49.916,-2.361,-2.912,0.551,207.282,216.314,198.251
2023-03-28,208.5,209.85,208.32,208.95,662900,206.328,207.171,211.724,50.763,-1.952,-2.72,0.768,207.171,216.053,198.289
2023-03-29,209.51,210.15,208.85,210.15,722800,207.73,207.13,211.482,53.094,-1.514,-2.479,0.965,207.13,215.945,198.314
2023-03-30,210.6,211.0,208.91,209.86,935800,208.912,206.955,211.31,52.448,-1.176,-2.218,1.042,206.955,215.381,198.529
2023-03-31,210.85,211.54,210.0,211.46,1323500,209.786,206.824,211.248,55.655,-0.771,-1.929,1.158,206.824,214.856,198.792
2023-04-03,211.92,216.22,211.46,215.3,1027800,211.144,206.812,211.24,62.237,-0.138,-1.571,1.433,206.812,214.792,198.833
2023-04-04,214.88,215.45,211.65,212.49,1437500,211.852,206.782,211.182,55.719,0.135,-1.23,1.365,206.782,214.663,198.9
2023-04-05,212.24,213.81,211.33,212.17,1332200,212.256,206.87,211.062,55.013,0.322,-0.919,1.241,206.87,214.961,198.78
2023-04-06,212.52,214.12,209.89,211.0,1511400,212.484,207.095,211.078,52.397,0.372,-0.661,1.033,207.095,215.39,198.8
2023-04-10,210.24,213.51,210.02,212.24,911100,212.64,207.472,211.095,54.847,0.505,-0.428,0.933,207.472,215.991,198.952
2023-04-11,212.79,213.27,211.28,211.51,1145900,211.882,207.91,211.11,53.114,0.546,-0.233,0.779,207.91,216.305,199.516
2023-04-12,211.65,214.11,211.65,212.41,944800,211.866,208.347,211.131,55.002,0.643,-0.058,0.701,208.347,216.724,199.969
2023-04-13,212.27,213.86,210.62,213.21,901900,212.074,208.965,211.076,56.673,0.776,0.109,0.667,208.965,216.819,201.111
2023-04-14,212.2,212.95,210.84,212.2,1130400,212.314,209.38,211.05,53.95,0.79,0.245,0.545,209.38,216.98,201.78
2023-04-17,211.66,213.87,211.39,213.85,1631100,212.636,209.966,211.038,57.539,0.924,0.381,0.543,209.966,217.001,202.93
2023-04-18,214.17,216.24,213.51,214.31,972000,213.196,210.492,211.034,58.51,1.056,0.516,0.54,210.492,217.142,203.843
2023-04-19,214.44,214.94,213.0,213.23,557000,213.36,210.852,210.993,55.312,1.06,0.625,0.435,210.852,217.262,204.441
2023-04-20,213.17,213.17,211.09,212.04,651700,213.126,211.296,210.935,51.943,0.957,0.691,0.266,211.296,216.592,206.001
2023-04-21,212.8,212.8,209.37,209.71,913300,212.628,211.585,210.883,46.032,0.679,0.689,-0.01,211.585,215.69,207.479
2023-04-24,209.74,210.36,208.48,209.23,791500,211.704,211.692,210.83,44.898,0.415,0.634,-0.219,211.692,215.396,207.987
2023-04-25,208.65,208.84,206.8,207.59,994000,210.36,211.646,210.66,41.168,0.073,0.522,-0.449,211.646,215.535,207.756
2023-04-26,201.78,201.97,195.81,200.21,2765700,207.756,211.209,210.348,29.35,-0.784,0.261,-1.045,211.209,217.559,204.858
2023-04-27,200.53,202.21,199.47,201.01,1643800,205.55,210.752,210.068,31.641,-1.384,-0.068,-1.315,210.752,218.568,202.935
2023-04-28,200.57,203.73,200.3,203.48,2210500,204.304,210.433,209.829,38.293,-1.64,-0.383,-1.258,210.433,218.897,201.968
2023-05-01,203.21,205.42,203.17,203.29,1845200,203.116,210.024,209.608,37.987,-1.838,-0.674,-1.164,210.024,219.049,200.999
2023-05-02,202.75,202.75,197.47,198.52,2609200,201.302,209.185,209.219,31.234,-2.352,-1.009,-1.343,209.185,219.21,199.16
2023-05-03,198.74,199.23,195.44,195.72,1230200,200.404,208.347,208.806,28.078,-2.952,-1.398,-1.554,208.347,219.897,196.796
2023-05-04,195.26,195.56,191.43,194.64,1402000,199.13,207.47,208.369,26.947,-3.474,-1.813,-1.661,207.47,220.379,194.561
2023-05-05,194.99,198.05,194.79,197.5,1050400,197.934,206.795,208.031,34.474,-3.615,-2.173,-1.442,206.795,220.324,193.266
2023-05-08,198.42,198.55,195.71,196.37,719300,196.55,206.002,207.66,33.026,-3.775,-2.494,-1.281,206.002,220.038,191.965
2023-05-09,196.77,197.38,195.2,196.83,1047100,196.212,205.268,207.323,34.237,-3.82,-2.759,-1.061,205.268,219.622,190.913
2023-05-10,197.58,198.09,194.72,197.14,1263100,196.496,204.504,207.042,35.088,-3.788,-2.965,-0.823,204.504,218.884,190.124
2023-05-11,195.81,196.27,192.51,193.89,1491100,196.346,203.538,206.7,30.612,-3.978,-3.167,-0.811,203.538,218.05,189.026
2023-05-12,194.64,196.02,193.95,195.67,1137800,195.98,202.712,206.346,35.468,-3.94,-3.322,-0.618,202.712,217.028,188.395
2023-05-15,195.91,197.12,195.12,195.91,787200,195.888,201.814,205.983,36.117,-3.846,-3.427,-0.419,201.814,215.423,188.206
2023-05-16,195.81,196.05,193.44,193.47,942500,195.216,200.772,205.542,32.534,-3.923,-3.526,-0.397,200.772,213.517,188.028
2023-05-17,194.64,197.1,194.42,196.94,1068500,195.176,199.958,205.218,41.432,-3.663,-3.553,-0.109,199.958,211.362,188.554
2023-05-18,196.57,197.3,194.66,196.58,774200,195.714,199.185,204.942,40.831,-3.445,-3.532,0.087,199.185,209.145,189.225
2023-05-19,197.33,197.54,194.87,196.32,1035200,195.844,198.516,204.738,40.375,-3.256,-3.477,0.221,198.516,207.217,189.814
2023-05-22,196.17,199.37,194.57,198.06,1239300,196.274,197.957,204.605,44.817,-2.932,-3.368,0.436,197.957,205.048,190.866
2023-05-23,197.61,197.61,192.42,192.87,1798200,196.154,197.221,204.408,36.163,-3.059,-3.306,0.247,197.221,203.045,191.397
2023-05-24,192.73,194.28,191.84,192.48,1598500,195.262,196.834,204.184,35.606,-3.155,-3.276,0.121,196.834,202.846,190.823
2023-05-25,191.56,192.28,189.08,190.45,1502300,194.036,196.306,203.976,32.779,-3.355,-3.292,-0.064,196.306,202.621,189.992
2023-05-26,190.78,193.13,190.6,191.29,1146500,193.03,195.697,203.724,35.076,-3.408,-3.315,-0.093,195.697,201.422,189.972
2023-05-30,190.19,191.84,188.58,191.28,1379300,191.674,195.097,203.507,35.061,-3.41,-3.334,-0.076,195.097,199.916,190.277
2023-05-31,191.04,191.84,189.1,190.29,1624500,191.158,194.685,203.237,33.497,-3.453,-3.358,-0.095,194.685,199.676,189.694
2023-06-01,191.4,192.54,190.09,191.36,1137100,190.934,194.467,202.943,36.779,-3.361,-3.358,-0.003,194.467,199.645,189.289
2023-06-02,192.98,195.39,192.29,194.86,1641700,191.816,194.478,202.778,46.143,-2.972,-3.281,0.309,194.478,199.658,189.298
2023-06-05,195.7,196.74,194.7,195.01,1337000,192.56,194.354,202.599,46.509,-2.621,-3.149,0.528,194.354,199.344,189.363
2023-06-06,195.11,196.96,194.53,196.47,901000,193.598,194.358,202.387,50.063,-2.2,-2.959,0.759,194.358,199.358,189.359
2023-06-07,197.11,199.9,196.39,199.61,994000,195.462,194.498,202.209,56.723,-1.594,-2.686,1.092,194.498,199.923,189.072
2023-06-08,199.86,200.23,198.32,199.01,921300,196.992,194.591,202.01,55.207,-1.15,-2.379,1.229,194.591,200.267,188.915
2023-06-09,199.58,199.58,197.38,197.83,717200,197.586,194.788,201.763,52.252,-0.882,-2.08,1.197,194.788,200.632,188.944
2023-06-12,197.87,198.86,197.13,198.57,720800,198.298,194.933,201.538,53.918,-0.604,-1.785,1.181,194.933,201.009,188.857
2023-06-13,198.51,200.06,197.26,199.26,995500,198.856,195.1,201.294,55.478,-0.324,-1.492,1.169,195.1,201.467,188.734
2023-06-14,198.7,199.39,197.08,197.71,1037800,198.476,195.312,200.942,51.278,-0.224,-1.239,1.015,195.312,201.733,188.892
2023-06-15,197.73,200.79,197.73,200.33,879900,198.74,195.482,200.699,57.179,0.066,-0.978,1.043,195.482,202.253,188.711
2023-06-16,200.97,202.98,200.75,202.55,1561500,199.684,195.78,200.506,61.441,0.469,-0.688,1.157,195.78,203.246,188.315
2023-06-20,202.24,202.85,200.18,200.83,940900,200.136,196.006,200.303,56.73,0.642,-0.422,1.065,196.006,203.805,188.207
2023-06-21,200.44,202.85,199.61,202.73,698600,200.83,196.24,200.113,60.347,0.922,-0.153,1.076,196.24,204.56,187.919
2023-06-22,202.52,202.73,199.14,199.86,833700,201.26,196.589,199.88,53.124,0.902,0.058,0.845,196.589,204.9,188.278
2023-06-23,199.39,200.06,197.75,197.94,1113600,200.782,196.862,199.59,48.906,0.723,0.191,0.532,196.862,204.961,188.763
2023-06-26,197.12,198.0,195.26,197.66,727200,199.804,197.222,199.279,48.304,0.552,0.263,0.289,197.222,204.741,189.704
2023-06-27,197.81,198.15,196.74,197.63,887000,199.164,197.54,198.988,48.235,0.41,0.292,0.117,197.54,204.52,190.559
2023-06-28,197.85,197.99,195.01,196.64,914600,197.946,197.808,198.644,45.92,0.214,0.277,-0.063,197.808,204.159,191.456
2023-06-29,196.57,199.91,196.33,199.73,838600,197.92,198.279,198.352,53.434,0.305,0.282,0.023,198.279,203.598,192.961
2023-06-30,200.68,201.6,198.76,200.51,933100,198.434,198.737,198.098,55.128,0.435,0.313,0.122,198.737,203.024,194.45
2023-07-03,199.87,202.17,199.65,201.1,475200,199.122,199.049,197.879,56.421,0.579,0.366,0.213,199.049,203.046,195.052
2023-07-05,200.17,200.98,198.71,200.55,832300,199.706,199.326,197.696,54.835,0.642,0.421,0.22,199.326,202.889,195.763
2023-07-06,199.87,201.44,198.74,200.93,995200,200.564,199.549,197.53,55.76,0.713,0.48,0.234,199.549,202.912,196.186
2023-07-07,200.61,203.74,200.3,200.81,1026800,200.78,199.609,197.394,55.375,0.752,0.534,0.218,199.609,203.019,196.199
2023-07-10,200.81,203.19,200.66,201.31,1191200,200.94,199.724,197.416,56.718,0.813,0.59,0.223,199.724,203.203,196.245
2023-07-11,201.53,203.92,200.58,203.65,1481900,201.45,200.015,197.469,62.418,1.039,0.68,0.359,200.015,203.788,196.242
2023-07-12,204.37,205.0,202.96,204.06,1767000,202.152,200.29,197.48,63.33,1.237,0.791,0.446,200.29,204.404,196.175
2023-07-13,204.01,204.24,202.89,203.45,995900,202.656,200.499,197.484,60.961,1.329,0.899,0.43,200.499,204.814,196.184
2023-07-14,203.41,203.41,200.92,201.91,714900,202.876,200.709,197.551,55.334,1.263,0.972,0.291,200.709,204.858,196.56
2023-07-17,201.88,203.9,201.51,202.89,646400,203.192,200.837,197.695,57.992,1.275,1.032,0.243,200.837,205.094,196.58
2023-07-18,203.62,205.88,199.34,200.22,1451900,202.506,200.721,197.806,49.373,1.057,1.037,0.02,200.721,204.907,196.534
2023-07-19,200.29,201.96,199.58,200.25,1234900,201.744,200.692,197.861,49.464,0.877,1.005,-0.128,200.692,204.883,196.5
2023-07-20,201.47,203.41,200.99,202.62,1726700,201.578,200.686,197.986,56.159,0.914,0.987,-0.073,200.686,204.866,196.506
2023-07-21,203.09,203.62,201.41,202.05,1148300,201.606,200.796,198.091,54.296,0.888,0.967,-0.079,200.796,204.999,196.592
2023-07-24,202.33,204.52,202.28,204.08,950500,201.844,201.103,198.23,59.455,1.019,0.978,0.042,201.103,205.325,196.88
2023-07-25,201.36,204.48,200.17,204.42,1392400,202.684,201.44,198.44,60.264,1.138,1.01,0.128,201.44,205.584,197.297
2023-07-26,206.48,211.4,203.97,208.9,2475400,204.414,202.004,198.705,69.032,1.575,1.123,0.452,202.004,206.953,197.055
2023-07-27,209.32,209.86,202.95,206.13,2650500,205.116,202.478,198.909,60.189,1.678,1.234,0.444,202.478,207.069,197.888
2023-07-28,207.23,209.18,205.36,208.77,1597600,206.46,202.93,199.215,64.815,1.951,1.377,0.574,202.93,208.122,197.739
2023-07-31,209.47,210.58,208.64,209.65,2232700,207.574,203.388,199.469,66.224,2.212,1.544,0.668,203.388,209.248,197.527
2023-08-01,209.45,211.44,209.36,211.3,1039500,208.95,203.897,199.764,68.751,2.524,1.74,0.784,203.897,210.63,197.165
2023-08-02,211.22,212.3,209.36,212.16,1397300,209.602,204.478,200.081,70.01,2.807,1.954,0.854,204.478,211.956,197.0
2023-08-03,212.39,213.22,210.7,211.58,1084100,210.692,205.01,200.351,68.019,2.951,2.153,0.798,205.01,212.929,197.092
2023-08-04,212.57,213.33,209.64,210.06,1199400,210.95,205.473,200.695,62.966,2.909,2.304,0.605,205.473,213.439,197.507
2023-08-07,210.83,213.27,210.83,213.04,1023000,211.628,206.06,201.106,67.987,3.081,2.46,0.621,206.06,214.45,197.669
2023-08-08,212.12,212.75,209.82,210.49,1002700,211.466,206.402,201.507,60.436,2.977,2.563,0.414,206.402,214.935,197.868
2023-08-09,210.99,212.88,210.49,212.05,1079900,211.444,206.801,201.922,63.134,2.986,2.648,0.338,206.801,215.617,197.985
2023-08-10,212.09,213.08,211.15,211.6,861300,211.448,207.209,202.328,61.824,2.923,2.703,0.22,207.209,216.125,198.292
2023-08-11,211.61,214.48,211.46,212.85,1210400,212.006,207.755,202.78,64.055,2.94,2.75,0.19,207.755,216.645,198.866
2023-08-14,212.81,213.36,211.75,212.27,952700,211.852,208.224,203.198,62.237,2.874,2.775,0.099,208.224,217.023,199.426
2023-08-15,211.15,211.32,208.83,209.23,1150300,211.6,208.675,203.485,53.647,2.547,2.729,-0.183,208.675,216.63,200.72
2023-08-16,208.84,210.03,208.47,209.66,897800,211.122,209.146,203.778,54.602,2.296,2.643,-0.347,209.146,216.046,202.245
2023-08-17,210.13,211.44,208.4,208.46,990300,210.494,209.438,204.018,51.42,1.977,2.509,-0.533,209.438,215.633,203.242
2023-08-18,207.94,211.14,207.44,210.44,1040600,210.012,209.857,204.235,55.978,1.863,2.38,-0.517,209.857,214.992,204.722
2023-08-21,209.89,210.82,209.54,210.31,769800,209.62,210.168,204.461,55.609,1.742,2.252,-0.511,210.168,214.525,205.812
2023-08-22,210.31,211.0,209.2,210.31,689500,209.836,210.463,204.71,55.609,1.627,2.127,-0.5,210.463,213.877,207.049
2023-08-23,210.64,211.17,209.32,210.85,720600,210.074,210.56,204.956,56.976,1.562,2.014,-0.453,210.56,213.897,207.224
2023-08-24,210.25,211.72,209.79,209.94,673700,210.37,210.751,205.169,53.962,1.42,1.895,-0.475,210.751,213.384,208.118
2023-08-25,210.96,210.96,208.1,209.66,619000,210.214,210.796,205.408,53.032,1.271,1.77,-0.5,210.796,213.315,208.276
2023-08-28,209.69,211.55,209.43,211.31,747400,210.414,210.878,205.628,57.661,1.271,1.67,-0.4,210.878,213.348,208.409
2023-08-29,211.4,212.12,210.0,212.06,822700,210.764,210.916,205.818,59.609,1.316,1.6,-0.284,210.916,213.436,208.397
2023-08-30,212.61,214.34,211.92,213.09,649500,211.212,210.963,206.063,62.183,1.419,1.563,-0.145,210.963,213.61,208.316
2023-08-31,213.58,214.15,212.33,212.52,865800,211.728,211.01,206.259,59.908,1.438,1.538,-0.101,211.01,213.736,208.284
2023-09-01,213.66,213.74,211.58,212.27,568900,212.25,211.12,206.507,58.89,1.416,1.514,-0.098,211.12,213.863,208.378
2023-09-05,212.45,212.45,209.31,209.42,909200,211.872,210.94,206.737,48.727,1.156,1.442,-0.286,210.94,213.626,208.253
2023-09-06,209.11,209.11,204.27,204.47,1082900,210.354,210.638,206.873,36.837,0.544,1.262,-0.719,210.638,214.589,206.688
2023-09-07,205.25,205.8,204.07,205.07,798500,208.75,210.29,207.022,38.787,0.106,1.031,-0.925,210.29,214.894,205.685
2023-09-08,205.34,205.61,203.82,204.3,800600,207.106,209.924,207.175,37.199,-0.3,0.765,-1.065,209.924,215.2,204.649
2023-09-11,203.48,203.99,201.71,202.8,1880300,205.212,209.422,207.237,34.259,-0.734,0.465,-1.199,209.422,215.393,203.451
2023-09-12,202.12,204.66,201.23,203.84,1211000,204.096,209.001,207.303,37.923,-0.983,0.176,-1.158,209.001,215.306,202.695
2023-09-13,204.43,206.1,203.88,206.01,880100,204.404,208.84,207.401,44.833,-0.993,-0.058,-0.935,208.84,215.283,202.396
2023-09-14,206.32,207.72,205.37,207.67,909400,204.924,208.74,207.544,49.466,-0.858,-0.218,-0.64,208.74,215.192,202.288
2023-09-15,206.96,211.07,206.79,210.09,1829000,206.082,208.822,207.727,55.354,-0.549,-0.284,-0.265,208.822,215.299,202.344
2023-09-18,210.99,211.81,209.51,210.36,783300,207.594,208.818,207.918,55.97,-0.279,-0.283,0.004,208.818,215.291,202.344
2023-09-19,210.19,211.27,208.29,208.97,971800,208.62,208.751,208.071,51.991,-0.175,-0.262,0.086,208.751,215.187,202.314
2023-09-20,209.9,212.11,209.67,211.5,893300,209.718,208.81,208.228,57.863,0.11,-0.187,0.297,208.81,215.328,202.292
2023-09-21,211.21,211.48,208.02,208.06,1067500,209.796,208.67,208.308,49.074,0.057,-0.138,0.196,208.67,215.124,202.217
2023-09-22,207.29,207.86,204.71,204.74,921800,208.726,208.41,208.334,42.383,-0.249,-0.161,-0.089,208.41,215.065,201.756
2023-09-25,204.15,205.88,203.65,205.67,648700,207.788,208.211,208.409,44.659,-0.412,-0.211,-0.201,208.211,214.946,201.476
2023-09-26,205.02,206.31,204.5,204.59,889700,206.912,207.875,208.443,42.556,-0.621,-0.293,-0.328,207.875,214.63,201.12
2023-09-27,205.67,207.28,205.28,207.23,666800,206.058,207.634,208.583,48.891,-0.568,-0.348,-0.22,207.634,214.097,201.17
2023-09-28,208.23,210.14,208.23,208.54,839000,206.154,207.406,208.749,51.735,-0.415,-0.361,-0.053,207.406,213.362,201.45
2023-09-29,209.14,209.86,207.1,207.21,763900,206.648,207.141,208.841,48.768,-0.396,-0.368,-0.028,207.141,212.588,201.693
2023-10-02,207.7,210.15,207.54,209.04,1207500,207.322,206.979,208.981,52.781,-0.231,-0.341,0.11,206.979,211.957,202.001
2023-10-03,208.51,210.32,206.74,206.99,1315300,207.802,206.858,209.039,48.224,-0.263,-0.325,0.063,206.858,211.702,202.013
2023-10-04,206.51,208.06,203.78,205.67,887100,207.49,206.917,209.064,45.5,-0.39,-0.338,-0.052,206.917,211.666,202.169
2023-10-05,205.23,205.74,203.77,204.48,820100,206.678,206.888,208.976,43.134,-0.58,-0.386,-0.193,206.888,211.692,202.084
2023-10-06,203.74,208.44,202.39,207.49,993700,206.734,207.047,209.003,50.189,-0.482,-0.405,-0.076,207.047,211.699,202.396
2023-10-09,215.75,226.56,215.57,224.98,3399400,209.922,208.156,209.327,71.957,0.995,-0.125,1.121,208.156,217.121,199.192
2023-10-10,226.41,226.41,222.81,223.27,2340000,213.178,209.128,209.599,68.792,2.005,0.301,1.704,209.128,220.108,198.148
2023-10-11,222.93,225.23,222.81,224.32,1068400,216.908,210.044,209.86,69.674,2.857,0.812,2.045,210.044,222.833,197.254
2023-10-12,225.32,226.25,222.42,223.96,851000,220.804,210.858,210.096,68.955,3.463,1.342,2.121,210.858,225.013,196.703
2023-10-13,225.94,229.69,225.35,229.28,2151400,225.162,211.818,210.45,73.337,4.323,1.939,2.385,211.818,228.182,195.453
2023-10-16,229.74,231.19,227.89,229.12,1362400,225.99,212.755,210.831,73.004,4.935,2.538,2.397,212.755,230.83,194.681
2023-10-17,228.0,230.09,226.23,227.61,1328700,226.858,213.688,211.122,69.776,5.238,3.078,2.16,213.688,232.831,194.544
2023-10-18,228.06,228.36,225.74,226.23,1092500,227.24,214.424,211.437,66.866,5.305,3.523,1.782,214.424,234.331,194.517
2023-10-19,225.82,227.78,224.47,224.48,1156800,227.344,215.245,211.686,63.263,5.157,3.85,1.307,215.245,235.4,195.09
2023-10-20,225.23,225.87,221.53,221.64,1706100,225.816,216.09,211.887,57.818,4.757,4.031,0.725,216.09,235.802,196.378
2023-10-23,221.36,222.94,219.67,220.01,1265800,223.994,216.807,212.03,54.898,4.258,4.077,0.182,216.807,235.959,197.655
2023-10-24,221.96,223.27,219.14,219.81,1060600,222.434,217.568,212.181,54.534,3.804,4.022,-0.219,217.568,235.866,199.27
2023-10-25,225.53,230.55,224.97,228.68,2440600,222.924,218.641,212.57,65.468,4.111,4.04,0.071,218.641,236.902,200.379
2023-10-26,229.24,230.0,226.57,226.93,1580900,223.414,219.56,212.915,62.286,4.166,4.065,0.101,219.56,237.53,201.59
2023-10-27,224.41,225.75,223.19,224.76,1816200,224.038,220.438,213.241,58.489,3.989,4.05,-0.061,220.438,237.562,203.313
2023-10-30,225.1,226.64,223.91,225.45,1485100,225.126,221.258,213.541,59.337,3.859,4.012,-0.153,221.258,237.64,204.876
2023-10-31,226.08,228.1,224.06,227.65,2534200,226.694,222.291,213.888,62.005,3.889,3.987,-0.098,222.291,237.444,207.138
2023-11-01,228.3,230.07,227.01,228.96,1490500,226.75,223.456,214.261,63.539,3.973,3.984,-0.012,223.456,236.688,210.223
2023-11-02,227.66,230.41,227.39,230.2,1749300,227.404,224.742,214.648,64.98,4.092,4.006,0.086,224.742,234.837,214.646
2023-11-03,231.13,231.5,229.35,229.44,1004300,228.34,225.839,215.038,63.328,4.078,4.02,0.058,225.839,232.071,219.607
2023-11-06,229.42,230.64,228.6,230.12,1286800,229.274,226.096,215.447,64.205,4.075,4.031,0.044,226.096,232.597,219.595
2023-11-07,230.24,230.26,228.5,228.99,804600,229.542,226.382,215.801,61.57,3.936,4.012,-0.076,226.382,232.862,219.902
2023-11-08,229.57,230.29,227.75,228.32,694900,229.414,226.582,216.126,59.998,3.729,3.955,-0.227,226.582,233.041,220.123
2023-11-09,228.3,228.3,224.82,226.51,1733000,228.676,226.71,216.394,55.848,3.379,3.84,-0.461,226.71,233.05,220.369
2023-11-10,227.46,230.32,227.11,229.76,1102800,228.74,226.734,216.739,61.056,3.326,3.737,-0.411,226.734,233.119,220.348
2023-11-13,229.76,233.28,229.74,232.69,1569200,229.254,226.912,217.148,65.058,3.481,3.686,-0.205,226.912,233.761,220.063
2023-11-14,231.86,234.8,231.59,233.83,1115600,230.222,227.223,217.636,66.5,3.653,3.68,-0.026,227.223,234.738,219.708
2023-11-15,233.55,234.22,231.78,231.85,1073600,230.928,227.504,218.183,61.734,3.589,3.661,-0.073,227.504,235.278,219.73
2023-11-16,232.34,232.9,230.69,231.38,824400,231.902,227.849,218.71,60.623,3.46,3.621,-0.161,227.849,235.671,220.027
2023-11-17,232.12,232.28,230.57,230.84,1060600,232.118,228.309,219.24,59.303,3.276,3.552,-0.276,228.309,235.661,220.957
2023-11-20,230.8,233.09,230.52,231.87,894100,231.954,228.902,219.822,61.046,3.177,3.477,-0.3,228.902,235.285,222.519
2023-11-21,232.18,233.5,231.48,232.46,806500,231.68,229.535,220.394,62.048,3.11,3.404,-0.293,229.535,234.466,224.603
2023-11-22,231.9,233.44,231.57,233.33,617700,231.976,229.767,220.941,63.538,3.092,3.341,-0.249,229.767,234.961,224.573
2023-11-24,233.66,234.48,233.43,233.8,339000,232.46,230.11,221.463,64.352,3.08,3.289,-0.209,230.11,235.422,224.799
2023-11-27,233.69,233.69,231.61,232.41,717900,232.774,230.493,221.91,60.079,2.924,3.216,-0.292,230.493,235.255,225.731
2023-11-28,233.4,233.52,231.2,231.34,846800,232.668,230.788,222.329,56.945,2.684,3.11,-0.426,230.788,234.924,226.651
2023-11-29,231.34,232.07,230.07,230.97,835200,232.37,230.954,222.769,55.859,2.435,2.975,-0.539,230.954,234.817,227.09
2023-11-30,231.69,233.3,231.14,232.99,951100,232.302,231.155,223.199,60.307,2.374,2.855,-0.481,231.155,235.001,227.309
2023-12-01,233.1,235.56,232.84,235.56,842900,232.654,231.423,223.749,65.122,2.504,2.785,-0.281,231.423,235.711,227.135
2023-12-04,234.48,237.97,234.07,237.93,1618200,233.758,231.848,224.413,68.873,2.766,2.781,-0.015,231.848,236.918,226.777
2023-12-05,237.95,238.31,236.04,236.69,925800,234.828,232.176,225.033,64.938,2.841,2.793,0.048,232.176,237.613,226.739
2023-12-06,236.69,238.54,236.09,237.69,874700,236.172,232.611,225.695,66.596,2.948,2.824,0.124,232.611,238.358,226.864
2023-12-07,238.41,240.34,236.34,237.25,895700,237.024,233.058,226.296,65.137,2.962,2.852,0.111,233.058,238.789,227.326
2023-12-08,237.5,238.86,237.5,238.01,968500,237.514,233.632,226.885,66.502,3.0,2.881,0.119,233.632,238.885,228.38
2023-12-11,237.75,239.28,237.75,238.13,704600,237.554,234.051,227.503,66.723,3.006,2.906,0.1,234.051,239.338,228.764
2023-12-12,237.74,239.95,237.45,238.87,864000,237.99,234.36,228.1,68.123,3.035,2.932,0.103,234.36,240.022,228.698
2023-12-13,239.3,241.81,238.71,241.37,1287300,238.726,234.737,228.788,72.355,3.222,2.99,0.232,234.737,241.198,228.276
2023-12-14,240.94,241.09,234.51,236.93,1778800,238.662,234.991,229.413,57.704,2.978,2.988,-0.009,234.991,241.373,228.609
2023-12-15,235.51,238.43,235.23,238.25,2410800,238.71,235.334,230.088,60.279,2.858,2.962,-0.103,235.334,241.637,229.032
2023-12-18,238.36,239.56,237.52,238.56,708700,238.796,235.721,230.71,60.881,2.757,2.921,-0.164,235.721,241.806,229.635
2023-12-19,238.4,239.6,237.97,239.52,739000,238.926,236.103,231.0,62.764,2.722,2.881,-0.159,236.103,242.131,230.075
2023-12-20,238.79,239.59,235.28,235.43,1018200,237.738,236.252,231.244,51.409,2.338,2.772,-0.435,236.252,242.043,230.46
2023-12-21,236.79,238.65,235.85,238.14,702200,237.98,236.492,231.52,56.965,2.226,2.663,-0.437,236.492,242.171,230.813
2023-12-22,239.03,240.81,238.26,239.72,650600,238.274,236.788,231.835,59.847,2.24,2.579,-0.339,236.788,242.493,231.083
2023-12-26,239.66,242.27,239.48,241.71,637800,238.904,237.253,232.084,63.191,2.383,2.539,-0.156,237.253,242.972,231.534
2023-12-27,240.92,243.14,240.64,242.86,750900,239.572,237.829,232.359,65.005,2.56,2.544,0.017,237.829,243.358,232.3
2023-12-28,243.37,244.14,242.89,243.53,569700,241.192,238.457,232.677,66.055,2.723,2.58,0.144,238.457,243.541,233.373
2023-12-29,243.89,245.17,243.25,244.97,812300,242.558,239.056,233.052,68.258,2.935,2.651,0.284,239.056,244.25,233.862
2024-01-02,244.97,246.36,243.04,243.96,992500,243.406,239.476,233.441,65.068,2.987,2.718,0.269,239.476,244.835,234.117
2024-01-03,244.86,246.59,241.98,242.02,1378600,243.468,239.68,233.849,59.332,2.838,2.742,0.096,239.68,245.103,234.258
2024-01-04,244.1,244.34,241.51,241.68,1096800,243.232,239.93,234.282,58.361,2.663,2.726,-0.063,239.93,245.231,234.629
2024-01-05,242.06,242.45,239.07,239.53,959600,242.432,240.022,234.677,52.509,2.323,2.646,-0.322,240.022,245.222,234.822
2024-01-08,238.68,239.48,236.68,239.45,1257100,241.328,240.132,234.892,52.299,2.024,2.521,-0.497,240.132,245.176,235.088
2024-01-09,239.4,239.4,236.69,237.02,1256000,239.94,240.083,235.094,46.244,1.573,2.332,-0.758,240.083,245.233,234.932
2024-01-10,237.02,238.69,236.61,237.03,877900,238.942,240.028,235.339,46.272,1.203,2.106,-0.903,240.028,245.288,234.767
2024-01-11,237.51,238.07,234.05,235.79,1500100,237.764,239.874,235.546,43.307,0.8,1.845,-1.045,239.874,245.447,234.3
2024-01-12,237.11,240.48,237.11,240.39,1107500,237.936,239.825,235.801,54.863,0.842,1.644,-0.802,239.825,245.36,234.289
2024-01-16,239.9,240.28,235.58,236.46,1038300,237.338,239.801,235.951,46.199,0.552,1.426,-0.874,239.801,245.392,234.21
2024-01-17,235.12,237.83,234.9,235.82,882700,237.098,239.68,236.063,44.954,0.268,1.194,-0.927,239.68,245.513,233.846
2024-01-18,236.19,238.14,234.6,238.0,907700,237.292,239.652,236.235,49.906,0.215,0.998,-0.783,239.652,245.513,233.79
2024-01-19,238.52,238.52,236.13,236.47,1410200,237.428,239.499,236.362,46.728,0.05,0.809,-0.759,239.499,245.531,233.467
2024-01-22,236.63,238.35,235.87,236.87,2043300,236.724,239.571,236.519,47.667,-0.048,0.637,-0.686,239.571,245.43,233.712
2024-01-23,237.43,239.09,235.09,236.5,1775600,236.732,239.489,236.683,46.845,-0.154,0.479,-0.633,239.489,245.477,233.501
2024-01-24,239.3,250.08,238.64,247.7,2749400,239.108,239.888,237.107,65.97,0.658,0.515,0.143,239.888,246.914,232.862
2024-01-25,248.25,252.25,247.68,252.14,1968800,241.936,240.41,237.554,70.501,1.641,0.74,0.901,240.41,249.305,231.514
2024-01-26,252.81,254.14,248.53,251.39,1329900,244.92,240.836,237.928,68.834,2.333,1.059,1.274,240.836,250.959,230.713
2024-01-29,250.92,252.19,249.62,251.12,961700,247.77,241.215,238.274,68.208,2.827,1.412,1.414,241.215,252.289,230.142
2024-01-30,252.55,255.47,252.27,254.81,2040300,251.432,241.707,238.733,71.958,3.476,1.825,1.651,241.707,254.259,229.156
2024-01-31,255.12,255.59,250.23,251.32,2305000,252.156,242.075,239.132,64.241,3.666,2.193,1.473,242.075,255.317,228.834
2024-02-01,251.94,253.45,249.5,253.1,1715100,252.348,242.63,239.577,66.23,3.916,2.538,1.378,242.63,256.759,228.5
2024-02-02,252.03,252.65,250.69,251.58,1949400,252.386,243.124,239.971,63.007,3.945,2.819,1.126,243.124,257.797,228.452
2024-02-05,250.38,253.29,248.96,251.82,1032400,252.526,243.739,240.359,63.31,3.942,3.044,0.899,243.739,258.802,228.676
2024-02-06,252.37,253.97,250.98,253.88,814600,252.34,244.46,240.77,65.898,4.06,3.247,0.813,244.46,260.032,228.889
2024-02-07,255.59,256.21,254.12,255.21,1058700,253.118,245.37,241.198,67.491,4.212,3.44,0.772,245.37,261.234,229.506
2024-02-08,255.12,255.54,253.34,255.12,617000,253.522,246.274,241.652,67.262,4.275,3.607,0.668,246.274,262.199,230.35
2024-02-09,256.13,257.37,255.18,256.2,878200,254.446,247.295,242.149,68.638,4.363,3.758,0.604,247.295,263.005,231.585
2024-02-12,256.05,256.99,255.32,255.54,696300,255.19,248.052,242.641,66.791,4.329,3.872,0.456,248.052,263.822,232.283
2024-02-13,256.0,256.92,251.43,253.43,1164200,255.1,248.901,243.049,61.127,4.084,3.915,0.17,248.901,263.849,233.953
2024-02-14,254.47,255.33,249.52,255.21,1629800,255.1,249.87,243.442,63.908,3.989,3.929,0.059,249.87,263.721,236.02
2024-02-15,255.76,256.98,254.68,256.07,801500,255.29,250.774,243.805,65.203,3.937,3.931,0.006,250.774,263.69,237.858
2024-02-16,256.05,257.19,255.02,255.54,702600,255.158,251.727,244.182,63.686,3.809,3.906,-0.098,251.727,262.894,240.561
2024-02-20,256.45,257.93,254.5,255.05,697500,255.06,252.636,244.529,62.244,3.626,3.85,-0.224,252.636,261.415,243.858
2024-02-21,256.22,258.23,255.03,257.87,691000,255.948,253.705,244.942,66.889,3.667,3.814,-0.147,253.705,258.523,248.887
2024-02-22,257.38,258.4,256.69,258.28,636300,256.562,254.234,245.347,67.515,3.689,3.789,-0.1,254.234,258.575,249.893
2024-02-23,258.44,260.72,258.13,259.62,663900,257.272,254.608,245.777,69.541,3.772,3.785,-0.014,254.608,259.45,249.766
2024-02-26,260.04,260.42,258.52,258.93,629700,257.95,254.985,246.178,67.217,3.739,3.776,-0.037,254.985,259.944,250.026
2024-02-27,258.28,259.67,256.8,259.58,554400,258.856,255.408,246.542,68.292,3.722,3.765,-0.043,255.408,260.422,250.394
2024-02-28,259.56,260.49,258.42,260.16,569800,259.314,255.676,247.007,69.261,3.712,3.755,-0.042,255.676,261.109,250.242
2024-02-29,260.79,260.79,258.32,259.15,886300,259.488,256.067,247.425,65.507,3.582,3.72,-0.138,256.067,261.304,250.83
2024-03-01,259.2,259.2,257.06,257.92,651400,259.148,256.308,247.812,61.159,3.341,3.644,-0.303,256.308,261.412,251.204
2024-03-04,257.96,261.13,257.39,260.54,974600,259.47,256.756,248.233,66.291,3.323,3.58,-0.257,256.756,261.682,251.83
2024-03-05,261.35,263.11,258.33,259.48,979300,259.45,257.139,248.714,62.683,3.187,3.501,-0.315,257.139,261.62,252.658
2024-03-06,259.86,261.62,259.07,259.58,585100,259.334,257.424,249.142,62.888,3.052,3.412,-0.36,257.424,261.755,253.093
2024-03-07,259.86,260.78,258.07,258.94,761600,259.292,257.61,249.527,60.591,2.86,3.301,-0.441,257.61,261.861,253.36
2024-03-08,258.37,259.5,256.74,258.26,696900,259.36,257.768,249.858,58.161,2.623,3.166,-0.543,257.768,261.859,253.676
2024-03-11,257.62,259.19,256.48,259.17,559700,259.086,257.916,250.184,60.447,2.48,3.028,-0.549,257.916,261.984,253.848
2024-03-12,258.92,260.87,257.57,260.48,845000,259.286,258.163,250.523,63.537,2.444,2.911,-0.468,258.163,262.223,254.103
2024-03-13,261.3,261.66,260.31,261.15,829800,259.6,258.549,250.847,65.041,2.441,2.817,-0.376,258.549,262.157,254.941
2024-03-14,262.04,262.37,259.29,261.19,839800,260.05,258.848,251.191,65.133,2.415,2.737,-0.322,258.848,262.278,255.418
2024-03-15,259.7,262.64,259.7,261.01,1305900,260.6,259.095,251.571,64.309,2.352,2.66,-0.308,259.095,262.391,255.799
2024-03-18,261.75,263.39,260.5,263.28,865300,261.422,259.482,252.003,69.544,2.457,2.619,-0.162,259.482,262.838,256.126
2024-03-19,264.72,265.88,263.4,265.27,703500,262.38,259.993,252.518,73.248,2.67,2.63,0.041,259.993,263.61,256.376
2024-03-20,265.55,268.38,264.9,267.97,1043400,263.744,260.498,253.088,77.285,3.022,2.708,0.314,260.498,265.443,255.553
2024-03-21,268.74,270.06,266.71,266.82,1084100,264.87,260.925,253.684,72.282,3.172,2.801,0.371,260.925,266.499,255.351
2024-03-22,267.76,268.6,266.62,266.65,730600,265.998,261.276,254.277,71.544,3.239,2.889,0.351,261.276,267.366,255.187
2024-03-25,266.43,266.93,264.03,264.58,776500,266.258,261.559,254.852,63.104,3.09,2.929,0.161,261.559,267.714,255.404
2024-03-26,264.42,265.99,263.99,263.99,567700,266.002,261.779,255.324,60.898,2.891,2.921,-0.03,261.779,267.952,255.607
2024-03-27,265.13,267.38,264.56,267.35,746000,265.878,262.139,255.942,67.8,2.97,2.931,0.039,262.139,268.738,255.54
2024-03-28,268.02,268.54,266.77,267.91,644500,266.096,262.577,256.584,68.789,3.043,2.953,0.089,262.577,269.495,255.659
2024-04-01,272.86,276.89,271.6,276.51,1742900,268.068,263.506,257.354,79.301,3.751,3.113,0.638,263.506,272.48,254.533
2024-04-02,276.74,277.41,273.56,275.55,1839000,270.262,264.257,258.136,76.215,4.187,3.328,0.859,264.257,274.593,253.921
2024-04-03,275.58,276.92,273.55,276.64,1296700,272.792,265.115,258.931,77.295,4.567,3.576,0.992,265.115,276.57,253.66
2024-04-04,278.41,279.36,276.9,278.09,1391000,274.94,266.04,259.763,78.682,4.929,3.846,1.083,266.04,278.555,253.526
2024-04-05,277.88,280.21,276.4,279.95,879600,277.348,267.091,260.408,80.342,5.305,4.138,1.167,267.091,280.585,253.597
2024-04-08,280.73,281.2,277.78,278.0,945600,277.646,268.078,260.925,73.852,5.383,4.387,0.996,268.078,281.738,254.418
2024-04-09,276.96,279.47,272.38,273.94,1008100,277.324,268.816,261.376,62.528,5.059,4.522,0.538,268.816,282.039,255.594
2024-04-10,272.57,275.74,271.87,275.07,935600,277.01,269.546,261.855,64.174,4.838,4.585,0.253,269.546,282.438,256.654
2024-04-11,274.32,275.09,272.73,274.01,710900,276.194,270.189,262.239,61.447,4.525,4.573,-0.048,270.189,282.591,257.787
2024-04-12,274.87,277.1,273.33,274.36,1281000,275.076,270.847,262.7,62.021,4.256,4.51,-0.253,270.847,282.621,259.074
2024-04-15,278.02,278.06,271.01,271.39,976600,273.754,271.366,263.066,54.593,3.76,4.36,-0.6,271.366,282.19,260.543
2024-04-16,272.06,272.94,270.37,271.91,1388500,273.348,271.798,263.472,55.595,3.37,4.162,-0.792,271.798,281.931,261.665
2024-04-17,273.05,273.05,270.36,271.11,709000,272.556,272.09,263.858,53.633,2.962,3.922,-0.96,272.09,281.756,262.424
2024-04-18,270.69,273.44,270.69,271.88,636500,272.13,272.286,264.218,55.27,2.67,3.671,-1.001,272.286,281.757,262.814
2024-04-19,273.94,275.71,273.27,275.07,1074900,272.272,272.698,264.615,61.355,2.666,3.47,-0.805,272.698,281.882,263.514
2024-04-22,276.33,278.97,274.53,277.64,889000,273.522,273.248,265.066,65.435,2.837,3.344,-0.507,273.248,282.22,264.275
2024-04-23,278.98,280.87,277.99,278.98,1132500,274.936,273.968,265.521,67.369,3.045,3.284,-0.239,273.968,282.3,265.635
2024-04-24,275.62,276.74,261.45,267.92,4023600,274.298,274.164,265.769,44.99,2.292,3.085,-0.794,274.164,281.648,266.68
2024-04-25,269.49,272.34,266.32,271.53,1769600,274.228,274.373,266.131,50.742,1.963,2.861,-0.898,274.373,281.266,267.48
2024-04-26,271.37,273.31,269.53,271.06,1244200,273.426,274.53,266.448,50.008,1.646,2.618,-0.972,274.53,280.928,268.133
2024-04-29,274.44,276.32,272.03,274.28,1293700,272.754,274.419,266.812,54.824,1.635,2.421,-0.786,274.419,280.748,268.09
2024-04-30,273.44,275.63,272.98,273.62,1423600,271.682,274.322,267.174,53.683,1.556,2.248,-0.692,274.322,280.638,268.007
2024-05-01,273.13,274.57,271.46,273.08,890800,272.714,274.144,267.534,52.716,1.433,2.085,-0.652,274.144,280.385,267.904
2024-05-02,272.62,275.04,269.25,273.87,1134800,273.182,273.934,267.854,54.021,1.383,1.945,-0.562,273.934,279.891,267.976
2024-05-03,274.48,275.44,272.58,274.62,974300,273.894,273.667,268.181,55.282,1.388,1.833,-0.445,273.667,278.928,268.406
2024-05-06,275.88,277.92,275.87,277.7,870200,274.578,273.652,268.543,60.122,1.622,1.791,-0.169,273.652,278.862,268.442
2024-05-07,278.62,279.95,277.53,279.6,715600,275.774,273.935,268.956,62.797,1.938,1.821,0.118,273.935,279.787,268.083
2024-05-08,280.2,280.27,278.13,279.0,1008100,276.958,274.132,269.345,61.397,2.116,1.88,0.236,274.132,280.393,267.87
2024-05-09,279.01,282.36,278.3,282.08,707600,278.6,274.535,269.783,65.634,2.477,1.999,0.478,274.535,281.734,267.336
2024-05-10,282.66,283.9,282.11,282.53,1019400,280.182,274.944,270.251,66.218,2.768,2.153,0.615,274.944,282.979,266.908
2024-05-13,282.46,283.38,278.88,279.75,1406700,280.592,275.362,270.687,59.497,2.742,2.271,0.471,275.362,283.488,267.235
2024-05-14,279.67,280.74,278.74,280.26,655300,280.724,275.779,271.082,60.293,2.731,2.363,0.368,275.779,284.016,267.542
2024-05-15,280.01,281.39,279.9,280.76,752300,281.076,276.262,271.507,61.101,2.731,2.436,0.295,276.262,284.477,268.046
2024-05-16,281.13,283.28,280.79,281.87,613500,281.034,276.761,271.953,62.904,2.789,2.507,0.282,276.761,285.069,268.453
2024-05-17,282.67,285.1,281.59,284.99,894200,281.526,277.257,272.474,67.469,3.051,2.616,0.436,277.257,286.293,268.221
2024-05-20,284.49,286.87,284.02,286.14,940300,282.804,277.682,273.032,68.984,3.314,2.756,0.558,277.682,287.555,267.809
2024-05-21,286.87,287.33,282.44,283.12,1103400,283.376,277.889,273.511,60.956,3.241,2.853,0.388,277.889,288.046,267.732
2024-05-22,283.53,285.31,282.26,284.02,882700,284.028,278.694,273.981,62.361,3.219,2.926,0.293,278.694,288.044,269.344
2024-05-23,283.98,284.26,281.3,282.6,720700,284.174,279.248,274.41,58.766,3.051,2.951,0.1,279.248,288.11,270.385
2024-05-24,284.97,286.38,283.27,285.56,784100,284.288,279.972,274.898,63.491,3.121,2.985,0.136,279.972,288.375,271.57
2024-05-28,285.48,285.68,283.13,283.38,800400,283.736,280.427,275.345,58.201,2.967,2.981,-0.015,280.427,288.512,272.343
2024-05-29,282.14,283.18,279.49,279.71,771400,283.054,280.732,275.674,50.564,2.519,2.889,-0.37,280.732,288.169,273.295
2024-05-30,280.14,282.74,280.14,282.18,728200,282.686,281.187,276.012,54.858,2.337,2.778,-0.442,281.187,287.711,274.663
2024-05-31,282.13,286.14,281.52,285.7,1302800,283.306,281.778,276.367,60.167,2.448,2.712,-0.264,281.778,287.618,275.939
2024-06-03,286.77,288.23,282.54,284.26,723500,283.046,282.26,276.715,57.203,2.392,2.648,-0.256,282.26,287.122,277.399
2024-06-04,284.37,285.2,282.97,283.37,618200,283.044,282.544,277.05,55.387,2.251,2.569,-0.318,282.544,286.923,278.165
2024-06-05,283.92,285.59,281.76,285.4,469200,284.182,282.834,277.466,58.614,2.276,2.51,-0.234,282.834,287.16,278.508
2024-06-06,284.97,286.4,284.11,284.27,988200,284.6,283.097,277.872,56.178,2.179,2.444,-0.265,283.097,287.067,279.128
2024-06-07,284.2,286.07,283.89,285.1,684200,284.48,283.249,278.227,57.573,2.145,2.384,-0.239,283.249,287.285,279.212
2024-06-10,285.92,285.92,280.07,280.85,1013500,283.798,283.164,278.486,48.976,1.755,2.258,-0.503,283.164,287.331,278.998
2024-06-11,279.82,279.88,277.48,278.91,1068700,282.906,283.122,278.534,45.627,1.275,2.062,-0.787,283.122,287.448,278.797
2024-06-12,279.24,281.35,278.49,280.53,871900,281.932,283.136,278.633,48.777,1.013,1.852,-0.839,283.136,287.426,278.846
2024-06-13,279.9,280.74,277.08,278.79,686600,280.836,283.038,278.676,45.713,0.657,1.613,-0.956,283.038,287.636,278.439
2024-06-14,277.06,278.33,274.92,278.09,639900,279.434,282.848,278.676,44.503,0.316,1.354,-1.038,282.848,287.934,277.763
2024-06-17,277.51,280.38,277.02,280.04,511000,279.272,282.601,278.678,48.588,0.2,1.123,-0.923,282.601,287.729,277.473
2024-06-18,279.79,284.06,279.41,284.01,748500,280.292,282.494,278.798,55.733,0.424,0.983,-0.559,282.494,287.397,277.592
2024-06-20,284.01,285.59,283.06,285.57,751500,281.3,282.617,279.031,58.192,0.718,0.93,-0.212,282.617,287.704,277.53
2024-06-21,285.5,286.13,282.76,284.25,1685600,282.392,282.629,279.214,55.388,0.836,0.911,-0.075,282.629,287.73,277.527
2024-06-24,285.42,288.54,284.46,284.52,1124400,283.678,282.724,279.425,55.857,0.94,0.917,0.023,282.724,287.896,277.553
2024-06-25,284.21,285.05,280.89,281.42,985000,283.954,282.518,279.566,49.438,0.764,0.886,-0.123,282.518,287.54,277.495
2024-06-26,280.5,281.71,279.55,280.71,1215400,283.294,282.384,279.752,48.075,0.56,0.821,-0.261,282.384,287.452,277.316
2024-06-27,281.49,281.49,278.13,278.77,989300,281.934,282.337,279.889,44.469,0.239,0.705,-0.465,282.337,287.525,277.149
2024-06-28,280.13,280.66,275.95,276.52,2259900,280.388,282.054,279.998,40.659,-0.194,0.525,-0.719,282.054,287.859,276.249
2024-07-01,277.68,279.26,273.13,274.36,1431000,278.356,281.487,280.047,37.351,-0.704,0.279,-0.983,281.487,287.968,275.006
2024-07-02,271.91,272.9,270.69,272.4,1274300,276.552,280.894,279.994,34.599,-1.251,-0.027,-1.224,280.894,288.397,273.391
2024-07-03,273.02,273.78,270.72,271.51,656700,274.712,280.301,279.871,33.397,-1.737,-0.369,-1.368,280.301,288.79,271.812
2024-07-05,272.28,272.28,268.64,269.8,1039500,272.918,279.521,279.688,31.155,-2.234,-0.742,-1.492,279.521,288.861,270.181
2024-07-08,269.82,271.07,267.76,268.65,1222700,271.344,278.74,279.702,29.711,-2.69,-1.132,-1.559,278.74,288.977,268.503
2024-07-09,268.41,269.48,267.64,267.73,803700,270.018,277.871,279.626,28.57,-3.09,-1.523,-1.567,277.871,288.763,266.98
2024-07-10,267.87,270.09,267.3,270.02,957400,269.542,277.33,279.605,35.237,-3.186,-1.856,-1.33,277.33,288.666,265.994
2024-07-11,269.51,273.24,269.51,272.17,935500,269.674,276.993,279.563,40.821,-3.053,-2.095,-0.957,276.993,288.53,265.456
2024-07-12,273.67,274.38,271.73,271.92,1072000,270.098,276.562,279.529,40.385,-2.933,-2.263,-0.671,276.562,288.186,264.939
2024-07-15,273.47,275.09,272.04,273.39,1017100,271.046,276.292,279.535,44.162,-2.689,-2.348,-0.341,276.292,287.949,264.636
2024-07-16,273.53,279.48,273.53,279.3,1124900,273.36,276.353,279.644,56.182,-1.996,-2.278,0.282,276.353,288.062,264.644
2024-07-17,279.92,282.34,279.48,279.68,900200,275.292,276.335,279.745,56.825,-1.4,-2.102,0.702,276.335,288.021,264.649
2024-07-18,279.11,283.04,278.89,280.91,960000,277.04,276.18,279.809,58.928,-0.819,-1.845,1.027,276.18,287.514,264.846
2024-07-19,281.95,281.95,275.7,276.07,973600,277.87,275.705,279.739,48.847,-0.74,-1.624,0.884,275.705,286.143,265.267
2024-07-22,276.27,279.19,275.42,278.93,745300,278.978,275.439,279.737,53.869,-0.442,-1.388,0.946,275.439,285.21,265.668
2024-07-23,280.34,283.16,279.74,282.05,1288200,279.528,275.316,279.737,58.64,0.046,-1.101,1.147,275.316,284.656,265.975
2024-07-24,273.94,274.41,265.12,272.67,3268400,278.126,274.878,279.54,43.931,-0.321,-0.945,0.624,274.878,283.826,265.93
2024-07-25,274.53,283.7,274.53,278.71,1809800,277.686,274.778,279.519,52.239,-0.123,-0.781,0.658,274.778,283.493,266.063
2024-07-26,278.72,280.36,275.51,278.16,1079800,278.104,274.748,279.477,51.49,-0.01,-0.627,0.616,274.748,283.408,266.087
2024-07-29,278.32,278.77,276.21,277.29,1171600,277.776,274.786,279.407,50.264,0.009,-0.5,0.508,274.786,283.487,266.085
2024-07-30,278.75,281.28,277.83,280.66,858100,277.498,275.101,279.383,54.759,0.292,-0.341,0.634,275.101,284.184,266.018
2024-07-31,282.37,287.31,280.81,286.12,1609300,280.188,275.787,279.406,60.921,0.947,-0.084,1.03,275.787,286.012,265.562
2024-08-01,287.35,288.07,279.25,281.08,1108400,280.662,276.266,279.305,53.656,1.047,0.142,0.904,276.266,286.543,265.988
2024-08-02,280.35,284.37,277.3,280.06,990700,281.042,276.778,279.243,52.297,1.032,0.32,0.711,276.778,286.716,266.841
2024-08-05,276.74,278.66,270.42,273.85,1094100,280.354,277.038,279.04,44.848,0.513,0.359,0.154,277.038,286.332,267.745
2024-08-06,274.37,278.2,273.18,273.35,815000,278.892,277.32,278.855,44.301,0.06,0.299,-0.239,277.32,285.725,268.914
2024-08-07,275.1,278.62,274.29,275.06,890700,276.68,277.572,278.645,46.696,-0.158,0.208,-0.366,277.572,285.333,269.81
2024-08-08,275.33,280.65,275.33,278.54,823700,276.172,277.89,278.548,51.287,-0.05,0.156,-0.206,277.89,285.23,270.55
2024-08-09,280.93,284.19,279.28,280.64,1028600,276.288,278.326,278.567,53.869,0.203,0.165,0.037,278.326,285.194,271.458
2024-08-12,281.61,282.17,278.4,278.92,1054800,277.302,278.602,278.502,51.463,0.261,0.185,0.077,278.602,285.067,272.138
2024-08-13,279.55,280.46,277.32,279.88,888800,278.608,278.632,278.385,52.732,0.381,0.224,0.157,278.632,285.114,272.149
2024-08-14,279.41,282.73,279.41,281.35,756900,279.866,278.715,278.327,54.685,0.587,0.296,0.291,278.715,285.297,272.133
2024-08-15,282.55,283.82,280.8,283.47,890600,280.852,278.843,278.329,57.419,0.912,0.419,0.492,278.843,285.698,271.988
2024-08-16,283.87,284.57,282.31,284.09,852300,281.542,279.244,278.303,58.212,1.205,0.577,0.628,279.244,286.35,272.138
2024-08-19,284.41,284.48,282.34,283.14,685100,282.386,279.454,278.28,56.475,1.345,0.73,0.615,279.454,286.768,272.141
2024-08-20,282.91,283.64,281.81,283.33,589200,283.076,279.518,278.245,56.753,1.454,0.875,0.579,279.518,286.949,272.088
2024-08-21,284.01,284.01,280.67,281.67,1029100,283.14,279.968,278.261,53.536,1.391,0.978,0.413,279.968,286.711,273.226
2024-08-22,281.84,282.31,280.64,281.08,676200,282.662,280.087,278.305,52.399,1.279,1.038,0.24,280.087,286.82,273.354
2024-08-23,281.93,282.4,279.01,279.16,864700,281.676,280.137,278.277,48.769,1.023,1.035,-0.012,280.137,286.824,273.45
2024-08-26,280.12,280.82,278.18,278.73,814800,280.794,280.209,278.276,47.967,0.777,0.984,-0.207,280.209,286.797,273.621
2024-08-27,278.74,279.17,277.61,277.97,1005300,279.722,280.074,278.274,46.513,0.514,0.89,-0.375,280.074,286.733,273.416
2024-08-28,278.72,284.65,278.25,284.13,1553600,280.214,279.975,278.355,57.709,0.794,0.871,-0.076,279.975,286.305,273.645
2024-08-29,285.44,288.26,283.04,285.27,1640300,281.052,280.184,278.381,59.403,1.095,0.916,0.18,280.184,286.932,273.437
2024-08-30,284.99,287.05,282.74,286.74,1032900,282.568,280.518,278.404,61.541,1.436,1.02,0.416,280.518,287.874,273.163
2024-09-03,286.39,288.29,280.97,282.49,961600,283.32,280.951,278.369,52.869,1.348,1.085,0.262,280.951,287.642,274.259
2024-09-04,282.99,285.21,280.65,281.94,930500,284.114,281.38,278.317,51.851,1.219,1.112,0.107,281.38,287.04,275.72
2024-09-05,284.01,287.19,281.76,284.76,1518800,284.24,281.865,278.384,56.479,1.329,1.156,0.174,281.865,286.87,276.86
2024-09-06,284.48,285.83,279.92,280.44,1362400,283.274,281.96,278.379,48.748,1.056,1.136,-0.079,281.96,286.767,277.153
2024-09-09,283.24,290.32,283.24,288.85,1922400,283.696,282.371,278.58,60.177,1.501,1.209,0.292,282.371,288.03,276.711
2024-09-10,290.52,293.59,287.8,289.65,1040400,285.128,282.907,278.843,61.066,1.896,1.346,0.55,282.907,289.189,276.625
2024-09-11,288.51,288.51,280.99,286.96,1067200,286.132,283.261,279.095,56.497,1.969,1.471,0.499,283.261,289.622,276.9
2024-09-12,286.72,288.25,284.87,287.99,875400,286.778,283.593,279.407,57.799,2.087,1.594,0.493,283.593,290.222,276.964
2024-09-13,288.39,292.95,288.36,291.95,797600,289.08,284.017,279.815,62.452,2.471,1.769,0.701,284.017,291.625,276.409
2024-09-16,294.42,296.9,293.24,294.58,874500,290.226,284.542,280.311,65.196,2.953,2.006,0.947,284.542,293.498,275.585
2024-09-17,291.9,292.81,289.81,291.04,1045600,290.504,284.936,280.759,58.95,3.015,2.208,0.807,284.936,294.319,275.554
2024-09-18,291.09,293.96,288.93,289.63,1155800,291.038,285.251,281.197,56.624,2.917,2.35,0.567,285.251,294.828,275.675
2024-09-19,291.99,293.72,289.77,291.88,1188100,291.816,285.762,281.634,59.379,2.986,2.477,0.509,285.762,295.619,275.905
2024-09-20,291.92,294.79,290.41,293.93,7899200,292.212,286.404,282.069,61.762,3.17,2.615,0.554,286.404,296.644,276.165
2024-09-23,294.35,296.66,293.82,295.1,951800,292.316,287.202,282.533,63.093,3.371,2.767,0.604,287.202,297.548,276.855
2024-09-24,295.01,295.51,291.25,291.83,951800,292.474,287.856,282.902,57.11,3.229,2.859,0.37,287.856,297.585,278.128
2024-09-25,292.64,293.63,288.33,288.97,915500,292.342,288.406,283.095,52.427,2.853,2.858,-0.005,288.406,296.954,279.859
2024-09-26,288.24,290.15,287.03,287.82,904500,291.53,288.591,283.258,50.63,2.435,2.773,-0.339,288.591,296.906,280.276
2024-09-27,287.68,289.6,287.32,287.48,909200,290.24,288.702,283.389,50.083,2.052,2.629,-0.577,288.702,296.888,280.515
2024-09-30,287.35,289.52,285.11,289.46,1364000,289.112,288.838,283.657,53.249,1.886,2.48,-0.594,288.838,296.977,280.698
2024-10-01,285.09,294.11,282.08,292.46,1486600,289.238,289.336,283.928,57.634,1.974,2.379,-0.405,289.336,297.049,281.623
2024-10-02,292.62,293.69,290.32,291.11,1218300,289.666,289.794,284.109,55.129,1.913,2.286,-0.373,289.794,296.705,282.884
2024-10-03,291.22,292.02,286.43,286.98,1124300,289.498,289.905,284.395,48.221,1.514,2.132,-0.618,289.905,296.541,283.27
2024-10-04,287.39,288.54,285.28,287.98,877300,289.598,290.282,284.58,49.859,1.264,1.958,-0.694,290.282,295.317,285.248
2024-10-07,286.68,287.84,284.2,284.76,874100,288.658,290.078,284.712,44.93,0.797,1.726,-0.929,290.078,295.66,284.496
2024-10-08,285.39,285.54,282.61,284.38,843200,287.042,289.814,284.854,44.373,0.391,1.459,-1.068,289.814,295.952,283.677
2024-10-09,283.62,287.48,283.2,286.1,726500,286.04,289.772,284.963,47.545,0.206,1.208,-1.002,289.772,296.004,283.539
2024-10-10,285.92,286.03,282.58,283.57,902400,285.358,289.55,284.912,43.606,-0.143,0.938,-1.081,289.55,296.338,282.763
2024-10-11,283.92,288.52,283.24,288.2,986300,285.402,289.363,285.054,51.522,-0.046,0.741,-0.787,289.363,296.078,282.648
2024-10-14,288.34,291.01,287.47,290.53,583400,286.556,289.16,285.264,54.95,0.217,0.636,-0.419,289.16,295.444,282.877
2024-10-15,292.19,292.45,288.59,288.94,898600,287.468,289.056,285.566,52.236,0.294,0.568,-0.274,289.056,295.276,282.835
2024-10-16,288.87,294.57,288.87,293.42,838100,288.932,289.245,285.967,58.461,0.708,0.596,0.112,289.245,295.763,282.727
2024-10-17,295.47,296.74,294.17,296.66,919000,291.55,289.484,286.399,62.289,1.283,0.733,0.549,289.484,296.72,282.248
2024-10-18,298.36,298.92,296.06,296.9,1316300,293.29,289.632,286.766,62.565,1.737,0.934,0.803,289.632,297.358,281.907
2024-10-21,297.52,299.18,295.48,296.51,1059700,294.486,289.703,287.084,61.776,2.043,1.156,0.887,289.703,297.661,281.745
2024-10-22,296.15,297.18,292.5,294.5,1145600,295.598,289.836,287.395,57.735,2.099,1.344,0.754,289.836,298.031,281.642
2024-10-23,293.41,301.35,289.42,292.97,1506600,295.508,290.037,287.657,54.796,1.996,1.475,0.521,290.037,298.336,281.737
2024-10-24,290.4,293.54,289.24,289.96,1331400,294.168,290.144,287.829,49.463,1.653,1.51,0.143,290.144,298.378,281.909
2024-10-25,293.09,293.54,290.73,291.16,1405200,293.02,290.328,287.983,51.49,1.461,1.501,-0.039,290.328,298.475,282.18
2024-10-28,291.66,293.27,290.8,292.51,968700,292.22,290.48,288.151,53.738,1.402,1.481,-0.079,290.48,298.673,282.287
2024-10-29,291.85,293.7,290.4,290.42,950600,291.404,290.378,288.297,49.884,1.173,1.419,-0.246,290.378,298.518,282.238
2024-10-30,290.49,292.7,289.85,290.06,855000,290.822,290.326,288.432,49.229,0.951,1.326,-0.374,290.326,298.459,282.192
2024-10-31,289.05,290.06,280.37,280.66,1704100,288.962,290.01,288.411,35.954,0.017,1.064,-1.047,290.01,299.123,280.896
2024-11-01,281.96,283.8,281.34,281.99,1355500,287.128,289.71,288.43,38.482,-0.609,0.729,-1.339,289.71,299.475,279.945
2024-11-04,282.6,284.46,281.37,282.58,1056000,285.142,289.601,288.498,39.62,-1.046,0.374,-1.42,289.601,299.643,279.559
2024-11-05,283.5,285.84,283.47,285.51,750100,284.16,289.657,288.634,45.058,-1.142,0.071,-1.213,289.657,299.588,279.727
2024-11-06,293.59,297.41,291.41,296.88,1659100,285.524,290.196,289.012,60.081,-0.298,-0.003,-0.295,290.196,300.478,279.915
2024-11-07,296.93,297.47,293.09,294.51,887100,288.294,290.744,289.219,56.607,0.178,0.033,0.145,290.744,300.699,280.788
2024-11-08,295.96,298.57,294.69,297.85,855100,291.466,291.226,289.471,60.108,0.816,0.19,0.626,291.226,301.59,280.862
2024-11-11,300.36,304.07,299.6,302.12,925300,295.374,291.806,289.779,64.097,1.646,0.481,1.165,291.806,303.246,280.365
2024-11-12,303.17,303.17,298.97,300.33,778600,298.338,292.375,290.135,61.328,2.136,0.812,1.324,292.375,304.337,280.413
2024-11-13,301.67,305.0,299.98,302.24,906700,299.41,292.816,290.541,63.157,2.647,1.179,1.468,292.816,305.564,280.068
2024-11-14,302.31,303.03,280.85,281.44,1927500,296.796,292.055,290.475,40.628,1.358,1.215,0.143,292.055,305.628,278.482
2024-11-15,279.91,283.92,274.95,277.18,1997300,292.662,291.069,290.41,37.665,-0.007,0.971,-0.977,291.069,305.961,276.177
2024-11-18,276.23,277.19,274.58,275.26,1287000,287.29,290.006,290.138,36.377,-1.229,0.531,-1.76,290.006,306.236,273.777
2024-11-19,276.5,277.19,269.11,270.41,1772200,281.306,288.802,289.753,33.281,-2.56,-0.088,-2.473,288.802,307.074,270.53
2024-11-20,270.9,271.41,267.68,269.54,1766400,274.766,287.63,289.405,32.743,-3.643,-0.799,-2.844,287.63,307.694,267.567
2024-11-21,270.16,272.86,268.54,269.42,1832200,272.362,286.604,289.033,32.665,-4.459,-1.531,-2.929,286.604,308.209,264.998
2024-11-22,270.22,272.95,269.41,271.23,1433900,271.172,285.607,288.619,35.188,-4.904,-2.205,-2.698,285.607,308.146,263.068
2024-11-25,272.63,273.48,268.8,270.79,1569300,270.278,284.521,288.143,34.846,-5.231,-2.811,-2.421,284.521,307.742,261.3
2024-11-26,270.53,272.73,269.06,271.43,1095100,270.482,283.571,287.751,35.823,-5.377,-3.324,-2.053,283.571,307.324,259.819
2024-11-27,272.3,275.27,271.66,271.71,994500,270.916,282.654,287.393,36.273,-5.408,-3.741,-1.667,282.654,306.766,258.542
2024-11-29,272.55,273.73,271.87,273.35,538200,271.702,282.288,287.022,38.972,-5.239,-4.04,-1.199,282.288,306.747,257.83
2024-12-02,272.28,272.52,265.27,266.06,1936800,270.668,281.492,286.465,32.402,-5.629,-4.358,-1.271,281.492,307.006,255.978
2024-12-03,266.1,267.69,264.14,267.0,1130800,269.91,280.713,285.903,33.948,-5.796,-4.646,-1.15,280.713,307.026,254.4
2024-12-04,266.09,268.12,264.67,267.24,1307500,269.072,279.8,285.411,34.361,-5.841,-4.885,-0.956,279.8,306.674,252.925
2024-12-05,267.08,268.27,264.82,264.82,1511800,267.694,278.196,284.928,32.177,-6.003,-5.108,-0.894,278.196,304.602,251.791
2024-12-06,264.68,265.5,260.87,261.6,1879400,265.344,276.551,284.403,29.491,-6.318,-5.35,-0.968,276.551,302.777,250.325
2024-12-09,261.16,262.47,259.29,259.45,2143000,264.022,274.631,283.843,27.821,-6.664,-5.613,-1.051,274.631,299.896,249.366
2024-12-10,259.37,261.87,257.22,260.28,1279800,262.678,272.539,283.259,29.481,-6.794,-5.849,-0.944,272.539,294.993,250.085
2024-12-11,259.44,259.88,253.53,255.47,2263500,260.324,270.296,282.519,25.781,-7.201,-6.12,-1.082,270.296,289.834,250.758
2024-12-12,250.24,254.23,247.6,253.16,2408900,257.992,267.842,281.76,24.209,-7.623,-6.42,-1.203,267.842,282.103,253.581
2024-12-13,253.13,255.12,252.1,253.23,1673400,256.318,266.432,281.085,24.359,-7.861,-6.708,-1.152,266.432,280.61,252.253
2024-12-16,253.23,259.57,252.85,256.08,3087200,255.644,265.376,280.447,30.417,-7.73,-6.913,-0.817,265.376,279.325,251.428
2024-12-17,254.54,257.68,253.89,255.26,1963800,254.64,264.376,279.857,29.681,-7.605,-7.051,-0.554,264.376,278.209,250.544
2024-12-18,255.24,259.38,252.26,252.42,2241500,254.03,263.477,279.218,27.222,-7.647,-7.17,-0.477,263.477,277.981,248.973
2024-12-19,250.19,252.96,248.2,250.51,2169800,253.5,262.526,278.506,25.681,-7.745,-7.285,-0.46,262.526,277.829,247.222
2024-12-20,249.35,257.4,248.12,253.74,3546200,253.602,261.741,277.91,32.626,-7.476,-7.323,-0.153,261.741,277.164,246.319
2024-12-23,255.82,255.82,253.03,255.23,1552800,253.432,260.942,277.25,35.615,-7.061,-7.271,0.21,260.942,275.946,245.937
2024-12-24,254.73,255.92,253.73,255.92,500900,253.564,260.198,276.558,37.008,-6.601,-7.137,0.536,260.198,274.61,245.786
2024-12-26,255.91,258.26,255.29,256.76,851300,254.432,259.464,275.915,38.746,-6.097,-6.929,0.831,259.464,272.932,245.997
2024-12-27,254.84,257.54,254.78,256.15,1001400,255.56,258.687,275.169,37.928,-5.683,-6.68,0.997,258.687,270.916,246.457
2024-12-30,253.31,255.16,251.26,253.49,1550200,255.51,257.693,274.306,34.505,-5.505,-6.445,0.94,257.693,267.981,247.406
2024-12-31,254.09,255.55,252.31,253.6,894900,255.184,257.07,273.44,34.767,-5.294,-6.215,0.92,257.07,266.713,247.428
2025-01-02,254.95,255.85,250.72,251.21,1749000,254.242,256.281,272.534,31.79,-5.259,-6.024,0.764,256.281,265.047,247.515
2025-01-03,251.37,254.24,250.5,253.48,1287600,253.586,255.593,271.713,37.284,-4.991,-5.817,0.826,255.593,262.749,248.437
2025-01-06,252.47,254.37,247.89,248.3,1897900,252.016,254.767,270.82,31.123,-5.137,-5.681,0.544,254.767,261.218,248.316
2025-01-07,249.05,253.06,248.37,249.9,1303700,251.298,254.182,270.019,34.712,-5.066,-5.558,0.492,254.182,260.126,248.238
2025-01-08,249.05,252.65,249.05,251.65,1120500,250.908,253.792,269.229,38.486,-4.812,-5.409,0.597,253.792,259.287,248.297
2025-01-10,250.74,252.13,248.94,249.64,1722900,250.594,253.26,268.371,35.918,-4.719,-5.271,0.552,253.26,258.136,248.384
2025-01-13,249.64,254.94,249.28,253.77,1360000,250.652,253.175,267.638,44.164,-4.263,-5.069,0.806,253.175,257.946,248.404
2025-01-14,253.63,255.33,252.39,255.17,1095800,252.026,253.276,266.94,46.669,-3.745,-4.804,1.059,253.276,258.13,248.421
2025-01-15,257.49,257.79,254.11,256.1,1013500,253.266,253.419,266.449,48.328,-3.223,-4.488,1.265,253.419,258.434,248.404
2025-01-16,256.01,259.29,255.72,258.74,1753000,254.684,253.552,265.984,52.814,-2.566,-4.104,1.538,253.552,258.988,248.116
2025-01-17,259.71,260.09,257.5,258.02,1544000,256.36,253.69,265.493,51.501,-2.08,-3.699,1.619,253.69,259.44,247.94
2025-01-21,260.56,265.26,260.14,262.82,2444300,258.17,254.21,265.039,58.848,-1.292,-3.218,1.925,254.21,261.219,247.201
2025-01-22,262.82,262.87,258.06,260.12,2028900,259.16,254.69,264.304,53.902,-0.876,-2.749,1.873,254.69,261.945,247.436
2025-01-23,261.37,262.21,256.11,259.85,2210900,259.91,254.996,263.611,53.418,-0.561,-2.312,1.75,254.996,262.589,247.403
2025-01-24,259.85,260.3,257.12,257.79,1546500,259.72,255.124,262.81,49.751,-0.473,-1.944,1.471,255.124,262.819,247.429
2025-01-27,259.08,261.43,257.83,261.09,1694200,260.334,255.382,261.989,55.072,-0.135,-1.582,1.447,255.382,263.524,247.241
2025-01-28,261.23,261.26,252.8,254.05,2042600,258.58,255.247,261.063,44.296,-0.43,-1.352,0.922,255.247,263.383,247.111
2025-01-29,245.59,252.84,239.0,243.29,3497600,255.214,254.604,259.884,33.505,-1.514,-1.384,-0.13,254.604,264.319,244.889
2025-01-30,245.62,248.75,244.31,248.6,2299300,252.964,254.36,259.228,41.127,-1.923,-1.492,-0.431,254.36,264.432,244.287
2025-01-31,248.66,250.36,246.53,248.65,1902800,251.136,254.112,258.657,41.196,-2.218,-1.637,-0.581,254.112,264.501,243.723
2025-02-03,247.7,249.7,245.6,248.27,1414600,248.572,253.965,258.117,40.808,-2.454,-1.801,-0.653,253.965,264.607,243.323
2025-02-04,247.66,250.53,247.55,249.08,1356000,247.578,253.745,257.691,42.06,-2.546,-1.95,-0.596,253.745,264.609,242.881
2025-02-05,250.32,250.82,248.5,250.19,1098100,248.958,253.84,257.304,43.814,-2.501,-2.06,-0.441,253.84,264.536,243.143
2025-02-06,249.35,249.35,244.92,247.24,1154700,248.686,253.706,256.86,40.32,-2.672,-2.182,-0.49,253.706,264.672,242.741
2025-02-07,247.72,248.87,245.68,246.57,1290600,248.27,253.453,256.367,39.549,-2.829,-2.312,-0.518,253.453,264.845,242.06
2025-02-10,247.2,249.02,246.84,248.03,1410900,248.222,253.372,255.912,42.146,-2.804,-2.41,-0.394,253.372,264.9,241.844
2025-02-11,247.57,249.33,246.1,248.66,1095600,248.138,253.116,255.456,43.278,-2.701,-2.468,-0.233,253.116,264.832,241.401
2025-02-12,246.23,247.34,242.83,243.18,1560900,246.736,252.517,254.886,36.573,-3.028,-2.58,-0.448,252.517,264.993,240.041
2025-02-13,243.44,243.78,234.98,238.18,2825100,244.924,251.621,254.182,31.741,-3.648,-2.794,-0.854,251.621,265.508,237.734
2025-02-14,237.78,239.04,232.09,234.09,2765000,242.428,250.388,253.543,28.432,-4.418,-3.119,-1.3,250.388,265.896,234.881
2025-02-18,236.41,236.54,233.29,234.73,2113500,239.768,249.224,252.897,29.667,-4.92,-3.479,-1.441,249.224,265.781,232.667
2025-02-19,234.71,238.29,234.19,236.26,1900100,237.288,247.896,252.278,32.661,-5.136,-3.81,-1.325,247.896,264.118,231.674
2025-02-20,234.48,239.26,234.48,238.22,1566900,236.296,246.801,251.746,36.395,-5.09,-4.066,-1.023,246.801,262.497,231.105
2025-02-21,237.25,237.37,233.81,235.18,1947400,235.696,245.568,251.217,33.31,-5.238,-4.3,-0.937,245.568,260.817,230.318
2025-02-24,236.67,240.28,235.53,238.28,2204400,236.534,244.592,250.794,38.99,-5.047,-4.45,-0.597,244.592,259.024,230.16
2025-02-25,239.15,242.69,238.71,241.8,1711600,237.948,243.628,250.424,44.745,-4.559,-4.472,-0.088,243.628,255.821,231.434
2025-02-26,242.37,242.48,239.84,241.16,1372100,238.928,242.983,250.138,43.933,-4.176,-4.413,0.236,242.983,254.179,231.787
2025-02-27,242.03,244.3,241.47,243.46,1410300,239.976,242.992,249.944,47.61,-3.645,-4.259,0.614,242.992,254.189,231.794
2025-02-28,244.16,246.4,241.83,244.41,1755500,241.822,242.782,249.768,49.095,-3.112,-4.03,0.918,242.782,253.691,231.873
2025-03-03,246.89,247.63,244.12,245.8,1333100,243.326,242.64,249.562,51.272,-2.547,-3.733,1.186,242.64,253.297,231.982
2025-03-04,244.78,249.14,242.29,242.67,2013300,243.5,242.36,249.31,46.455,-2.326,-3.452,1.126,242.36,252.683,232.036
2025-03-05,247.21,255.48,242.91,254.43,4141800,246.154,242.627,249.351,61.202,-1.188,-2.999,1.811,242.627,253.916,231.338
2025-03-06,253.01,257.52,250.83,255.97,2075700,248.656,242.916,249.46,62.653,-0.16,-2.431,2.271,242.916,255.266,230.566
2025-03-07,253.95,263.67,253.95,262.75,1978800,252.324,243.692,249.64,68.276,1.189,-1.707,2.896,243.692,258.82,228.563
2025-03-10,261.24,270.19,259.47,263.12,2274400,255.788,244.519,249.798,68.555,2.261,-0.914,3.174,244.519,261.946,227.092
2025-03-11,261.99,263.39,253.75,255.55,1827900,258.364,244.895,249.79,57.451,2.471,-0.237,2.708,244.895,262.954,226.836
2025-03-12,254.53,255.16,249.71,251.58,1122800,257.794,245.041,249.687,52.636,2.291,0.269,2.022,245.041,263.275,226.807
2025-03-13,250.91,254.64,250.26,252.69,1044500,257.138,245.516,249.618,53.802,2.213,0.658,1.555,245.516,264.04,226.993
2025-03-14,253.02,254.24,251.03,253.53,956600,255.294,246.284,249.618,54.71,2.193,0.965,1.228,246.284,264.799,227.769
2025-03-17,253.53,258.35,253.51,256.58,974400,253.986,247.408,249.678,57.944,2.396,1.251,1.145,247.408,265.533,229.284
2025-03-18,256.1,259.95,255.13,258.84,1569900,254.644,248.614,249.831,60.212,2.708,1.542,1.165,248.614,266.392,230.836
2025-03-19,258.86,261.53,257.9,259.28,1496000,256.184,249.765,249.947,60.656,2.956,1.825,1.131,249.765,267.152,232.378
2025-03-20,257.52,258.78,255.97,257.08,1251500,257.062,250.708,250.122,57.213,2.942,2.048,0.893,250.708,267.494,233.922
2025-03-21,255.95,256.69,251.75,254.87,3313600,257.33,251.692,250.222,53.903,2.721,2.183,0.538,251.692,266.877,236.508
2025-03-24,256.41,257.58,255.05,257.26,1023200,257.466,252.642,250.334,56.813,2.707,2.288,0.419,252.642,266.621,238.662
2025-03-25,257.29,259.31,255.93,258.86,911900,257.47,253.494,250.518,58.693,2.793,2.389,0.404,253.494,266.752,240.237
2025-03-26,260.42,261.79,259.86,260.84,1139900,257.782,254.478,250.66,60.958,2.987,2.508,0.478,254.478,266.767,242.19
2025-03-27,261.24,262.5,259.98,260.75,802100,258.516,255.343,250.771,60.795,3.097,2.626,0.471,255.343,266.771,243.915
2025-03-28,260.3,261.45,258.89,260.35,1240400,259.612,256.14,250.856,60.026,3.117,2.724,0.392,256.14,266.534,245.746
2025-03-31,260.3,265.07,260.07,263.74,1853700,260.908,257.037,250.956,64.163,3.367,2.853,0.514,257.037,266.747,247.327
2025-04-01,263.74,265.88,262.57,265.25,1470300,262.186,258.166,251.101,65.859,3.645,3.011,0.634,258.166,265.891,250.441
2025-04-02,262.92,269.25,262.45,267.09,1350000,263.436,258.799,251.186,67.854,3.968,3.202,0.765,258.799,267.273,250.325
2025-04-03,265.05,270.04,260.27,260.88,1416700,263.462,259.045,251.201,55.965,3.68,3.298,0.382,259.045,267.458,250.631
2025-04-04,256.37,257.11,241.65,241.9,3232200,259.772,258.002,250.842,35.495,1.899,3.018,-1.119,258.002,269.191,246.813
2025-04-07,236.73,245.04,231.44,239.65,2328400,254.954,256.829,250.48,33.911,0.302,2.475,-2.173,256.829,270.422,243.235
2025-04-08,248.68,252.53,243.5,246.15,2277200,251.134,256.358,250.181,41.966,-0.434,1.893,-2.327,256.358,270.764,241.953
2025-04-09,241.81,263.9,241.81,262.71,2676600,250.258,256.915,250.354,56.509,0.316,1.578,-1.262,256.915,271.403,242.427
2025-04-10,260.28,265.7,254.5,263.0,2094300,250.682,257.43,250.748,56.714,0.922,1.447,-0.524,257.43,272.019,242.842
2025-04-11,263.0,270.25,260.0,269.16,1568500,256.134,258.212,251.159,60.919,1.879,1.533,0.346,258.212,273.575,242.849
2025-04-14,269.34,272.8,266.48,271.24,1244600,262.452,258.945,251.611,62.252,2.772,1.781,0.991,258.945,275.344,242.546
2025-04-15,270.39,273.33,268.84,269.64,1544800,267.15,259.485,252.039,60.541,3.313,2.087,1.226,259.485,276.566,242.404
2025-04-16,270.05,273.19,267.76,269.14,1964500,268.436,259.978,252.44,59.986,3.659,2.402,1.258,259.978,277.595,242.361
2025-04-17,268.08,270.88,265.95,268.61,1722000,269.558,260.555,252.808,59.365,3.847,2.691,1.156,260.555,278.523,242.586
2025-04-21,267.57,268.78,263.28,265.79,1423100,268.884,261.1,253.179,56.04,3.725,2.898,0.827,261.1,279.006,243.195
2025-04-22,264.33,268.21,259.67,267.36,3048600,268.108,261.606,253.595,57.468,3.712,3.06,0.651,261.606,279.624,243.587
2025-04-23,264.28,265.5,256.47,258.54,2245700,265.888,261.59,253.805,48.027,2.956,3.039,-0.084,261.59,279.619,243.56
2025-04-24,257.76,264.9,255.73,264.36,1835000,264.932,261.766,254.119,53.46,2.794,2.99,-0.196,261.766,279.833,243.698
2025-04-25,265.93,266.12,260.92,264.61,947600,264.132,261.959,254.548,53.684,2.655,2.923,-0.268,261.959,280.062,243.855
2025-04-28,265.54,267.66,262.33,264.58,1031000,263.89,262.17,255.076,53.651,2.514,2.842,-0.327,262.17,280.294,244.046
2025-04-29,264.64,266.0,263.59,264.72,1002000,263.362,262.219,255.688,53.795,2.386,2.75,-0.364,262.219,280.366,244.072
2025-04-30,265.47,265.64,261.03,264.76,1388800,264.606,262.194,256.289,53.84,2.262,2.653,-0.391,262.194,280.325,244.064
2025-05-01,264.16,265.88,261.95,264.16,1319900,264.566,262.048,256.847,53.02,2.091,2.54,-0.45,262.048,280.059,244.037
2025-05-02,267.56,268.76,259.75,265.64,1637700,264.772,262.286,257.395,54.846,2.051,2.442,-0.392,262.286,280.358,244.214
2025-05-05,266.29,266.74,264.32,264.78,1156500,264.812,263.43,257.987,53.544,1.928,2.339,-0.412,263.43,278.757,248.103
2025-05-06,263.9,264.64,261.18,263.29,994500,264.526,264.612,258.488,51.271,1.69,2.21,-0.519,264.612,275.099,254.125
2025-05-07,262.79,264.13,260.96,262.16,861600,264.006,265.412,258.895,49.554,1.395,2.047,-0.652,265.412,271.478,259.347
2025-05-08,262.62,267.14,262.62,264.62,1339500,264.098,265.508,259.364,53.227,1.344,1.906,-0.562,265.508,271.453,259.563
2025-05-09,265.95,266.26,262.12,264.21,1029100,263.812,265.568,259.779,52.54,1.256,1.776,-0.52,265.568,271.43,259.707
2025-05-12,266.68,269.0,262.21,268.76,1158900,264.608,265.548,260.266,58.88,1.536,1.728,-0.192,265.548,271.361,259.736
2025-05-13,268.49,269.5,265.58,265.63,1100700,265.076,265.268,260.663,53.578,1.488,1.68,-0.192,265.268,270.429,260.107
2025-05-14,265.22,265.83,260.15,263.36,1000700,265.316,264.954,261.076,50.057,1.252,1.594,-0.342,264.954,269.746,260.162
2025-05-15,265.17,271.34,263.96,270.97,1396800,266.586,265.046,261.407,59.634,1.66,1.607,0.053,265.046,270.228,259.863
2025-05-16,272.58,273.12,270.82,273.11,1173800,268.366,265.27,261.75,61.849,2.132,1.712,0.419,265.27,271.407,259.134
2025-05-19,273.12,275.25,271.74,273.76,802100,269.366,265.669,261.97,62.522,2.529,1.876,0.653,265.669,272.888,258.45
2025-05-20,272.59,275.22,272.59,273.95,734700,271.03,265.999,262.187,62.729,2.826,2.066,0.76,265.999,274.091,257.906
2025-05-21,273.41,274.33,269.41,270.18,997100,272.394,266.58,262.479,56.109,2.726,2.198,0.528,266.58,274.066,259.095
2025-05-22,269.47,271.25,267.76,269.53,1034800,272.106,266.839,262.838,55.031,2.565,2.271,0.294,266.839,274.358,259.32
2025-05-23,267.31,268.17,265.86,267.31,835900,270.946,266.974,263.131,51.398,2.232,2.263,-0.031,266.974,274.422,259.526
2025-05-27,269.55,272.25,268.83,271.67,1053300,270.528,267.328,263.494,57.353,2.294,2.269,0.024,267.328,274.969,259.688
2025-05-28,272.08,272.42,265.82,266.23,1006100,268.984,267.404,263.687,49.246,1.882,2.192,-0.31,267.404,274.965,259.843
2025-05-29,265.56,268.0,263.85,267.75,992200,268.498,267.554,263.865,51.317,1.659,2.086,-0.426,267.554,275.012,260.095
2025-05-30,268.1,271.4,266.7,270.95,1657500,268.782,267.893,264.098,55.438,1.721,2.013,-0.291,267.893,275.319,260.467
2025-06-02,270.32,270.32,266.45,268.25,1001600,268.97,268.023,264.322,51.478,1.535,1.917,-0.382,268.023,275.374,260.673
2025-06-03,268.3,269.37,266.18,268.57,1051000,268.35,268.213,264.596,51.917,1.397,1.813,-0.416,268.213,275.406,261.02
2025-06-04,269.07,269.81,267.37,267.59,772500,268.622,268.428,264.802,50.414,1.194,1.689,-0.495,268.428,275.248,261.608
2025-06-05,268.5,268.5,265.27,266.99,871000,268.47,268.67,264.965,49.47,0.974,1.546,-0.572,268.67,274.869,262.47
2025-06-06,268.02,270.54,267.74,269.0,647000,268.08,268.888,265.128,52.667,0.951,1.427,-0.476,268.888,274.788,262.989
2025-06-09,268.75,270.54,266.4,269.81,789600,268.392,269.168,265.309,53.932,0.987,1.339,-0.352,269.168,274.65,263.687
2025-06-10,270.21,271.3,268.7,269.86,1008300,268.65,269.224,265.499,54.014,1.008,1.273,-0.265,269.224,274.71,263.737
2025-06-11,268.98,269.51,260.84,268.37,970000,268.806,269.36,265.592,51.105,0.893,1.197,-0.304,269.36,274.6,264.121
2025-06-12,267.77,272.38,267.44,272.35,753700,269.878,269.81,265.734,57.663,1.111,1.18,-0.069,269.81,274.382,265.238
2025-06-13,276.8,279.04,274.23,275.34,1649100,271.146,270.028,265.899,61.808,1.508,1.245,0.262,270.028,275.211,264.846
2025-06-16,275.57,276.3,270.7,271.73,927500,271.53,269.96,266.116,54.829,1.513,1.299,0.214,269.96,275.004,264.915
2025-06-17,272.5,274.2,269.85,273.69,984200,272.296,269.956,266.752,57.627,1.657,1.371,0.286,269.956,274.99,264.922
2025-06-18,273.69,276.19,270.73,270.99,731900,272.82,269.808,267.379,52.778,1.535,1.403,0.132,269.808,274.51,265.106
2025-06-20,271.89,272.5,268.03,271.24,1518700,272.598,269.861,267.88,53.171,1.442,1.411,0.031,269.861,274.605,265.117
2025-06-23,272.5,275.71,272.07,274.68,1205600,272.466,270.118,268.12,58.311,1.627,1.454,0.173,270.118,275.323,264.914
2025-06-24,272.94,274.34,270.7,273.44,1127300,272.808,270.425,268.329,55.928,1.655,1.494,0.16,270.425,275.655,265.195
2025-06-25,275.88,279.48,273.52,278.17,2205900,273.704,270.75,268.509,62.263,2.035,1.602,0.432,270.75,277.012,264.488
2025-06-26,279.71,284.98,278.61,283.5,1857700,276.206,271.614,268.754,67.868,2.734,1.829,0.906,271.614,279.737,263.49
2025-06-27,281.99,283.71,280.81,282.87,2268300,278.532,272.37,269.019,66.609,3.201,2.103,1.098,272.37,281.703,263.036
2025-06-30,283.68,285.21,282.78,283.77,1184100,280.35,273.01,269.311,67.536,3.602,2.403,1.199,273.01,283.609,262.412
2025-07-01,283.74,286.43,281.57,286.41,1468700,282.944,273.919,269.667,70.153,4.086,2.74,1.346,273.919,285.83,262.007
2025-07-02,286.16,286.36,282.44,285.97,1086600,284.504,274.788,270.071,69.152,4.383,3.068,1.315,274.788,287.566,262.011
2025-07-03,286.6,288.91,285.89,288.25,646600,285.454,275.821,270.489,71.426,4.748,3.404,1.344,275.821,289.46,262.183
2025-07-07,288.5,291.15,287.24,288.15,978700,286.51,276.88,271.081,71.179,4.972,3.718,1.254,276.88,290.91,262.849
2025-07-08,290.32,294.89,288.98,290.1,1427200,287.776,277.934,271.596,73.136,5.246,4.024,1.223,277.934,292.628,263.241
2025-07-09,291.35,293.38,290.29,293.34,1134400,289.162,279.111,272.17,76.047,5.66,4.351,1.309,279.111,294.8,263.422
2025-07-10,293.31,297.51,292.32,296.68,1362800,291.304,280.452,272.812,78.62,6.186,4.718,1.468,280.452,297.35,263.554
2025-07-11,296.21,296.67,294.56,295.53,952500,292.76,281.81,273.428,75.609,6.436,5.061,1.374,281.81,298.983,264.637
2025-07-14,295.43,298.98,294.79,298.12,1147100,294.754,283.098,274.096,77.682,6.765,5.402,1.363,283.098,301.128,265.069
2025-07-15,297.68,298.59,294.08,294.21,1146900,295.576,284.042,274.697,68.252,6.633,5.648,0.985,284.042,302.335,265.749
2025-07-16,294.49,295.33,291.31,293.38,1142900,295.584,285.124,275.251,66.409,6.389,5.796,0.592,285.124,302.905,267.344
2025-07-17,293.38,294.88,291.92,293.47,1227400,294.942,286.114,275.825,66.514,6.131,5.863,0.268,286.114,303.41,268.817
2025-07-18,293.97,294.86,291.2,292.38,1636200,294.312,287.183,276.407,63.895,5.773,5.845,-0.072,287.183,303.135,271.231
2025-07-21,292.37,293.38,290.41,290.49,1065800,292.786,288.145,276.974,59.518,5.276,5.731,-0.456,288.145,302.265,274.026
2025-07-22,288.66,292.31,287.46,291.03,1597400,292.15,288.963,277.502,60.354,4.869,5.559,-0.69,288.963,301.617,276.309
2025-07-23,303.16,311.73,301.82,309.94,2415400,295.462,290.788,278.416,77.708,6.003,5.648,0.356,290.788,304.5,277.076
2025-07-24,311.96,315.38,307.07,307.3,1641400,298.228,292.244,279.187,72.909,6.613,5.841,0.772,292.244,306.491,277.998
2025-07-25,307.11,308.03,304.14,307.09,1218100,301.17,293.424,280.016,72.526,6.999,6.072,0.926,293.424,308.504,278.344
2025-07-28,306.75,306.75,304.21,306.19,1153600,304.31,294.59,280.873,70.806,7.149,6.288,0.861,294.59,309.84,279.34
2025-07-29,309.03,309.96,306.51,307.75,1140800,307.654,295.789,281.609,72.044,7.31,6.492,0.818,295.789,311.226,280.352
2025-07-30,308.15,308.41,303.62,305.29,1518000,306.724,296.733,282.252,67.207,7.157,6.625,0.532,296.733,312.064,281.402
2025-07-31,304.48,306.39,303.45,304.73,1647900,306.21,297.671,282.872,66.118,6.91,6.682,0.228,297.671,312.517,282.825
2025-08-01,302.82,304.48,299.28,303.88,891100,305.568,298.452,283.47,64.413,6.571,6.66,-0.089,298.452,312.849,284.056
2025-08-04,304.16,306.29,303.48,305.88,852300,305.506,299.339,284.184,66.596,6.389,6.606,-0.217,299.339,313.24,285.438
2025-08-05,305.31,307.72,305.09,306.83,1017700,305.322,300.176,284.93,67.612,6.25,6.535,-0.285,300.176,313.745,286.606
2025-08-06,308.03,310.0,306.09,308.04,893400,305.872,300.91,285.745,68.909,6.166,6.461,-0.295,300.91,314.513,287.308
2025-08-07,307.07,307.75,302.89,305.83,954400,306.092,301.368,286.428,63.877,5.854,6.339,-0.485,301.368,314.987,287.749
2025-08-08,306.07,308.84,305.92,307.2,1157300,306.756,301.952,287.247,65.556,5.652,6.202,-0.55,301.952,315.517,288.386
2025-08-11,307.06,308.15,306.29,307.98,1004600,307.176,302.444,288.052,66.511,5.492,6.06,-0.568,302.444,316.14,288.749
2025-08-12,307.54,308.4,305.32,307.08,1034400,307.226,303.088,288.775,64.297,5.231,5.894,-0.663,303.088,316.357,289.819
2025-08-13,307.8,310.72,306.99,310.48,813500,307.714,303.943,289.619,68.555,5.239,5.763,-0.524,303.943,316.775,291.111
2025-08-14,312.58,313.91,308.87,308.87,843100,308.322,304.713,290.425,64.624,5.057,5.622,-0.565,304.713,316.721,292.705
2025-08-15,308.99,308.99,306.39,306.77,900500,308.236,305.432,291.209,59.807,4.69,5.436,-0.746,305.432,315.962,294.903
2025-08-18,306.82,309.14,306.24,306.66,818300,307.972,306.241,292.002,59.557,4.339,5.216,-0.877,306.241,314.079,298.403
2025-08-19,305.78,309.48,305.76,309.42,748400,308.44,307.16,292.811,63.668,4.235,5.02,-0.785,307.16,310.521,303.8
2025-08-20,310.39,311.61,309.46,310.47,798900,308.438,307.187,293.624,65.12,4.19,4.854,-0.664,307.187,310.646,303.728
2025-08-21,309.88,311.08,308.87,309.54,717500,308.572,307.299,294.417,62.728,4.032,4.69,-0.658,307.299,310.915,303.683
2025-08-22,311.2,313.8,310.6,312.56,917200,309.73,307.573,295.301,66.971,4.103,4.572,-0.469,307.573,311.883,303.262
2025-08-25,312.78,315.09,312.77,312.83,804100,310.964,307.904,296.111,67.329,4.134,4.485,-0.351,307.904,312.756,303.053
2025-08-26,311.96,315.72,311.96,315.07,952100,312.094,308.27,296.905,70.214,4.289,4.446,-0.156,308.27,314.082,302.459
2025-08-27,315.68,318.63,315.68,318.28,846900,313.656,308.92,297.836,73.787,4.618,4.48,0.138,308.92,316.077,301.763
2025-08-28,318.34,318.82,316.0,317.74,801100,315.296,309.57,298.717,72.217,4.781,4.54,0.24,309.57,317.452,301.689
2025-08-29,317.97,318.8,316.57,317.41,670200,316.266,310.247,299.646,71.221,4.827,4.598,0.229,310.247,318.39,302.104
2025-09-02,317.22,317.71,314.91,317.23,874200,317.146,310.814,300.566,70.648,4.794,4.637,0.157,310.814,319.253,302.376
2025-09-03,317.01,317.28,314.07,315.68,658000,317.268,311.257,301.386,65.744,4.589,4.627,-0.038,311.257,319.744,302.77
2025-09-04,316.13,316.61,313.83,315.32,943800,316.676,311.621,302.223,64.622,4.348,4.572,-0.223,311.621,320.151,303.091
2025-09-05,316.85,317.05,313.29,315.73,860900,316.274,312.116,302.974,65.348,4.143,4.486,-0.343,312.116,320.376,303.856
2025-09-08,315.38,316.01,312.67,315.6,810300,315.912,312.536,303.616,64.893,3.924,4.373,-0.449,312.536,320.595,304.477
2025-09-09,314.79,315.28,311.77,314.24,789700,315.314,312.849,304.244,60.18,3.599,4.219,-0.619,312.849,320.645,305.053
2025-09-10,313.7,316.62,313.57,315.92,709100,315.362,313.291,304.887,63.689,3.438,4.062,-0.624,313.291,320.703,305.879
2025-09-11,315.8,322.72,315.0,322.34,834100,316.766,313.884,305.605,73.351,3.785,4.007,-0.222,313.884,322.192,305.576
2025-09-12,322.72,322.89,318.58,318.95,578800,317.41,314.388,306.265,63.711,3.743,3.954,-0.211,314.388,322.639,306.137
2025-09-15,319.29,321.02,318.49,319.76,694800,318.242,315.038,306.895,64.898,3.732,3.91,-0.178,315.038,322.793,307.282
2025-09-16,320.61,322.19,318.77,319.2,1350700,319.234,315.664,307.516,63.355,3.636,3.855,-0.219,315.664,322.547,308.782
2025-09-17,319.57,321.22,317.38,318.1,1343800,319.67,316.098,308.076,60.321,3.432,3.77,-0.339,316.098,322.393,309.804
2025-09-18,316.82,318.24,315.36,317.41,1096300,318.684,316.446,308.558,58.43,3.177,3.652,-0.474,316.446,322.173,310.718
2025-09-19,318.18,318.52,314.81,316.93,2654500,318.28,316.815,308.963,57.09,2.904,3.502,-0.598,316.815,321.531,312.099
2025-09-22,315.87,317.12,313.83,315.54,1354900,317.436,316.964,309.363,53.279,2.545,3.311,-0.765,316.964,321.285,312.643
2025-09-23,315.49,318.55,314.03,316.07,1250600,316.81,317.126,309.722,54.525,2.278,3.104,-0.826,317.126,321.016,313.236
2025-09-24,314.77,318.27,314.17,316.48,1452400,316.486,317.196,310.167,55.514,2.075,2.898,-0.823,317.196,320.98,313.413
2025-09-25,318.14,321.27,315.38,317.27,1014000,316.458,317.146,310.645,57.435,1.956,2.71,-0.754,317.146,320.895,313.397
2025-09-26,319.22,323.33,319.01,323.05,1043600,317.682,317.412,311.237,68.239,2.301,2.628,-0.327,317.412,321.997,312.826
2025-09-29,327.61,330.07,324.02,324.84,1693100,319.542,317.783,311.886,70.718,2.688,2.64,0.048,317.783,323.445,312.121
2025-09-30,324.8,333.49,324.8,333.47,1622800,323.022,318.595,312.745,79.162,3.649,2.842,0.807,318.595,327.596,309.594
2025-10-01,330.44,333.66,328.89,333.23,1162500,326.372,319.472,313.589,78.484,4.341,3.142,1.199,319.472,330.476,308.469
2025-10-02,332.07,334.14,330.61,333.52,942900,329.622,320.383,314.061,78.721,4.857,3.485,1.372,320.383,332.853,307.912
2025-10-03,334.42,337.6,333.72,336.04,710200,332.22,321.398,314.636,80.71,5.407,3.869,1.538,321.398,335.477,307.319
2025-10-06,336.92,339.7,335.81,338.85,885900,335.022,322.56,315.271,82.657,6.0,4.295,1.705,322.56,338.359,306.762
2025-10-07,336.95,339.7,335.28,335.85,740600,335.498,323.641,315.864,74.063,6.157,4.668,1.49,323.641,339.989,307.293
2025-10-08,337.6,339.58,335.85,338.79,773900,336.61,324.785,316.485,76.628,6.445,5.023,1.422,324.785,342.033,307.536
2025-10-09,338.64,339.65,334.68,335.2,798300,336.946,325.428,317.083,67.81,6.31,5.281,1.03,325.428,343.242,307.613
2025-10-10,334.8,335.92,326.88,327.02,927300,335.142,325.831,317.529,52.879,5.481,5.321,0.16,325.831,343.392,308.27
2025-10-13,327.18,330.81,326.33,328.45,839200,333.062,326.266,318.02,54.755,4.882,5.233,-0.351,326.266,343.623,308.908
2025-10-14,327.7,332.76,327.08,329.54,862600,331.8,326.782,318.494,56.186,4.444,5.075,-0.631,326.782,343.867,309.698
2025-10-15,329.96,333.95,321.51,326.14,1018300,329.27,327.184,318.88,50.788,3.78,4.816,-1.036,327.184,343.781,310.588
2025-10-16,326.53,327.45,323.65,324.71,787800,327.172,327.549,319.213,48.67,3.102,4.473,-1.372,327.549,343.551,311.548
2025-10-17,323.07,326.26,322.38,325.26,916700,326.82,327.966,319.602,49.542,2.579,4.094,-1.515,327.966,343.22,312.712
2025-10-20,327.08,331.93,325.86,331.2,823600,327.37,328.749,320.082,57.863,2.614,3.798,-1.184,328.749,342.884,314.614
2025-10-21,331.9,335.7,331.9,334.63,946500,328.388,329.677,320.615,61.783,2.885,3.616,-0.73,329.677,342.7,316.654
2025-10-22,335.17,336.2,332.08,332.23,1171900,329.606,330.464,321.118,57.736,2.873,3.467,-0.594,330.464,341.94,318.989
2025-10-23,333.52,336.61,333.22,335.43,1198900,331.75,331.373,321.617,61.369,3.087,3.391,-0.304,331.373,341.209,321.536
2025-10-24,350.65,354.09,337.41,344.54,2098000,335.606,332.447,322.33,69.427,3.945,3.502,0.443,332.447,343.116,321.778
2025-10-27,347.49,349.52,340.17,347.48,1674900,338.862,333.579,323.144,71.493,4.808,3.763,1.045,333.579,345.572,321.586
2025-10-28,345.77,346.38,340.44,340.52,926600,340.04,333.932,323.822,60.984,4.873,3.985,0.888,333.932,346.319,321.544
2025-10-29,339.12,339.93,333.74,337.38,1712200,341.07,334.139,324.381,56.919,4.619,4.112,0.507,334.139,346.615,321.663
2025-10-30,337.98,343.04,337.75,338.53,1303800,341.69,334.39,324.942,58.023,4.458,4.181,0.277,334.39,347.014,321.765
2025-10-31,338.44,339.29,335.28,338.77,1520300,340.536,334.526,325.527,58.263,4.301,4.205,0.096,334.526,347.284,321.768
2025-11-03,337.89,337.93,333.41,335.79,1352400,338.198,334.373,325.991,54.12,3.891,4.142,-0.251,334.373,346.985,321.761
2025-11-04,334.73,339.09,332.97,337.37,1254500,337.568,334.449,326.482,55.91,3.651,4.044,-0.393,334.449,347.117,321.781
2025-11-05,336.29,340.38,334.99,336.82,1088700,337.456,334.35,326.917,55.105,3.378,3.911,-0.533,334.35,346.906,321.795
2025-11-06,337.01,338.17,333.7,334.25,899000,336.6,334.303,327.236,51.378,2.921,3.713,-0.792,334.303,346.852,321.754
2025-11-07,335.73,340.98,332.8,340.18,1209000,336.882,334.961,327.685,58.373,3.002,3.571,-0.569,334.961,347.28,322.642
2025-11-10,339.76,343.76,338.22,343.28,923900,338.38,335.702,328.203,61.493,3.279,3.512,-0.234,335.702,348.156,323.249
2025-11-11,343.25,347.21,341.9,346.16,670600,340.138,336.534,328.781,64.178,3.688,3.547,0.141,336.534,349.465,323.602
2025-11-12,345.65,347.45,343.17,343.24,941400,341.422,337.388,329.332,59.637,3.734,3.585,0.149,337.388,349.671,325.106
2025-11-13,343.37,343.78,336.66,337.94,975500,342.16,338.05,329.785,52.391,3.304,3.529,-0.224,338.05,348.785,327.315
2025-11-14,335.75,339.45,333.07,338.13,1081500,341.75,338.694,330.233,52.613,2.945,3.412,-0.467,338.694,347.585,329.802
2025-11-17,339.53,340.61,335.17,335.71,909100,340.236,338.919,330.635,49.446,2.437,3.217,-0.78,338.919,347.22,330.618
2025-11-18,337.46,338.77,334.49,335.22,1208700,338.048,338.948,331.055,48.806,1.972,2.968,-0.996,338.948,347.189,330.708
2025-11-19,333.24,337.28,330.31,336.96,1253500,336.792,339.185,331.475,51.222,1.724,2.719,-0.995,339.185,346.866,331.504
2025-11-20,340.96,343.26,332.91,333.41,892300,335.886,339.084,331.697,46.409,1.227,2.421,-1.193,339.084,347.022,331.146
2025-11-21,332.98,336.13,329.49,334.29,1358300,335.118,338.571,332.004,47.72,0.894,2.116,-1.221,338.571,346.348,330.795
2025-11-24,331.2,333.89,328.41,332.12,1476500,334.4,337.804,332.251,44.808,0.45,1.782,-1.333,337.804,344.878,330.729
2025-11-25,332.77,336.96,332.77,335.01,1498700,334.358,337.528,332.567,49.25,0.327,1.491,-1.164,337.528,344.586,330.47
2025-11-26,335.08,336.22,332.77,334.0,693400,333.766,337.359,332.885,47.802,0.147,1.222,-1.076,337.359,344.592,330.126
2025-11-28,334.42,336.01,333.56,335.56,361400,334.196,337.21,333.248,50.236,0.128,1.004,-0.875,337.21,344.464,329.957
2025-12-01,333.59,334.26,326.18,326.47,1193600,332.632,336.596,333.439,38.866,-0.613,0.68,-1.293,336.596,345.244,327.947
2025-12-02,328.4,331.41,326.98,329.83,980200,332.174,336.298,333.725,43.918,-0.919,0.36,-1.279,336.298,345.458,327.137
2025-12-03,330.76,332.46,327.6,332.07,985200,331.586,336.032,334.045,47.06,-0.969,0.095,-1.064,336.032,345.368,326.697
2025-12-04,332.18,336.74,332.18,335.63,1412700,331.912,335.973,334.428,51.691,-0.713,-0.067,-0.646,335.973,345.302,326.644
2025-12-05,334.95,335.43,328.05,331.31,1317800,331.062,335.826,334.708,46.388,-0.85,-0.224,-0.626,335.826,345.36,326.292
2025-12-08,331.94,333.02,328.41,330.04,1435600,331.776,335.319,334.848,44.929,-1.048,-0.388,-0.66,335.319,344.956,325.682
2025-12-09,330.0,333.12,327.69,328.33,1033800,331.476,334.571,334.918,42.968,-1.328,-0.576,-0.752,334.571,343.923,325.22
2025-12-10,327.81,338.81,327.6,336.15,1654500,332.292,334.071,334.972,53.055,-0.908,-0.643,-0.265,334.071,341.73,326.412
2025-12-11,336.27,338.41,334.07,335.41,1326100,332.248,333.68,335.015,52.116,-0.628,-0.64,0.012,333.68,340.058,327.301
2025-12-12,334.8,335.87,330.75,331.49,1226900,332.284,333.357,334.975,47.335,-0.714,-0.655,-0.06,333.357,339.476,327.238
2025-12-15,332.31,335.16,331.37,334.63,1382500,333.202,333.182,334.946,51.197,-0.523,-0.628,0.105,333.182,338.914,327.45
2025-12-16,336.31,336.43,328.77,331.49,966300,333.834,332.971,334.799,47.45,-0.618,-0.626,0.008,332.971,338.621,327.321
2025-12-17,330.43,333.5,327.13,330.43,1003700,332.69,332.732,334.691,46.22,-0.769,-0.655,-0.115,332.732,338.386,327.077
2025-12-18,331.23,334.38,330.46,331.34,992700,331.876,332.451,334.542,47.478,-0.807,-0.685,-0.122,332.451,337.769,327.132
2025-12-19,331.86,335.35,331.01,333.33,2663400,332.244,332.446,334.504,50.222,-0.668,-0.682,0.013,332.446,337.762,327.131
2025-12-22,332.85,339.53,331.44,339.05,1197900,333.128,332.684,334.745,57.15,-0.096,-0.565,0.469,332.684,338.725,326.644
2025-12-23,339.53,341.26,337.08,337.73,1246800,334.376,332.965,334.931,55.239,0.248,-0.402,0.65,332.965,339.403,326.527
2025-12-24,337.42,340.12,337.4,339.25,314000,336.14,333.177,335.125,57.021,0.637,-0.194,0.831,333.177,340.155,326.199
2025-12-26,338.74,339.92,335.36,336.12,464500,337.096,333.283,335.324,52.396,0.684,-0.019,0.702,333.283,340.377,326.189
2025-12-29,335.86,337.62,334.3,334.43,783200,337.316,333.226,335.519,50.035,0.578,0.101,0.477,333.226,340.262,326.191
2025-12-30,334.33,334.94,333.18,333.44,662500,336.194,333.575,335.682,48.653,0.41,0.162,0.247,333.575,339.851,327.299
2025-12-31,334.03,334.93,330.5,330.68,522900,334.784,333.618,335.672,44.926,0.053,0.141,-0.088,333.618,339.797,327.438
2026-01-02,330.56,337.37,328.34,337.3,972200,334.394,333.879,335.725,54.023,0.301,0.173,0.128,333.879,340.223,327.535
2026-01-05,341.74,349.99,339.88,349.24,1912200,337.018,334.559,336.066,65.192,1.444,0.427,1.017,334.559,343.905,325.214
2026-01-06,351.53,355.51,350.63,354.3,1387400,340.992,335.709,336.443,68.666,2.727,0.887,1.84,335.709,348.421,322.997
2026-01-07,355.57,356.55,339.2,339.5,2049800,342.204,336.182,336.342,52.243,2.521,1.214,1.307,336.182,348.708,323.656
2026-01-08,350.43,361.13,344.39,345.19,2630200,345.106,337.025,336.296,56.546,2.784,1.528,1.256,337.025,349.595,324.455
2026-01-09,346.67,350.41,345.4,347.6,2019700,347.166,337.597,336.438,58.261,3.151,1.853,1.299,337.597,351.014,324.181
2026-01-12,350.02,354.68,347.99,354.52,1548100,348.222,338.553,336.781,62.802,3.955,2.273,1.682,338.553,353.897,323.209
2026-01-13,358.62,359.62,353.59,356.84,1247400,348.73,339.82,337.147,64.208,4.724,2.763,1.961,339.82,356.808,322.833
2026-01-14,355.45,359.5,353.28,359.49,1167200,352.728,341.064,337.561,65.798,5.485,3.307,2.177,341.064,359.981,322.146
2026-01-15,358.78,362.23,353.73,362.14,1503500,356.118,342.596,338.088,67.36,6.229,3.892,2.338,342.596,363.143,322.049
2026-01-16,362.22,364.61,360.39,362.32,1904200,359.062,344.191,338.587,67.468,6.756,4.465,2.291,344.191,365.69,322.691
2026-01-20,361.21,363.92,353.59,354.23,1704000,359.004,345.335,338.936,58.106,6.447,4.861,1.586,345.335,366.387,324.283
2026-01-21,355.22,361.96,354.8,359.76,1076200,359.588,346.656,339.446,61.989,6.572,5.203,1.369,346.656,367.853,325.46
2026-01-22,359.79,361.94,357.64,360.8,869600,359.85,347.744,339.858,62.689,6.678,5.498,1.18,347.744,369.521,325.967
2026-01-23,361.55,363.92,356.78,358.27,1181600,359.076,348.771,340.158,59.803,6.483,5.695,0.788,348.771,370.497,327.045
2026-01-26,358.31,359.65,355.05,358.54,1485500,358.32,349.736,340.406,60.014,6.278,5.812,0.466,349.736,371.394,328.077
2026-01-27,359.48,362.91,357.12,361.57,1389800,359.788,351.008,340.772,62.406,6.288,5.907,0.381,351.008,372.286,329.73
2026-01-28,346.95,354.72,339.07,351.77,2327000,358.19,351.875,341.049,51.646,5.442,5.814,-0.372,351.875,371.67,332.08
2026-01-29,349.09,354.14,341.79,345.13,1766900,355.056,352.46,341.189,45.874,4.187,5.489,-1.301,352.46,370.582,334.337
2026-01-30,342.47,348.42,342.38,346.26,2058300,352.654,353.239,341.4,46.961,3.247,5.04,-1.793,353.239,368.539,337.938
2026-02-02,344.48,345.7,339.29,341.6,1571400,349.266,353.453,341.527,43.118,2.101,4.452,-2.351,353.453,367.908,338.999
2026-02-03,344.28,350.9,342.21,350.42,1899200,347.036,353.512,341.797,51.25,1.884,3.939,-2.055,353.512,367.905,339.12
2026-02-04,350.67,352.31,342.04,348.51,1647300,346.384,353.223,342.099,49.596,1.539,3.459,-1.92,353.223,367.78,338.666
2026-02-05,345.78,351.72,343.02,347.21,1215500,346.8,353.608,342.357,48.45,1.148,2.997,-1.849,353.608,366.997,340.22
2026-02-06,349.67,356.67,349.15,355.11,1095800,348.57,354.105,342.817,55.221,1.459,2.689,-1.23,354.105,366.902,341.307
2026-02-09,355.44,358.37,354.65,355.14,807400,351.278,354.482,343.219,55.245,1.688,2.489,-0.801,354.482,366.911,342.052
2026-02-10,356.52,356.53,351.38,353.89,694200,351.972,354.45,343.617,53.945,1.748,2.341,-0.592,354.45,366.882,342.018
2026-02-11,356.12,356.45,340.37,341.57,1952500,350.584,353.686,343.737,43.168,0.793,2.031,-1.238,353.686,367.319,340.054
2026-02-12,343.92,347.69,335.68,336.06,2063500,348.354,352.515,343.929,39.379,-0.404,1.544,-1.948,352.515,367.954,337.076
2026-02-13,337.26,344.63,336.96,342.86,1533600,345.904,351.551,344.19,45.712,-0.795,1.076,-1.871,351.551,366.867,336.235
2026-02-17,342.2,345.18,335.41,337.81,1699800,342.438,350.326,344.305,42.187,-1.495,0.562,-2.057,350.326,365.933,334.718
2026-02-18,340.11,344.74,338.95,344.68,1232200,340.596,349.848,344.486,48.055,-1.478,0.154,-1.632,349.848,365.537,334.159
2026-02-19,343.33,351.49,343.33,349.46,918400,342.174,349.333,344.849,51.727,-1.067,-0.09,-0.977,349.333,364.312,334.354
2026-02-20,349.34,349.77,343.89,346.58,894600,344.278,348.622,345.179,49.459,-0.962,-0.264,-0.698,348.622,362.627,334.617
2026-02-23,347.5,349.13,343.5,344.18,858900,344.542,347.918,345.496,47.586,-1.061,-0.424,-0.637,347.918,361.282,334.553
2026-02-24,343.19,348.18,341.24,346.35,682100,346.25,347.308,345.7,49.45,-0.953,-0.53,-0.423,347.308,359.71,334.906
2026-02-25,347.2,348.04,332.68,338.42,1281900,344.998,346.15,345.761,43.379,-1.49,-0.722,-0.768,346.15,357.195,335.106
2026-02-26,339.74,345.92,337.07,345.89,1005800,344.284,345.856,346.049,49.65,-1.298,-0.837,-0.461,345.856,356.58,335.133
2026-02-27,346.29,352.87,344.08,352.14,1201700,345.396,346.207,346.399,54.218,-0.634,-0.796,0.162,346.207,357.283,335.131
2026-03-02,357.44,361.03,354.22,359.76,1508300,348.512,346.882,346.964,59.091,0.501,-0.537,1.038,346.882,359.508,334.256
2026-03-03,358.09,361.46,353.28,359.68,1850300,351.178,347.786,347.549,59.02,1.379,-0.154,1.532,347.786,361.372,334.2
2026-03-04,360.96,361.7,354.34,361.08,1263000,355.71,348.319,348.144,59.928,2.162,0.309,1.852,348.319,363.122,333.516
2026-03-05,359.49,361.07,349.66,355.74,1438800,357.68,348.68,348.592,54.93,2.325,0.713,1.612,348.68,363.852,333.509
2026-03-06,355.26,359.39,349.64,358.49,1161800,358.95,349.244,348.981,56.922,2.646,1.099,1.546,349.244,365.013,333.476
2026-03-09,357.54,358.99,350.69,357.0,1444600,358.398,349.339,349.366,55.491,2.748,1.429,1.319,349.339,365.277,333.401
2026-03-10,354.89,356.39,349.81,350.7,973200,356.602,349.117,349.595,49.789,2.294,1.602,0.692,349.117,364.837,333.397
2026-03-11,348.05,351.1,346.35,348.98,991800,354.182,348.872,349.853,48.329,1.775,1.637,0.139,348.872,364.43,333.313
2026-03-12,344.76,352.63,344.2,350.34,1227500,353.102,349.31,350.171,49.588,1.457,1.601,-0.144,349.31,364.492,334.128
2026-03-13,352.54,354.87,345.59,346.68,985400,350.74,349.841,350.436,46.318,0.899,1.46,-0.561,349.841,363.762,335.92
2026-03-16,348.19,352.31,346.57,349.48,1185600,349.236,350.172,350.812,49.084,0.675,1.303,-0.628,350.172,363.704,336.64
2026-03-17,349.88,351.88,347.43,351.39,1017500,349.374,350.851,351.093,50.941,0.644,1.171,-0.527,350.851,363.07,338.632
2026-03-18,352.26,353.67,348.5,348.5,1381900,349.278,351.042,351.079,48.083,0.382,1.013,-0.631,351.042,362.971,339.113
2026-03-19,345.18,347.17,338.86,344.82,1029800,348.174,350.81,350.889,44.649,-0.121,0.787,-0.908,350.81,363.045,338.575
2026-03-20,344.21,347.21,338.36,341.02,2893900,347.042,350.532,350.919,41.363,-0.817,0.466,-1.283,350.532,363.408,337.656
2026-03-23,345.73,346.65,338.1,342.59,1109000,345.664,350.452,350.867,43.222,-1.228,0.127,-1.355,350.452,363.511,337.394
2026-03-24,339.5,343.63,339.05,341.47,1145000,343.68,350.208,350.745,42.194,-1.625,-0.223,-1.402,350.208,363.763,336.654
2026-03-25,344.75,349.23,342.96,347.65,1702600,343.51,350.67,350.607,49.351,-1.425,-0.464,-0.961,350.67,363.118,338.222
2026-03-26,347.11,351.52,346.89,350.39,1446600,344.624,350.895,350.478,52.178,-1.033,-0.578,-0.455,350.895,363.14,338.65
2026-03-27,348.85,350.78,340.92,341.99,1505600,344.818,350.388,350.128,44.059,-1.384,-0.739,-0.645,350.388,363.242,337.533
2026-03-30,345.87,347.4,333.16,336.1,1561500,343.52,349.204,349.608,39.426,-2.114,-1.014,-1.1,349.204,362.763,335.646
2026-03-31,339.89,343.91,335.51,338.5,1806600,342.926,348.145,349.131,42.098,-2.47,-1.305,-1.165,348.145,361.566,334.725
2026-04-01,342.04,348.17,340.35,345.71,1118000,342.538,347.377,348.961,49.328,-2.145,-1.473,-0.672,347.377,359.363,335.391
2026-04-02,342.72,348.04,342.27,344.29,1102800,341.318,346.804,348.651,48.056,-1.98,-1.574,-0.405,346.804,358.187,335.422
2026-04-06,343.62,347.0,341.43,346.55,768900,342.23,346.208,348.366,50.255,-1.647,-1.589,-0.058,346.208,356.174,336.241
2026-04-07,344.66,346.14,341.17,343.64,675000,343.738,345.54,348.074,47.468,-1.6,-1.591,-0.009,345.54,354.16,336.919
2026-04-08,342.09,345.52,338.28,345.2,1462200,345.078,345.264,347.807,49.098,-1.421,-1.557,0.136,345.264,353.536,336.993
2026-04-09,343.38,345.61,338.79,339.17,1399900,343.77,344.774,347.359,43.481,-1.745,-1.595,-0.15,344.774,353.278,336.27
2026-04-10,339.17,339.83,329.71,332.07,1695100,341.326,343.86,346.965,37.973,-2.545,-1.785,-0.761,343.86,353.672,334.049
2026-04-13,333.5,338.25,333.16,337.63,1622600,339.542,343.408,346.815,43.96,-2.7,-1.968,-0.732,343.408,353.502,333.314
2026-04-14,337.52,337.52,334.55,336.76,1154100,338.166,342.772,346.625,43.257,-2.86,-2.146,-0.713,342.772,352.858,332.686
2026-04-15,337.41,338.75,334.0,335.77,1305200,336.28,341.991,346.508,42.425,-3.031,-2.323,-0.708,341.991,351.679,332.303
2026-04-16,336.88,338.17,328.87,331.85,1540100,334.816,341.158,346.137,39.209,-3.444,-2.547,-0.896,341.158,351.34,330.977
2026-04-17,331.74,335.48,330.95,333.2,1309700,335.042,340.578,345.831,40.871,-3.62,-2.762,-0.858,340.578,351.196,329.959
2026-04-20,332.37,333.99,328.27,329.09,1026700,333.334,339.981,345.468,37.508,-4.045,-3.019,-1.026,339.981,351.771,328.191
2026-04-21,327.44,328.01,321.0,322.53,1636200,330.488,338.978,344.817,32.861,-4.855,-3.386,-1.469,338.978,353.029,324.927
2026-04-22,324.44,325.76,314.73,317.8,1578000,326.894,337.794,344.07,29.977,-5.811,-3.871,-1.941,337.794,354.666,320.923
2026-04-23,318.4,319.99,312.64,315.78,1632800,323.68,336.201,343.308,28.813,-6.656,-4.428,-2.228,336.201,355.057,317.345
2026-04-24,313.73,314.18,307.76,310.33,1300900,319.106,334.198,342.683,25.894,-7.676,-5.078,-2.599,334.198,355.107,313.289
2026-04-27,310.55,315.9,309.17,309.66,1411900,315.22,332.582,342.155,25.552,-8.442,-5.75,-2.691,332.582,355.823,309.34
2026-04-28,311.06,311.86,303.95,310.8,2169700,312.874,331.316,341.514,27.314,-8.854,-6.371,-2.483,331.316,356.43,306.203
2026-04-29,334.98,346.4,330.84,335.62,3587700,316.438,331.172,341.47,53.262,-7.097,-6.516,-0.58,331.172,356.145,306.2
2026-04-30,337.04,342.08,335.45,341.14,2029800,321.51,330.944,341.399,56.944,-5.199,-6.253,1.054,330.944,355.436,306.452
2026-05-01,342.31,343.85,338.39,342.67,1480900,327.978,330.863,341.263,57.933,-3.53,-5.708,2.178,330.863,355.179,306.547
2026-05-04,340.98,350.32,339.89,345.88,1640400,335.222,330.83,341.249,60.008,-1.926,-4.952,3.025,330.83,355.056,306.603
2026-05-05,347.87,348.18,341.22,345.95,1162900,342.252,330.945,341.285,60.055,-0.643,-4.09,3.447,330.945,355.449,306.441
2026-05-06,346.5,346.84,340.91,344.08,1566600,343.944,330.889,341.239,58.119,0.221,-3.228,3.449,330.889,355.261,306.517
2026-05-07,344.06,345.8,341.12,344.57,1361300,344.63,331.159,341.362,58.497,0.935,-2.395,3.33,331.159,356.032,306.286
2026-05-08,344.46,345.65,340.85,343.35,1558400,344.766,331.723,341.312,57.117,1.386,-1.639,3.025,331.723,357.187,306.259
2026-05-11,342.07,345.41,338.67,340.87,1895600,343.764,331.885,341.086,54.312,1.526,-1.006,2.532,331.885,357.548,306.222
2026-05-12,340.4,344.82,339.6,343.28,1089600,343.23,332.211,340.757,56.545,1.81,-0.443,2.253,332.211,358.297,306.125
2026-05-13,340.78,340.78,336.86,338.23,898300,342.06,332.334,340.328,50.927,1.609,-0.032,1.642,332.334,358.513,306.155
2026-05-14,337.74,340.83,336.06,337.49,960400,340.644,332.616,339.856,50.141,1.375,0.249,1.126,332.616,358.895,306.337
2026-05-15,336.76,338.77,330.23,331.43,1236400,338.26,332.528,339.37,44.133,0.692,0.338,0.354,332.528,358.81,306.245
2026-05-18,331.98,340.31,330.94,339.96,984800,338.078,333.071,338.999,52.721,0.829,0.436,0.393,333.071,359.503,306.639
2026-05-19,339.94,340.07,336.01,337.02,748100,336.826,333.796,338.599,49.875,0.693,0.487,0.206,333.796,359.802,307.789
2026-05-20,338.07,339.73,334.36,336.63,780200,336.506,334.737,338.318,49.493,0.548,0.499,0.048,334.737,359.646,309.828
2026-05-21,334.9,336.85,331.59,335.6,612000,336.128,335.728,338.05,48.439,0.345,0.469,-0.124,335.728,358.983,312.473
2026-05-22,338.01,341.31,335.4,339.74,689300,337.79,337.198,337.838,52.792,0.513,0.477,0.035,337.198,357.181,317.216
2026-05-26,341.87,342.1,338.19,341.48,1270000,338.094,338.79,337.734,54.529,0.777,0.537,0.24,338.79,354.048,323.531
2026-05-27,341.2,341.73,338.57,339.54,752600,338.598,340.226,337.536,52.221,0.82,0.594,0.226,340.226,347.929,332.524
2026-05-28,342.71,348.13,339.36,345.76,1097900,340.424,340.734,337.423,58.313,1.341,0.743,0.598,340.734,348.494,332.973
2026-05-29,345.36,346.31,342.28,343.64,1245300,342.032,340.858,337.326,55.706,1.565,0.908,0.657,340.858,348.726,332.991
2026-06-01,340.2,341.16,335.07,336.09,854600,341.302,340.53,337.151,47.553,1.12,0.95,0.17,340.53,348.625,332.434
2026-06-02,333.29,337.17,332.7,334.51,961400,339.908,339.961,337.021,46.034,0.633,0.887,-0.254,339.961,348.071,331.851
2026-06-03,332.63,338.83,331.94,333.95,878900,338.79,339.361,336.848,45.48,0.199,0.749,-0.55,339.361,347.381,331.341
2026-06-04,337.26,340.74,337.0,338.36,1394700,337.31,339.075,336.786,50.532,0.209,0.641,-0.432,339.075,346.788,331.362
2026-06-05,339.99,344.13,339.6,343.26,1192100,337.234,339.01,336.698,55.469,0.605,0.634,-0.029,339.01,346.547,331.472
2026-06-08,342.17,344.0,336.16,337.73,876200,337.562,338.728,336.445,49.468,0.467,0.6,-0.133,338.728,345.999,331.458
2026-06-09,337.74,343.57,337.74,342.51,1423200,339.162,338.81,336.455,54.091,0.735,0.627,0.108,338.81,346.218,331.403
2026-06-10,345.8,345.8,337.87,337.94,761400,339.96,338.544,336.492,49.435,0.572,0.616,-0.044,338.544,345.652,331.435
2026-06-11,345.61,360.49,343.01,355.57,1708900,343.402,339.41,336.834,62.755,1.845,0.862,0.983,339.41,349.821,329.0
2026-06-12,357.54,360.06,352.88,356.91,988100,346.132,340.382,337.058,63.542,2.927,1.275,1.652,340.382,353.347,327.416
2026-06-15,357.29,359.17,353.93,356.23,1585800,349.832,341.621,337.296,62.817,3.688,1.758,1.93,341.621,355.68,327.563
2026-06-16,357.83,362.07,355.95,360.77,1127700,353.484,342.662,337.581,65.635,4.604,2.327,2.277,342.662,359.084,326.24
2026-06-17,358.02,363.43,357.88,359.5,1340600,357.796,343.786,337.898,64.17,5.168,2.895,2.273,343.786,361.6,325.972
2026-06-18,361.91,363.63,345.63,346.8,4242200,356.042,344.294,337.93,51.735,4.538,3.224,1.314,344.294,361.827,326.762
2026-06-22,343.89,344.98,337.68,340.21,1674200,352.702,344.525,337.951,46.68,3.467,3.272,0.194,344.525,361.694,327.356
2026-06-23,342.82,347.56,341.28,347.12,1354200,350.88,344.894,338.252,51.978,3.139,3.246,-0.106,344.894,361.947,327.841
2026-06-24,347.46,348.73,340.76,341.16,1696300,346.958,344.878,338.322,47.586,2.371,3.071,-0.699,344.878,361.945,327.811
2026-06-25,339.72,348.92,338.8,341.54,1219300,343.366,344.978,338.418,47.888,1.773,2.811,-1.038,344.978,361.936,328.02
2026-06-26,343.31,347.36,341.19,343.53,1783300,342.712,344.866,338.573,49.53,1.443,2.538,-1.095,344.866,361.832,327.901
2026-06-29,343.93,347.99,343.5,344.87,1289200,343.644,344.928,338.834,50.658,1.275,2.285,-1.01,344.928,361.884,327.972
2026-06-30,345.9,351.32,343.38,350.99,1049900,344.418,345.673,339.189,55.542,1.617,2.151,-0.535,345.673,362.3,329.046
2026-07-01,352.88,361.71,351.74,359.53,1285300,348.092,346.924,339.798,61.3,2.547,2.23,0.317,346.924,363.778,330.07
2026-07-02,363.55,371.8,363.2,371.74,1293200,354.132,348.814,340.782,67.733,4.221,2.629,1.593,348.814,367.872,329.755
2026-07-06,371.11,375.45,367.55,375.06,1273700,360.438,350.648,341.928,69.231,5.75,3.253,2.497,350.648,372.353,328.944
2026-07-07,378.17,378.88,371.76,372.83,736900,366.03,352.127,343.069,66.982,6.704,3.943,2.761,352.127,375.664,328.59
2026-07-08,371.12,373.17,369.51,372.51,1097600,370.334,353.866,344.312,66.647,7.349,4.624,2.725,353.866,378.054,329.678
2026-07-09,369.56,372.84,367.52,372.79,758500,372.986,355.38,345.575,66.804,7.794,5.258,2.536,355.38,380.353,330.407
2026-07-10,372.35,374.17,369.07,373.25,1008600,373.288,357.145,346.824,67.077,8.09,5.825,2.265,357.145,381.919,332.372
2026-07-13,374.03,375.71,367.9,370.98,978600,372.472,357.916,347.531,64.269,8.048,6.269,1.779,357.916,383.431,332.401
2026-07-14,369.97,374.99,367.36,367.72,1387500,371.45,358.456,348.063,60.361,7.664,6.548,1.116,358.456,384.337,332.576
2026-07-15,368.79,370.7,362.73,363.87,1198900,369.722,358.838,348.487,56.028,6.969,6.632,0.336,358.838,384.806,332.871
2026-07-16,364.98,368.22,362.25,367.04,709900,368.572,359.152,348.91,58.659,6.597,6.625,-0.028,359.152,385.368,332.936
2026-07-17,368.79,374.77,364.75,366.8,1279100,367.282,359.517,349.327,58.374,6.212,6.543,-0.331,359.517,385.956,333.078
2026-07-20,368.21,372.12,367.7,368.81,703300,366.848,360.617,349.821,60.121,6.0,6.434,-0.434,360.617,386.657,334.578
2026-07-21,367.16,371.89,359.5,365.96,1036900,366.496,361.905,350.249,56.501,5.538,6.255,-0.717,361.905,386.182,337.628
2026-07-22,369.31,373.42,368.23,371.36,955900,367.994,363.117,350.809,61.26,5.543,6.112,-0.569,363.117,386.697,339.537
2026-07-23,376.55,385.82,374.66,379.95,1685400,370.576,365.056,351.591,67.375,6.17,6.124,0.046,365.056,387.379,342.734
2026-07-24,382.12,386.25,380.3,384.89,1498800,374.194,367.224,352.423,70.281,6.984,6.296,0.688,367.224,388.317,346.131
2026-07-27,387.22,390.68,384.61,387.26,1194200,377.884,369.41,353.404,71.588,7.732,6.583,1.149,369.41,389.187,349.634
2026-07-28,391.11,393.52,387.37,391.29,1702600,382.95,371.732,354.48,73.706,8.551,6.977,1.574,371.732,390.236,353.227
2026-07-29,396.88,398.07,379.12,379.12,1935800,384.502,373.138,355.434,59.324,8.125,7.206,0.918,373.138,389.107,357.169
2026-07-30,375.03,381.63,372.24,380.36,1199900,384.584,374.18,356.242,60.177,7.797,7.324,0.472,374.18,389.094,359.265
2026-07-31,380.54,382.82,375.0,381.57,1524400,383.92,374.671,357.133,61.035,7.548,7.369,0.179,374.671,389.892,359.45
2026-08-03,385.68,385.82,378.62,380.59,918800,382.586,374.948,358.012,59.909,7.188,7.333,-0.145,374.948,390.397,359.498
2026-08-04,382.24,386.49,377.04,383.9,1502500,381.108,375.501,358.978,62.43,7.089,7.284,-0.195,375.501,391.418,359.584
2026-08-05,386.68,387.62,379.51,382.23,834300,381.73,375.987,359.828,60.367,6.797,7.187,-0.39,375.987,392.111,359.863
2026-08-06,385.81,387.03,382.93,385.06,650400,382.67,376.6,360.699,62.621,6.717,7.093,-0.376,376.6,393.141,360.06
2026-08-07,385.1,390.25,381.41,390.16,1053000,384.388,377.446,361.712,66.337,6.984,7.071,-0.087,377.446,394.965,359.927
2026-08-10,391.11,395.29,390.16,394.06,779700,387.082,378.6,362.678,68.884,7.425,7.142,0.283,378.6,397.325,359.875
2026-08-11,394.24,395.05,389.36,390.0,569900,388.302,379.714,363.605,63.498,7.362,7.186,0.176,379.714,398.364,361.064
2026-08-12,388.54,394.14,387.14,392.31,715800,390.318,381.136,364.729,65.167,7.413,7.231,0.182,381.136,399.021,363.251
2026-08-13,394.09,394.8,388.35,391.07,660500,391.52,382.338,365.86,63.489,7.269,7.239,0.031,382.338,399.447,365.228
2026-08-14,392.38,394.25,390.71,393.87,472300,392.262,383.691,367.059,65.64,7.297,7.25,0.047,383.691,399.884,367.498
2026-08-17,389.88,392.62,387.91,389.25,725800,391.3,384.713,368.077,59.418,6.868,7.174,-0.306,384.713,399.467,369.959
2026-08-18,392.03,394.07,390.77,391.58,619500,391.616,385.994,369.043,61.405,6.639,7.067,-0.428,385.994,398.105,373.883
2026-08-19,394.52,395.01,389.58,390.45,860300,391.244,386.948,370.097,59.874,6.294,6.912,-0.619,386.948,397.045,376.852
2026-08-20,389.29,392.78,383.32,384.21,933000,389.872,387.162,370.931,52.142,5.454,6.62,-1.167,387.162,396.806,377.517
2026-08-21,385.13,386.51,380.35,382.44,759800,387.586,387.039,371.821,50.163,4.592,6.215,-1.623,387.039,396.865,377.213
2026-08-24,382.63,384.55,379.69,381.92,824700,386.12,386.772,372.348,49.568,3.823,5.737,-1.913,386.772,396.86,376.684
2026-08-25,382.15,382.27,373.37,374.77,978600,382.758,385.946,372.706,42.161,2.607,5.111,-2.504,385.946,397.123,374.769
2026-08-26,376.23,381.14,376.2,380.18,819900,380.704,385.999,373.185,48.439,2.056,4.5,-2.444,385.999,397.049,374.949
2026-08-27,379.23,380.34,376.51,378.23,592400,379.508,385.892,373.534,46.481,1.445,3.889,-2.443,385.892,397.209,374.576
2026-08-28,379.23,379.24,375.84,377.49,624400,378.518,385.689,373.894,45.725,0.891,3.289,-2.398,385.689,397.47,373.907
2026-08-31,375.42,377.16,365.69,369.56,1255800,376.046,385.137,374.349,38.502,-0.185,2.594,-2.78,385.137,398.805,371.469
2026-09-01,369.71,373.5,365.64,367.63,1269400,374.618,384.324,374.897,36.972,-1.181,1.839,-3.02,384.324,400.079,368.568
2026-09-02,368.07,368.58,360.46,362.32,1575500,371.046,383.328,375.201,33.076,-2.371,0.997,-3.368,383.328,401.904,364.752
2026-09-03,364.98,365.48,357.77,364.11,1485500,368.222,382.28,375.66,35.542,-3.133,0.171,-3.305,382.28,402.715,361.846
2026-09-04,359.84,364.7,356.31,357.66,1080200,364.256,380.656,375.983,31.095,-4.21,-0.705,-3.505,380.656,403.481,357.83
2026-09-08,356.97,359.26,353.43,354.86,1089900,361.316,378.696,376.209,29.377,-5.228,-1.61,-3.619,378.696,403.335,354.056
2026-09-09,354.69,358.76,350.49,350.97,907500,357.984,376.744,376.331,27.134,-6.277,-2.543,-3.734,376.744,403.688,349.8
2026-09-10,351.85,354.03,350.59,352.54,850800,356.028,374.756,376.362,29.475,-6.902,-3.415,-3.487,374.756,402.714,346.797
2026-09-11,355.28,356.21,350.81,354.18,1343400,354.042,372.911,376.255,31.934,-7.182,-4.168,-3.014,372.911,401.203,344.619
2026-09-14,356.16,357.42,353.93,355.09,910000,353.528,370.972,375.922,33.324,-7.247,-4.784,-2.463,370.972,398.521,343.423
2026-09-15,355.35,358.52,351.42,356.87,1259000,353.93,369.353,375.558,36.073,-7.074,-5.242,-1.832,369.353,396.176,342.53
2026-09-16,355.87,360.32,354.33,358.26,1003400,355.388,367.687,375.267,38.215,-6.746,-5.543,-1.203,367.687,392.78,342.594
2026-09-17,359.49,360.64,351.69,354.23,1152000,355.726,365.876,374.901,34.595,-6.734,-5.781,-0.953,365.876,389.219,342.533
2026-09-18,353.77,354.01,348.15,351.35,2693600,355.16,364.233,374.473,32.245,-6.878,-6.0,-0.877,364.233,386.754,341.712
2026-09-21,351.04,353.34,349.72,352.19,926700,354.58,362.72,374.051,33.66,-6.845,-6.169,-0.675,362.72,384.129,341.312
2026-09-22,352.24,352.96,340.51,341.74,1279400,351.554,360.712,373.467,26.298,-7.575,-6.45,-1.124,360.712,382.075,339.348
2026-09-23,342.53,347.08,341.4,341.68,1085300,348.238,359.057,372.946,26.263,-8.065,-6.773,-1.292,359.057,380.954,337.16
2026-09-24,341.35,343.08,334.57,334.67,1570300,344.326,356.782,372.362,22.448,-8.916,-7.202,-1.714,356.782,378.894,334.669
2026-09-25,334.59,338.35,333.39,335.1,1463100,341.076,354.625,371.723,23.185,-9.448,-7.651,-1.796,354.625,376.339,332.911
2026-09-28,333.25,335.67,330.99,332.55,1889400,337.148,352.378,371.038,21.859,-9.959,-8.113,-1.847,352.378,373.42,331.336
2026-09-29,329.86,333.85,328.77,330.74,1702800,334.948,350.437,370.277,20.943,-10.391,-8.568,-1.823,350.437,371.962,328.912
2026-09-30,330.46,333.11,327.82,330.23,1053800,332.658,348.567,369.562,20.68,-10.652,-8.985,-1.667,348.567,370.3,326.834
2026-10-01,329.7,332.77,329.44,331.12,1264300,331.948,347.007,368.757,22.508,-10.664,-9.321,-1.343,347.007,369.06,324.954
2026-10-02,331.41,331.61,326.42,328.5,1416000,330.628,345.226,367.728,20.975,-10.761,-9.609,-1.152,345.226,367.216,323.237
2026-10-05,328.41,331.4,325.84,330.12,1378900,330.142,343.85,366.633,24.404,-10.585,-9.804,-0.781,343.85,366.009,321.69
2026-10-06,328.3,331.18,326.06,329.73,1352800,329.94,342.593,365.482,24.132,-10.357,-9.915,-0.443,342.593,364.973,320.213
2026-10-07,328.65,330.08,323.44,325.06,1285800,328.906,341.298,364.158,21.105,-10.434,-10.018,-0.415,341.298,364.615,317.98
2026-10-08,324.43,329.7,320.45,328.31,1508000,328.344,340.086,363.141,27.885,-10.115,-10.038,-0.077,340.086,363.462,316.71
2026-10-09,327.45,333.33,327.0,331.27,1142700,328.898,338.94,362.16,33.491,-9.514,-9.933,0.419,338.94,361.644,316.237
