Date,Open,High,Low,Close,Volume,SMA5,SMA20,SMA50,RSI,MACD,MACD_signal,MACD_hist,BB_mid,BB_upper,BB_lower
2021-09-24,115.95,117.56,114.91,116.12,1504000.0,,,,,0.0,0.0,0.0,,,
2021-09-27,116.03,117.53,114.99,115.2,1186500.0,,,,,-0.073,-0.015,-0.059,,,
2021-09-28,114.95,117.66,114.26,116.38,2185400.0,,,,,-0.036,-0.019,-0.017,,,
2021-09-29,116.45,118.44,116.15,117.38,1416200.0,,,,,0.074,-0.0,0.074,,,
2021-09-30,117.89,119.32,116.87,117.07,1711200.0,116.43,,,,0.134,0.026,0.107,,,
2021-10-01,120.39,125.85,118.79,123.53,4299100.0,117.912,,,,0.695,0.16,0.535,,,
2021-10-04,123.08,124.2,119.84,120.82,2185100.0,119.036,,,,0.91,0.31,0.6,,,
2021-10-05,120.82,121.58,118.35,118.6,1874700.0,119.48,,,,0.892,0.426,0.465,,,
2021-10-06,118.06,120.46,117.65,120.39,1012800.0,120.082,,,,1.01,0.543,0.467,,,
2021-10-07,121.49,122.23,120.55,121.04,805300.0,120.876,,,,1.142,0.663,0.479,,,
2021-10-08,120.67,122.27,120.67,120.85,660000.0,120.34,,,,1.218,0.774,0.444,,,
2021-10-11,121.53,123.22,120.91,122.57,1104200.0,120.69,,,,1.401,0.899,0.502,,,
2021-10-12,122.56,125.68,122.51,125.58,1265200.0,122.086,,,,1.768,1.073,0.695,,,
2021-10-13,125.55,126.48,124.1,126.38,1364800.0,123.284,,,,2.1,1.279,0.821,,,
2021-10-14,127.6,130.55,127.15,129.85,1215000.0,125.046,,,80.214,2.612,1.545,1.067,,,
2021-10-15,130.55,130.62,129.02,129.2,982400.0,126.716,,,77.126,2.932,1.823,1.11,,,
2021-10-18,128.28,129.05,127.08,127.4,935800.0,127.682,,,69.183,3.006,2.059,0.947,,,
2021-10-19,128.0,129.31,126.95,128.7,759100.0,128.306,,,71.469,3.133,2.274,0.859,,,
2021-10-20,128.53,128.53,126.53,127.62,668200.0,128.554,,,67.022,3.111,2.442,0.669,,,
2021-10-21,127.15,127.81,126.64,127.69,687500.0,128.122,122.618,,67.165,3.064,2.566,0.498,122.618,132.398,112.839
2021-10-22,128.0,128.14,126.99,127.22,581600.0,127.726,123.174,,65.128,2.954,2.644,0.311,123.174,132.656,113.691
2021-10-25,127.89,128.25,127.21,128.12,1068400.0,127.87,123.819,,67.18,2.907,2.696,0.21,123.819,132.76,114.879
2021-10-26,128.71,130.29,127.66,129.65,959200.0,128.06,124.483,,70.372,2.958,2.749,0.21,124.483,133.061,115.905
2021-10-27,129.8,130.66,128.6,129.8,1549900.0,128.496,125.104,,70.673,2.977,2.794,0.183,125.104,133.307,116.901
2021-10-28,130.11,131.43,129.7,129.99,929100.0,128.956,125.75,,71.074,2.973,2.83,0.143,125.75,133.298,118.202
2021-10-29,129.29,130.24,128.04,129.09,936500.0,129.33,126.028,,66.44,2.864,2.837,0.027,126.028,133.641,118.415
2021-11-01,129.14,129.55,126.07,126.14,900900.0,128.934,126.294,,54.008,2.511,2.772,-0.261,126.294,133.501,119.087
2021-11-02,126.05,127.49,125.92,126.42,1286800.0,128.288,126.685,,54.871,2.228,2.663,-0.435,126.685,132.917,120.453
2021-11-03,126.79,128.15,126.54,127.2,1801900.0,127.768,127.026,,57.277,2.043,2.539,-0.496,127.026,132.509,121.542
2021-11-04,127.13,127.23,123.69,124.2,1102500.0,126.61,127.183,,46.919,1.635,2.358,-0.723,127.183,132.093,122.274
2021-11-05,124.55,126.2,124.35,125.72,1201200.0,125.936,127.427,,51.686,1.419,2.17,-0.752,127.427,131.409,123.445
2021-11-08,126.26,129.19,126.03,129.16,2133900.0,126.54,127.756,,60.362,1.507,2.038,-0.53,127.756,131.083,124.43
2021-11-09,127.87,134.96,127.09,134.05,2856200.0,128.066,128.18,,68.91,1.949,2.02,-0.071,128.18,132.381,123.979
2021-11-10,134.44,135.24,132.05,132.31,1401000.0,129.088,128.477,,63.65,2.135,2.043,0.092,128.477,132.97,123.983
2021-11-11,132.37,132.81,130.36,131.54,855200.0,130.556,128.561,,61.416,2.194,2.073,0.121,128.561,133.223,123.899
2021-11-12,131.8,135.7,131.25,133.58,894400.0,132.128,128.78,,64.928,2.379,2.134,0.244,128.78,133.952,123.608
2021-11-15,133.41,133.53,131.97,133.39,1448800.0,132.974,129.08,,64.341,2.481,2.204,0.277,129.08,134.598,123.561
2021-11-16,133.7,134.85,133.1,133.9,970100.0,132.944,129.339,,65.25,2.573,2.278,0.296,129.339,135.258,123.421
2021-11-17,133.62,134.11,132.09,133.8,1151900.0,133.242,129.649,,64.9,2.609,2.344,0.265,129.649,135.828,123.469
2021-11-18,133.46,134.06,131.28,131.37,790100.0,133.208,129.833,,56.926,2.413,2.358,0.055,129.833,135.986,123.679
2021-11-19,131.65,132.13,130.83,131.35,1015500.0,132.762,130.039,,56.864,2.23,2.332,-0.102,130.039,136.1,123.978
2021-11-22,131.72,133.0,130.69,130.69,626800.0,132.222,130.167,,54.748,2.009,2.267,-0.259,130.167,136.166,124.169
2021-11-23,130.47,130.75,128.39,129.2,883600.0,131.282,130.145,,50.204,1.694,2.153,-0.459,130.145,136.155,124.135
2021-11-24,128.38,129.59,128.35,129.11,557500.0,130.344,130.11,,49.935,1.42,2.006,-0.586,130.11,136.136,124.085
2021-11-26,126.48,127.53,125.78,126.57,711200.0,129.384,129.94,,42.929,0.987,1.802,-0.815,129.94,136.17,123.709
2021-11-29,127.28,129.51,126.59,128.86,1735500.0,128.886,129.928,,49.771,0.82,1.606,-0.786,129.928,136.166,123.69
2021-11-30,128.46,128.63,124.22,124.47,1812400.0,127.642,129.844,,39.897,0.329,1.35,-1.022,129.844,136.336,123.353
2021-12-01,126.07,128.34,123.86,123.88,1181200.0,126.578,129.718,,38.783,-0.107,1.059,-1.166,129.718,136.58,122.855
2021-12-02,123.32,124.76,122.45,123.01,1712500.0,125.358,129.508,,37.137,-0.516,0.744,-1.26,129.508,136.927,122.089
2021-12-03,122.99,124.69,121.35,123.24,1269000.0,124.692,129.46,126.388,37.887,-0.813,0.433,-1.245,129.46,137.035,121.885
2021-12-06,124.44,126.23,124.02,125.22,1281900.0,123.964,129.435,126.57,44.078,-0.878,0.171,-1.048,129.435,137.065,121.805
2021-12-07,126.74,128.35,126.24,127.04,1110500.0,124.478,129.329,126.807,49.099,-0.774,-0.018,-0.755,129.329,137.033,121.625
2021-12-08,127.36,129.76,126.14,129.71,1204100.0,125.644,129.112,127.073,55.423,-0.47,-0.109,-0.362,129.112,136.494,121.73
2021-12-09,129.56,130.35,128.34,129.12,1155400.0,126.866,128.953,127.308,53.832,-0.274,-0.142,-0.132,128.953,136.18,121.725
2021-12-10,130.24,130.24,127.84,128.8,1050400.0,127.978,128.815,127.543,52.944,-0.143,-0.142,-0.001,128.815,135.94,121.691
2021-12-13,128.45,129.79,127.77,128.26,1925700.0,128.586,128.55,127.637,51.403,-0.082,-0.13,0.048,128.55,135.313,121.786
2021-12-14,128.04,129.44,126.86,127.57,1960000.0,128.692,128.258,127.772,49.423,-0.088,-0.121,0.034,128.258,134.634,121.883
2021-12-15,127.56,127.64,124.76,126.95,965600.0,128.14,127.911,127.939,47.648,-0.141,-0.125,-0.016,127.911,133.725,122.097
2021-12-16,127.79,129.2,126.77,127.74,1449500.0,127.864,127.608,128.086,50.107,-0.118,-0.124,0.006,127.608,132.719,122.497
2021-12-17,127.25,127.25,124.89,126.45,3280500.0,127.394,127.362,128.195,46.283,-0.202,-0.139,-0.062,127.362,132.176,122.548
2021-12-20,124.69,125.25,122.23,124.57,1010900.0,126.656,127.023,128.269,41.333,-0.415,-0.194,-0.22,127.023,131.603,122.443
2021-12-21,125.12,126.33,123.86,124.92,1011000.0,126.126,126.734,128.316,42.564,-0.549,-0.265,-0.284,126.734,131.062,122.407
2021-12-22,124.51,124.85,124.02,124.51,677500.0,125.638,126.5,128.295,41.466,-0.681,-0.348,-0.332,126.5,130.773,122.227
2021-12-23,124.69,125.75,124.5,125.27,627000.0,125.144,126.308,128.272,44.333,-0.716,-0.422,-0.294,126.308,130.43,122.186
2021-12-27,125.98,127.87,125.44,127.83,533300.0,125.42,126.371,128.232,52.733,-0.531,-0.444,-0.087,126.371,130.548,122.194
2021-12-28,127.65,130.09,127.31,129.8,694800.0,126.466,126.418,128.244,57.986,-0.222,-0.399,0.177,126.418,130.732,122.104
2021-12-29,129.82,131.79,129.51,131.16,1606500.0,127.714,126.753,128.319,61.193,0.13,-0.293,0.424,126.753,131.451,122.054
2021-12-30,131.03,131.99,130.61,130.78,402700.0,128.968,127.098,128.361,59.819,0.375,-0.16,0.534,127.098,131.919,122.276
2021-12-31,130.75,133.13,130.64,132.62,810100.0,130.438,127.578,128.461,64.03,0.709,0.014,0.695,127.578,132.596,122.56
2022-01-03,132.74,133.69,131.07,131.28,946900.0,131.128,127.98,128.533,59.167,0.855,0.182,0.673,127.98,132.82,123.14
2022-01-04,131.61,133.2,130.9,131.77,1794600.0,131.522,128.308,128.624,60.353,1.0,0.346,0.654,128.308,133.246,123.369
2022-01-05,131.93,132.66,127.54,127.58,1409700.0,130.806,128.334,128.613,47.618,0.767,0.43,0.337,128.334,133.25,123.419
2022-01-06,127.67,127.95,125.37,126.61,682600.0,129.972,128.18,128.552,45.238,0.499,0.444,0.055,128.18,133.108,123.251
2022-01-07,126.77,126.77,124.95,124.98,1601900.0,128.444,127.973,128.456,41.486,0.153,0.385,-0.233,127.973,133.079,122.866
2022-01-10,124.06,124.38,120.94,123.77,2062400.0,126.942,127.721,128.331,38.906,-0.217,0.265,-0.482,127.721,133.142,122.3
2022-01-11,124.12,128.82,123.91,128.67,1030100.0,126.322,127.742,128.323,51.94,-0.113,0.189,-0.302,127.742,133.174,122.309
2022-01-12,129.62,131.01,127.79,128.61,1023200.0,126.528,127.794,128.372,51.794,-0.035,0.145,-0.179,127.794,133.239,122.348
2022-01-13,129.48,130.13,128.21,128.42,1108000.0,126.89,127.867,128.412,51.303,0.012,0.118,-0.106,127.867,133.304,122.43
2022-01-14,127.17,128.71,125.8,128.34,925900.0,127.562,127.897,128.435,51.084,0.041,0.103,-0.061,127.897,133.338,122.456
2022-01-18,127.23,127.65,123.32,124.32,1818700.0,127.672,127.79,128.437,41.48,-0.256,0.031,-0.287,127.79,133.43,122.151
2022-01-19,125.33,125.87,122.6,122.7,1204800.0,126.478,127.697,128.377,38.351,-0.616,-0.099,-0.518,127.697,133.617,121.777
2022-01-20,122.71,128.22,121.77,124.13,3723300.0,125.582,127.658,128.276,42.476,-0.777,-0.234,-0.543,127.658,133.665,121.65
2022-01-21,124.4,126.58,122.12,122.62,1253400.0,124.422,127.563,128.048,39.472,-1.014,-0.39,-0.624,127.563,133.833,121.293
2022-01-24,120.04,120.61,115.31,120.27,2030300.0,122.808,127.313,127.807,35.29,-1.376,-0.587,-0.789,127.313,134.323,120.303
2022-01-25,117.86,119.11,116.1,117.99,1601200.0,121.542,126.821,127.536,31.773,-1.826,-0.835,-0.991,126.821,134.967,118.675
2022-01-26,120.2,120.89,116.1,117.29,1354900.0,120.46,126.196,127.21,30.759,-2.213,-1.111,-1.103,126.196,135.249,117.142
2022-01-27,118.83,119.74,115.28,116.17,1041700.0,118.868,125.446,126.866,29.156,-2.581,-1.405,-1.176,125.446,135.222,115.67
2022-01-28,116.06,116.31,113.01,115.07,2261500.0,117.358,124.66,126.489,27.633,-2.927,-1.709,-1.218,124.66,135.132,114.189
2022-01-31,114.69,116.46,114.06,116.13,2591700.0,116.53,123.836,126.136,31.354,-3.081,-1.984,-1.097,123.836,134.265,113.407
2022-02-01,116.39,118.64,116.28,118.05,1477100.0,116.542,123.174,125.869,37.612,-3.013,-2.19,-0.823,123.174,133.289,113.06
2022-02-02,117.75,118.21,116.68,117.44,2270000.0,116.572,122.458,125.591,36.474,-2.974,-2.346,-0.628,122.458,132.025,112.891
2022-02-03,116.49,116.72,113.41,113.56,886600.0,116.05,121.757,125.249,30.214,-3.219,-2.521,-0.698,121.757,131.787,111.727
2022-02-04,111.99,113.15,110.39,111.89,1898000.0,115.414,121.021,124.902,27.988,-3.508,-2.718,-0.789,121.021,131.691,110.351
2022-02-07,112.05,113.56,111.36,112.66,2237600.0,114.72,120.405,124.573,30.53,-3.632,-2.901,-0.731,120.405,131.526,109.284
2022-02-08,112.9,113.88,112.42,113.49,1807600.0,113.808,119.891,124.312,33.265,-3.622,-3.045,-0.577,119.891,131.303,108.479
2022-02-09,114.73,118.66,114.54,116.73,2426000.0,113.666,119.294,124.069,42.74,-3.315,-3.099,-0.216,119.294,130.0,108.588
2022-02-10,117.34,126.01,115.82,120.08,3659900.0,114.97,118.867,123.981,50.557,-2.769,-3.033,0.264,118.867,128.651,109.084
2022-02-11,119.46,122.53,117.75,117.82,1974300.0,116.156,118.338,123.86,45.995,-2.49,-2.925,0.435,118.338,127.03,109.645
2022-02-14,117.54,117.84,114.74,115.86,1254500.0,116.796,117.714,123.717,42.42,-2.399,-2.819,0.42,117.714,125.072,110.355
2022-02-15,117.04,119.13,117.03,119.07,1251400.0,117.912,117.451,123.634,49.362,-2.045,-2.665,0.62,117.451,124.163,110.739
2022-02-16,119.07,121.22,118.12,121.03,1530300.0,118.772,117.367,123.55,53.081,-1.588,-2.449,0.862,117.367,123.842,110.893
2022-02-17,119.73,120.68,118.93,119.46,1816500.0,118.648,117.134,123.398,49.918,-1.336,-2.227,0.89,117.134,122.877,111.391
2022-02-18,119.63,119.81,117.94,118.66,1330300.0,118.816,116.936,123.177,48.338,-1.188,-2.019,0.831,116.936,122.129,111.743
2022-02-22,119.07,119.19,116.66,117.74,2811400.0,119.192,116.81,122.95,46.514,-1.132,-1.842,0.71,116.81,121.779,111.84
2022-02-23,118.7,119.98,116.83,117.43,1496700.0,118.864,116.781,122.722,45.885,-1.1,-1.693,0.593,116.781,121.73,111.833
2022-02-24,115.08,119.5,114.44,119.44,1736600.0,118.546,116.889,122.546,50.55,-0.902,-1.535,0.633,116.889,121.975,111.803
2022-02-25,119.7,123.35,119.38,122.86,1518900.0,119.226,117.223,122.452,57.294,-0.463,-1.321,0.857,117.223,122.95,111.497
2022-02-28,121.59,122.09,116.91,117.09,3178900.0,118.912,117.325,122.255,45.916,-0.575,-1.171,0.597,117.325,122.962,111.687
2022-03-01,117.09,117.43,112.21,113.04,1631100.0,117.972,117.17,121.961,39.923,-0.979,-1.133,0.154,117.17,123.106,111.234
2022-03-02,114.76,115.2,112.58,114.2,1524900.0,117.326,116.978,121.716,42.248,-1.192,-1.145,-0.047,116.978,123.042,110.913
2022-03-03,115.2,115.48,109.53,111.83,1317200.0,115.804,116.697,121.461,38.932,-1.534,-1.222,-0.311,116.697,123.176,110.218
2022-03-04,110.25,111.17,108.65,108.72,1716700.0,112.976,116.455,121.137,35.046,-2.033,-1.384,-0.648,116.455,123.739,109.171
2022-03-07,108.19,108.47,101.99,102.24,2627400.0,110.006,115.972,120.691,28.632,-2.917,-1.691,-1.226,115.972,125.472,106.473
2022-03-08,102.57,106.26,99.83,105.39,3020300.0,108.476,115.609,120.294,34.872,-3.325,-2.018,-1.308,115.609,126.142,105.076
2022-03-09,107.45,108.22,104.96,106.36,2257600.0,106.908,115.252,119.864,36.707,-3.53,-2.32,-1.21,115.252,126.543,103.962
2022-03-10,105.07,106.9,103.93,106.72,1564400.0,105.886,114.752,119.403,37.412,-3.622,-2.581,-1.041,114.752,126.638,102.866
2022-03-11,107.34,108.68,103.93,104.0,1331600.0,104.942,113.948,118.86,34.304,-3.869,-2.838,-1.031,113.948,126.475,101.421
2022-03-14,105.17,105.98,102.3,102.57,1844700.0,105.008,113.186,118.295,32.762,-4.133,-3.097,-1.036,113.186,126.549,99.822
2022-03-15,102.74,106.39,102.74,106.06,1609200.0,105.142,112.696,117.764,39.863,-4.014,-3.281,-0.733,112.696,126.361,99.03
2022-03-16,107.25,110.39,106.71,110.03,1741700.0,105.876,112.244,117.339,46.752,-3.558,-3.336,-0.222,112.244,125.616,98.871
2022-03-17,108.99,112.57,108.32,111.42,1403300.0,106.816,111.763,116.932,48.957,-3.05,-3.279,0.229,111.763,124.481,99.045
2022-03-18,111.34,114.19,110.5,113.68,2634600.0,108.752,111.474,116.654,52.408,-2.437,-3.11,0.674,111.474,123.709,99.239
2022-03-21,113.52,113.98,110.42,111.42,1507600.0,110.522,111.112,116.35,48.851,-2.109,-2.91,0.801,111.112,122.871,99.353
2022-03-22,111.99,113.2,111.42,112.3,1641600.0,111.77,110.84,116.097,50.266,-1.758,-2.68,0.922,110.84,122.198,99.482
2022-03-23,112.04,112.55,110.39,111.04,851700.0,111.972,110.521,115.842,48.21,-1.563,-2.456,0.893,110.521,121.45,99.591
2022-03-24,110.35,113.61,109.63,113.38,1573100.0,112.364,110.218,115.536,52.127,-1.206,-2.206,1.0,110.218,120.417,100.018
2022-03-25,113.54,114.75,112.68,114.72,1271700.0,112.572,109.81,115.259,54.261,-0.806,-1.926,1.121,109.81,118.41,101.211
2022-03-28,114.82,115.58,112.45,115.48,1486300.0,113.384,109.73,115.0,55.473,-0.422,-1.625,1.203,109.73,118.069,101.391
2022-03-29,116.61,119.13,116.52,118.85,1140100.0,114.694,110.02,114.81,60.475,0.152,-1.27,1.422,110.02,119.207,100.834
2022-03-30,118.42,118.71,115.57,116.24,711400.0,115.734,110.122,114.648,55.294,0.392,-0.937,1.329,110.122,119.546,100.699
2022-03-31,116.14,117.33,115.36,116.34,1406500.0,116.326,110.348,114.521,55.452,0.583,-0.633,1.217,110.348,120.152,100.544
2022-04-01,117.02,119.2,116.6,119.0,1258600.0,117.182,110.862,114.419,59.535,0.939,-0.319,1.258,110.862,121.36,100.364
2022-04-04,119.19,119.21,115.7,115.91,1028700.0,117.268,111.545,114.284,53.411,0.96,-0.063,1.023,111.545,121.443,101.648
2022-04-05,115.22,116.52,114.52,114.63,894400.0,116.424,112.008,114.172,51.067,0.864,0.122,0.742,112.008,121.551,102.464
2022-04-06,113.6,114.11,110.04,111.18,2720700.0,115.412,112.248,114.035,45.298,0.503,0.198,0.305,112.248,121.428,103.069
2022-04-07,110.18,112.5,108.58,111.53,2443500.0,114.45,112.489,113.92,45.965,0.243,0.207,0.036,112.489,121.304,103.674
2022-04-08,111.51,112.42,108.58,110.09,2496900.0,112.668,112.794,113.799,43.61,-0.079,0.15,-0.229,112.794,120.753,104.834
2022-04-11,109.59,112.85,109.52,111.33,1814000.0,111.752,113.232,113.724,46.168,-0.231,0.074,-0.305,113.232,119.634,106.829
2022-04-12,111.66,112.3,109.81,110.23,852800.0,110.872,113.44,113.606,44.25,-0.435,-0.028,-0.407,113.44,119.086,107.794
2022-04-13,110.05,113.23,110.0,113.04,1209800.0,111.244,113.59,113.506,49.968,-0.366,-0.095,-0.271,113.59,119.009,108.172
2022-04-14,113.74,114.28,110.89,111.12,1745500.0,111.162,113.575,113.379,46.462,-0.461,-0.168,-0.292,113.575,119.021,108.13
2022-04-18,110.83,111.36,108.36,108.73,1342200.0,110.89,113.328,113.283,42.467,-0.721,-0.279,-0.442,113.328,119.188,107.468
2022-04-19,108.88,111.24,108.47,110.33,1309600.0,110.69,113.273,113.251,45.825,-0.788,-0.381,-0.407,113.273,119.228,107.319
2022-04-20,110.26,111.6,110.25,110.87,1115900.0,110.818,113.202,113.216,46.95,-0.789,-0.462,-0.327,113.202,119.239,107.165
2022-04-21,112.38,113.17,110.39,110.6,1477600.0,110.33,113.18,113.158,46.431,-0.802,-0.53,-0.272,113.18,119.253,107.107
2022-04-22,109.9,111.42,109.9,110.39,1917500.0,110.184,113.03,113.031,46.005,-0.821,-0.588,-0.232,113.03,119.229,106.832
2022-04-25,110.09,110.09,106.9,109.03,1188300.0,110.244,112.746,112.81,43.236,-0.934,-0.658,-0.276,112.746,119.137,106.355
2022-04-26,109.44,109.89,105.99,106.15,1316100.0,109.408,112.28,112.577,38.018,-1.242,-0.774,-0.467,112.28,119.173,105.386
2022-04-27,106.88,110.53,106.88,109.19,1516100.0,109.072,111.796,112.443,45.496,-1.226,-0.865,-0.361,111.796,118.078,105.515
2022-04-28,109.85,111.38,108.26,110.89,1380400.0,109.13,111.529,112.28,49.187,-1.064,-0.905,-0.16,111.529,117.46,105.598
2022-04-29,110.86,111.52,107.1,107.46,837200.0,108.544,111.085,112.008,42.877,-1.199,-0.964,-0.236,111.085,116.826,105.344
2022-05-02,107.8,108.88,106.14,107.7,1282000.0,108.278,110.52,111.773,43.424,-1.272,-1.025,-0.247,110.52,115.084,105.956
2022-05-03,108.51,109.77,107.5,107.99,867800.0,108.646,110.124,111.56,44.12,-1.291,-1.078,-0.213,110.124,114.049,106.199
2022-05-04,108.25,112.26,108.01,112.06,947900.0,109.22,109.996,111.446,52.883,-0.967,-1.056,0.089,109.996,113.438,106.553
2022-05-05,110.35,111.79,107.84,108.74,999900.0,108.79,109.874,111.272,46.48,-0.967,-1.038,0.071,109.874,113.312,106.435
2022-05-06,108.27,108.73,106.04,108.21,1427800.0,108.94,109.708,111.048,45.532,-0.998,-1.03,0.032,109.708,113.13,106.285
2022-05-09,106.51,107.95,105.49,105.86,1874900.0,108.572,109.496,110.708,41.492,-1.199,-1.064,-0.135,109.496,113.318,105.674
2022-05-10,109.91,114.68,107.24,111.18,2900000.0,109.21,109.488,110.589,51.898,-0.918,-1.035,0.117,109.488,113.296,105.681
2022-05-11,110.58,116.24,110.58,113.39,2964000.0,109.476,109.646,110.596,55.443,-0.511,-0.93,0.419,109.646,113.828,105.465
2022-05-12,112.79,114.94,111.86,113.86,2730200.0,110.5,109.688,110.59,56.183,-0.149,-0.774,0.625,109.688,114.022,105.353
2022-05-13,114.55,117.3,114.55,117.08,2067300.0,112.274,109.986,110.695,60.963,0.394,-0.54,0.934,109.986,115.416,104.555
2022-05-16,116.3,116.91,112.42,113.36,1165500.0,113.774,110.217,110.787,53.677,0.517,-0.329,0.846,110.217,115.814,104.62
2022-05-17,115.43,115.43,111.76,115.02,1527000.0,114.542,110.452,111.043,56.193,0.741,-0.115,0.855,110.452,116.447,104.456
2022-05-18,113.67,114.59,112.13,112.46,1416200.0,114.356,110.531,111.184,51.543,0.703,0.049,0.654,110.531,116.592,104.47
2022-05-19,111.85,115.64,111.63,114.29,1057500.0,114.442,110.715,111.343,54.445,0.811,0.201,0.61,110.715,117.006,104.425
2022-05-20,115.02,115.52,111.44,114.22,826500.0,113.87,110.907,111.493,54.311,0.882,0.337,0.544,110.907,117.386,104.428
2022-05-23,115.63,115.63,112.94,114.38,777000.0,114.074,111.174,111.701,54.586,0.939,0.458,0.482,111.174,117.768,104.581
2022-05-24,114.01,114.15,111.56,113.87,840900.0,113.844,111.56,111.927,53.481,0.933,0.553,0.38,111.56,117.81,105.311
2022-05-25,114.01,115.4,113.77,114.89,579300.0,114.33,111.846,112.103,55.425,0.999,0.642,0.357,111.846,118.16,105.531
2022-05-26,116.1,117.27,115.5,116.05,584400.0,114.682,112.103,112.224,57.596,1.132,0.74,0.392,112.103,118.67,105.537
2022-05-27,116.61,117.81,116.17,117.79,950000.0,115.396,112.62,112.351,60.688,1.362,0.864,0.497,112.62,119.273,105.967
2022-05-31,116.49,117.58,114.95,117.09,1408900.0,115.938,113.09,112.419,58.829,1.47,0.986,0.485,113.09,119.604,106.575
2022-06-01,117.46,118.28,115.23,117.08,712200.0,116.58,113.544,112.532,58.801,1.538,1.096,0.442,113.544,119.825,107.263
2022-06-02,117.88,118.81,117.0,118.54,943400.0,117.31,113.868,112.657,61.642,1.69,1.215,0.475,113.868,120.486,107.25
2022-06-03,117.26,118.48,117.0,117.44,504000.0,117.588,114.303,112.785,58.376,1.702,1.312,0.39,114.303,120.64,107.966
2022-06-06,117.82,119.31,116.86,117.46,430800.0,117.522,114.766,112.867,58.419,1.694,1.389,0.305,114.766,120.557,108.974
2022-06-07,116.6,119.33,116.52,119.17,822200.0,117.938,115.431,112.956,62.041,1.804,1.472,0.333,115.431,119.797,111.065
2022-06-08,118.12,119.75,117.71,117.75,733800.0,118.072,115.76,113.001,57.558,1.757,1.529,0.228,115.76,119.751,111.768
2022-06-09,116.8,118.03,115.86,115.87,561500.0,117.538,115.884,112.942,52.182,1.55,1.533,0.017,115.884,119.716,112.051
2022-06-10,114.05,114.45,110.11,110.65,1335700.0,116.18,115.723,112.83,40.789,0.954,1.417,-0.463,115.723,120.137,111.309
2022-06-13,108.53,108.53,105.43,105.92,1133600.0,113.872,115.165,112.621,33.625,0.099,1.153,-1.055,115.165,121.331,108.999
2022-06-14,106.07,106.4,103.15,103.8,1300500.0,110.798,114.687,112.317,30.998,-0.742,0.774,-1.516,114.687,122.66,106.714
2022-06-15,105.66,106.01,101.34,103.14,1287000.0,107.876,114.093,112.062,30.206,-1.444,0.331,-1.775,114.093,123.586,104.6
2022-06-16,99.41,100.73,96.49,97.06,2788100.0,104.114,113.323,111.711,24.101,-2.464,-0.228,-2.235,113.323,125.494,101.152
2022-06-17,96.33,97.0,93.36,95.95,3948300.0,101.174,112.406,111.406,23.18,-3.322,-0.847,-2.475,112.406,126.826,97.986
2022-06-21,97.91,100.66,97.46,100.06,2139300.0,100.002,111.698,111.177,33.339,-3.63,-1.404,-2.226,111.698,127.1,96.296
2022-06-22,99.38,104.32,99.38,102.51,2233900.0,99.744,111.104,111.025,38.555,-3.633,-1.85,-1.784,111.104,126.979,95.23
2022-06-23,103.18,104.33,102.4,103.8,1683700.0,99.876,110.601,110.874,41.165,-3.492,-2.178,-1.314,110.601,126.743,94.459
2022-06-24,104.48,108.34,104.48,108.3,1453200.0,102.124,110.271,110.836,49.263,-2.983,-2.339,-0.644,110.271,126.314,94.229
2022-06-27,108.88,109.23,106.13,106.27,1188400.0,104.188,109.782,110.7,46.176,-2.711,-2.413,-0.298,109.782,125.678,93.887
2022-06-28,107.31,107.88,104.04,104.09,979800.0,104.994,109.098,110.56,43.055,-2.642,-2.459,-0.183,109.098,124.719,93.476
2022-06-29,104.47,104.8,102.1,104.7,910500.0,105.432,108.478,110.479,44.191,-2.509,-2.469,-0.04,108.478,123.744,93.212
2022-06-30,103.59,106.51,103.41,106.25,1308500.0,105.922,107.936,110.398,47.082,-2.252,-2.426,0.174,107.936,122.677,93.196
2022-07-01,105.88,107.5,103.45,106.38,1420600.0,105.538,107.328,110.308,47.328,-2.015,-2.344,0.328,107.328,121.205,93.452
2022-07-05,104.5,106.09,102.33,106.06,1097700.0,105.496,106.76,110.217,46.751,-1.832,-2.241,0.409,106.76,119.798,93.721
2022-07-06,106.32,106.95,104.85,106.53,890900.0,105.984,106.213,110.14,47.759,-1.63,-2.119,0.489,106.213,118.24,94.186
2022-07-07,107.37,107.64,104.62,104.89,1249400.0,106.022,105.499,110.057,44.589,-1.584,-2.012,0.428,105.499,115.869,95.129
2022-07-08,105.02,105.02,103.59,103.99,803700.0,105.57,104.811,110.014,42.905,-1.602,-1.93,0.328,104.811,113.438,96.184
2022-07-11,102.5,104.59,102.5,103.67,495100.0,105.028,104.201,109.903,42.294,-1.623,-1.869,0.246,104.201,111.084,97.318
2022-07-12,103.18,105.82,103.18,104.39,583200.0,104.694,103.888,109.773,44.22,-1.564,-1.808,0.244,103.888,110.07,97.706
2022-07-13,101.22,103.63,101.22,102.54,688800.0,103.896,103.719,109.675,40.482,-1.647,-1.775,0.129,103.719,109.852,97.586
2022-07-14,101.51,101.51,99.91,100.94,1681800.0,103.106,103.576,109.54,37.527,-1.821,-1.785,-0.036,103.576,109.833,97.319
2022-07-15,102.73,103.69,100.93,103.45,784100.0,102.998,103.592,109.449,44.385,-1.737,-1.775,0.038,103.592,109.845,97.338
2022-07-18,104.14,104.54,101.64,102.08,703700.0,102.68,103.842,109.249,41.695,-1.76,-1.772,0.012,103.842,109.351,98.334
2022-07-19,103.32,105.56,103.08,104.99,992400.0,102.8,104.295,109.174,48.794,-1.526,-1.723,0.197,104.295,108.375,100.214
2022-07-20,105.25,106.76,104.88,106.46,775100.0,103.584,104.614,109.139,51.976,-1.208,-1.62,0.412,104.614,108.279,100.95
2022-07-21,106.32,109.2,106.19,109.12,921700.0,105.22,104.945,109.205,57.162,-0.733,-1.442,0.71,104.945,108.984,100.906
2022-07-22,109.8,110.56,108.28,109.05,771600.0,106.34,105.208,109.162,56.988,-0.358,-1.225,0.868,105.208,109.6,100.815
2022-07-25,109.19,110.59,108.93,109.77,775600.0,107.878,105.281,109.09,58.394,-0.002,-0.981,0.978,105.281,109.933,100.629
2022-07-26,109.64,109.93,107.28,107.92,859600.0,108.464,105.364,108.971,53.549,0.128,-0.759,0.887,105.364,110.146,100.581
2022-07-27,106.96,108.46,104.57,108.16,1432300.0,108.804,105.567,108.792,54.082,0.249,-0.557,0.806,105.567,110.466,100.668
2022-07-28,109.01,111.03,108.09,110.88,1206000.0,109.156,105.876,108.743,59.715,0.557,-0.335,0.891,105.876,111.297,100.455
2022-07-29,111.14,112.85,110.47,110.65,1165100.0,109.476,106.096,108.655,59.055,0.774,-0.113,0.887,106.096,111.922,100.27
2022-08-01,109.19,111.75,108.86,111.63,825500.0,109.848,106.358,108.639,61.031,1.013,0.112,0.901,106.358,112.69,100.027
2022-08-02,111.53,112.37,110.63,110.82,775500.0,110.428,106.596,108.569,58.518,1.124,0.315,0.81,106.596,113.231,99.962
2022-08-03,111.19,113.25,110.18,112.87,1038600.0,111.37,106.914,108.542,62.704,1.362,0.524,0.838,106.914,114.116,99.711
2022-08-04,113.48,114.86,113.11,113.23,874600.0,111.84,107.33,108.519,63.402,1.562,0.732,0.83,107.33,114.991,99.67
2022-08-05,111.9,113.46,111.79,113.05,877300.0,112.32,107.784,108.503,62.769,1.686,0.923,0.763,107.784,115.68,99.887
2022-08-08,114.32,115.24,113.43,113.87,1058100.0,112.768,108.294,108.483,64.508,1.83,1.104,0.726,108.294,116.387,100.2
2022-08-09,113.28,113.84,106.73,107.15,1867200.0,112.034,108.432,108.305,45.683,1.385,1.16,0.225,108.432,116.337,100.526
2022-08-10,108.37,110.62,108.05,109.76,1386900.0,111.412,108.792,108.144,51.592,1.229,1.174,0.055,108.792,116.209,101.376
2022-08-11,111.04,111.6,108.91,109.03,942100.0,110.572,109.197,107.983,49.955,1.035,1.146,-0.111,109.197,115.627,102.767
2022-08-12,109.24,111.01,108.73,110.94,768700.0,110.15,109.572,107.86,54.062,1.023,1.122,-0.098,109.572,115.44,103.703
2022-08-15,110.28,111.61,110.03,111.11,972600.0,109.598,110.023,107.711,54.42,1.016,1.1,-0.084,110.023,114.742,105.304
2022-08-16,110.48,111.63,110.03,111.1,907400.0,110.388,110.328,107.585,54.393,0.998,1.08,-0.082,110.328,114.426,106.231
2022-08-17,109.94,110.67,108.83,109.61,799900.0,110.358,110.486,107.428,50.397,0.854,1.035,-0.181,110.486,114.179,106.793
2022-08-18,109.87,110.36,108.51,108.87,700600.0,110.326,110.474,107.222,48.492,0.672,0.962,-0.29,110.474,114.188,106.759
2022-08-19,108.29,108.55,106.07,106.43,1133900.0,109.424,110.342,106.995,42.752,0.327,0.835,-0.508,110.342,114.434,106.251
2022-08-22,104.82,105.12,102.43,102.8,1345000.0,107.762,109.994,106.734,35.937,-0.237,0.621,-0.857,109.994,115.298,104.69
2022-08-23,102.67,103.3,101.58,103.07,928300.0,106.156,109.752,106.582,36.745,-0.654,0.366,-1.02,109.752,115.841,103.662
2022-08-24,103.79,105.59,103.16,104.41,941700.0,105.116,109.564,106.552,40.738,-0.866,0.119,-0.986,109.564,116.076,103.052
2022-08-25,105.22,106.27,104.66,106.2,580600.0,104.582,109.33,106.6,45.672,-0.88,-0.08,-0.8,109.33,115.977,102.683
2022-08-26,106.35,106.51,101.79,101.88,781600.0,103.672,108.892,106.575,37.548,-1.226,-0.309,-0.916,108.892,116.287,101.496
2022-08-29,101.02,102.39,100.73,100.82,810200.0,103.276,108.351,106.65,35.862,-1.567,-0.561,-1.006,108.351,116.451,100.251
2022-08-30,101.09,101.46,99.11,99.33,1181100.0,102.528,107.776,106.718,33.58,-1.935,-0.836,-1.099,107.776,116.724,98.829
2022-08-31,99.54,100.32,98.37,98.55,1677400.0,101.356,107.06,106.687,32.417,-2.264,-1.121,-1.142,107.06,116.567,97.554
2022-09-01,98.12,98.39,96.14,96.9,1312100.0,99.496,106.244,106.575,30.046,-2.627,-1.423,-1.205,106.244,116.308,96.18
2022-09-02,98.34,99.45,95.8,96.18,1663300.0,98.356,105.401,106.423,29.048,-2.939,-1.726,-1.214,105.401,115.882,94.919
2022-09-06,97.05,98.61,96.66,97.88,1610500.0,97.768,104.601,106.214,34.575,-3.015,-1.984,-1.031,104.601,114.797,94.405
2022-09-07,97.89,101.28,97.89,100.99,1070300.0,98.1,104.293,106.109,43.28,-2.792,-2.145,-0.646,104.293,114.537,94.049
2022-09-08,99.71,101.94,99.53,101.83,1408800.0,98.756,103.896,106.064,45.393,-2.518,-2.22,-0.298,103.896,113.86,93.933
2022-09-09,102.72,103.13,101.61,102.12,1516700.0,99.8,103.551,106.012,46.139,-2.252,-2.226,-0.025,103.551,113.24,93.862
2022-09-12,104.13,106.12,103.26,104.44,2115700.0,101.452,103.226,105.976,51.812,-1.832,-2.147,0.315,103.226,112.287,94.165
2022-09-13,101.33,102.58,97.56,97.58,2029600.0,101.392,102.55,105.8,38.8,-2.03,-2.124,0.094,102.55,111.141,93.958
2022-09-14,97.07,97.36,95.64,96.32,2016000.0,100.458,101.81,105.605,36.963,-2.262,-2.152,-0.111,101.81,109.828,93.793
2022-09-15,96.0,97.12,93.88,94.02,1704300.0,98.896,101.031,105.355,33.817,-2.602,-2.242,-0.36,101.031,108.886,93.176
2022-09-16,92.15,92.35,90.39,91.34,4753100.0,96.74,100.154,105.084,30.554,-3.052,-2.404,-0.649,100.154,108.235,92.074
2022-09-19,90.5,92.01,90.43,91.78,1285500.0,94.208,99.422,104.84,31.719,-3.335,-2.59,-0.745,99.422,107.759,91.085
2022-09-20,90.47,91.64,89.94,90.59,1409000.0,92.81,98.812,104.578,30.241,-3.614,-2.795,-0.819,98.812,107.865,89.758
2022-09-21,91.02,91.49,88.4,88.44,1205000.0,91.234,98.08,104.259,27.728,-3.962,-3.028,-0.934,98.08,108.007,88.153
2022-09-22,88.13,88.52,86.99,87.83,1553100.0,89.996,97.251,103.965,27.041,-4.239,-3.27,-0.969,97.251,107.707,86.795
2022-09-23,86.73,87.53,85.79,86.99,1578800.0,89.126,96.29,103.686,26.083,-4.474,-3.511,-0.963,96.29,106.814,85.767
2022-09-26,87.01,88.21,85.87,86.59,1141500.0,88.088,95.526,103.349,25.618,-4.64,-3.737,-0.903,95.526,106.55,84.502
2022-09-27,87.84,88.1,84.34,84.54,1311300.0,86.878,94.712,102.998,23.321,-4.88,-3.966,-0.914,94.712,106.47,82.954
2022-09-28,85.09,86.07,84.38,85.68,1900500.0,86.326,94.03,102.612,27.228,-4.922,-4.157,-0.765,94.03,106.235,81.824
2022-09-29,84.35,84.54,81.43,82.36,1970600.0,85.232,93.22,102.13,23.477,-5.163,-4.358,-0.805,93.22,106.28,80.16
2022-09-30,82.5,83.34,80.9,81.69,2900700.0,84.172,92.459,101.581,22.794,-5.347,-4.556,-0.791,92.459,106.362,78.557
2022-10-03,82.83,83.99,82.1,83.47,2100500.0,83.548,91.824,101.069,28.723,-5.288,-4.702,-0.586,91.824,106.165,77.483
2022-10-04,85.05,86.7,85.04,85.97,1937700.0,83.834,91.228,100.593,36.141,-4.982,-4.758,-0.224,91.228,105.5,76.957
2022-10-05,84.03,84.98,82.18,83.28,2437400.0,83.354,90.343,100.101,32.251,-4.9,-4.787,-0.114,90.343,104.257,76.429
2022-10-06,82.53,83.3,80.99,81.3,2018800.0,83.142,89.316,99.563,29.717,-4.938,-4.817,-0.121,89.316,102.681,75.952
2022-10-07,80.18,80.54,79.15,79.59,2176300.0,82.722,88.19,98.938,27.692,-5.048,-4.863,-0.185,88.19,100.787,75.593
2022-10-10,79.57,80.42,78.96,80.1,1962800.0,82.048,86.973,98.327,29.24,-5.036,-4.898,-0.138,86.973,97.491,76.455
2022-10-11,78.72,78.72,76.75,77.88,2406900.0,80.43,85.988,97.652,26.573,-5.146,-4.947,-0.199,85.988,96.001,75.975
2022-10-12,78.06,78.06,76.29,76.33,1694900.0,79.04,84.988,96.962,24.868,-5.297,-5.017,-0.28,84.988,94.643,75.334
2022-10-13,74.9,79.88,74.77,78.95,2309000.0,78.57,84.235,96.283,32.728,-5.147,-5.043,-0.103,84.235,93.253,75.217
2022-10-14,79.59,79.8,77.95,78.88,2450700.0,78.428,83.612,95.596,32.629,-4.975,-5.03,0.054,83.612,92.278,74.946
2022-10-17,80.71,81.22,79.54,80.62,1806500.0,78.532,83.054,94.948,37.639,-4.646,-4.953,0.307,83.054,90.905,75.203
2022-10-18,82.5,84.32,82.22,83.36,1606400.0,79.628,82.692,94.338,44.622,-4.116,-4.785,0.669,82.692,89.703,75.682
2022-10-19,83.19,85.57,83.1,83.23,1987700.0,81.008,82.432,93.859,44.369,-3.664,-4.561,0.897,82.432,88.91,75.954
2022-10-20,83.64,84.54,81.51,82.03,1451100.0,81.624,82.142,93.305,41.994,-3.365,-4.322,0.957,82.142,88.101,76.183
2022-10-21,81.67,84.81,81.25,84.6,1898700.0,82.768,82.023,92.816,48.368,-2.886,-4.035,1.149,82.023,87.659,76.386
2022-10-24,85.41,86.03,83.79,84.64,1520100.0,83.572,81.925,92.29,48.463,-2.475,-3.723,1.247,81.925,87.29,76.56
2022-10-25,84.55,87.04,84.06,86.48,1790400.0,84.196,82.022,91.797,52.765,-1.979,-3.374,1.395,82.022,87.65,76.394
2022-10-26,86.68,87.35,85.8,86.16,1030200.0,84.782,82.046,91.299,51.953,-1.592,-3.018,1.425,82.046,87.743,76.349
2022-10-27,87.03,88.24,85.53,85.82,1691200.0,85.54,82.219,90.823,51.053,-1.299,-2.674,1.375,82.219,88.161,76.277
2022-10-28,85.68,87.33,85.68,87.06,1212800.0,86.032,82.488,90.387,54.169,-0.955,-2.33,1.375,82.488,88.803,76.172
2022-10-31,86.79,87.86,86.48,87.78,2168000.0,86.66,82.703,90.014,55.924,-0.617,-1.987,1.37,82.703,89.44,75.966
2022-11-01,88.76,88.79,85.77,85.84,1645900.0,86.532,82.696,89.674,50.333,-0.5,-1.69,1.19,82.696,89.42,75.973
2022-11-02,85.82,88.3,84.75,84.77,2206300.0,86.254,82.771,89.308,47.511,-0.488,-1.45,0.961,82.771,89.555,75.987
2022-11-03,83.48,84.43,82.56,83.89,1669200.0,85.868,82.9,88.898,45.264,-0.544,-1.269,0.725,82.9,89.665,76.136
2022-11-04,85.67,86.17,84.38,85.28,1884400.0,85.512,83.185,88.48,49.34,-0.47,-1.109,0.639,83.185,89.841,76.529
2022-11-07,86.46,86.62,84.9,86.5,1308700.0,85.256,83.505,88.172,52.671,-0.31,-0.949,0.639,83.505,90.152,76.858
2022-11-08,84.02,87.16,82.08,82.21,2658100.0,84.53,83.721,87.8,42.17,-0.523,-0.864,0.341,83.721,89.859,77.584
2022-11-09,81.28,83.75,80.62,82.36,1917500.0,84.048,84.023,87.46,42.601,-0.671,-0.825,0.154,84.023,89.139,78.907
2022-11-10,84.71,86.64,84.57,86.39,2220800.0,84.548,84.395,87.217,52.781,-0.459,-0.752,0.293,84.395,89.016,79.774
2022-11-11,87.08,90.83,86.46,90.42,2152200.0,85.576,84.972,87.088,60.353,0.034,-0.595,0.629,84.972,89.576,80.368
2022-11-14,89.96,91.24,89.33,89.36,1793700.0,86.148,85.409,86.951,57.731,0.336,-0.409,0.744,85.409,89.932,80.886
2022-11-15,90.63,90.7,86.89,88.05,1374200.0,87.316,85.644,86.755,54.575,0.463,-0.234,0.698,85.644,90.205,81.082
2022-11-16,87.93,88.91,87.41,88.51,1828700.0,88.546,85.908,86.505,55.495,0.595,-0.068,0.663,85.908,90.492,81.323
2022-11-17,87.23,88.61,87.13,88.03,1572200.0,88.874,86.208,86.229,54.26,0.653,0.076,0.577,86.208,90.5,81.915
2022-11-18,89.54,90.09,88.29,88.38,1359000.0,88.466,86.396,85.954,55.046,0.719,0.204,0.514,86.396,90.723,82.07
2022-11-21,87.91,89.09,87.6,88.77,1280700.0,88.348,86.603,85.641,55.953,0.793,0.322,0.471,86.603,90.971,82.235
2022-11-22,89.33,89.96,89.02,89.77,745000.0,88.692,86.768,85.485,58.28,0.923,0.442,0.48,86.768,91.358,82.177
2022-11-23,90.13,91.06,89.92,90.75,1208700.0,89.14,86.997,85.373,60.483,1.091,0.572,0.519,86.997,91.907,82.087
2022-11-25,90.45,91.24,90.03,91.16,499100.0,89.766,87.264,85.316,61.401,1.244,0.707,0.538,87.264,92.476,82.052
2022-11-28,90.69,91.09,89.78,89.91,1228900.0,90.072,87.407,85.287,57.049,1.25,0.815,0.435,87.407,92.75,82.063
2022-11-29,90.91,92.5,90.73,92.09,1687700.0,90.736,87.622,85.294,62.095,1.414,0.935,0.479,87.622,93.361,81.883
2022-11-30,91.67,95.82,90.53,95.17,2373000.0,91.816,88.088,85.385,67.843,1.772,1.102,0.67,88.088,94.673,81.504
2022-12-01,95.89,96.97,94.33,95.99,1492200.0,92.864,88.65,85.536,69.183,2.098,1.301,0.796,88.65,95.919,81.38
2022-12-02,94.7,97.29,94.02,97.1,1981000.0,94.052,89.31,85.722,70.948,2.418,1.525,0.893,89.31,97.138,81.482
2022-12-05,95.88,97.3,95.33,96.04,2292300.0,95.278,89.848,85.903,67.002,2.556,1.731,0.825,89.848,97.983,81.713
2022-12-06,96.17,96.85,93.47,94.38,2003400.0,95.736,90.242,86.058,61.256,2.503,1.885,0.618,90.242,98.457,82.027
2022-12-07,94.53,97.64,94.29,97.22,2520800.0,96.146,90.992,86.312,66.542,2.66,2.04,0.619,90.992,98.853,83.132
2022-12-08,97.71,98.47,96.52,96.86,2165200.0,96.32,91.718,86.536,65.326,2.723,2.177,0.546,91.718,98.868,84.567
2022-12-09,97.14,98.22,96.33,96.46,2052100.0,96.192,92.221,86.818,63.927,2.71,2.283,0.427,92.221,99.208,85.234
2022-12-12,96.97,97.13,94.73,95.44,1569000.0,96.072,92.472,87.093,60.377,2.588,2.344,0.243,92.472,99.547,85.397
2022-12-13,98.7,99.06,95.03,96.43,3103300.0,96.482,92.825,87.352,62.551,2.541,2.384,0.157,92.825,99.952,85.699
2022-12-14,95.72,96.94,94.24,95.0,3317300.0,96.038,93.173,87.532,57.632,2.362,2.379,-0.018,93.173,99.99,86.356
2022-12-15,94.09,94.46,92.77,93.07,1708600.0,95.28,93.401,87.728,51.721,2.04,2.311,-0.271,93.401,99.857,86.945
2022-12-16,92.41,93.7,91.9,92.73,5070900.0,94.534,93.636,87.957,50.734,1.738,2.197,-0.459,93.636,99.592,87.68
2022-12-19,92.07,93.03,90.85,91.43,953600.0,93.732,93.788,88.194,47.037,1.377,2.033,-0.655,93.788,99.319,88.258
2022-12-20,91.45,92.62,91.03,91.89,1474200.0,92.824,93.944,88.429,48.468,1.116,1.849,-0.733,93.944,99.037,88.852
2022-12-21,92.02,94.06,91.99,93.57,1327100.0,92.538,94.134,88.743,53.418,1.033,1.686,-0.653,94.134,98.84,89.429
2022-12-22,93.13,93.24,91.24,92.91,1067200.0,92.506,94.242,89.075,51.332,0.903,1.529,-0.627,94.242,98.715,89.77
2022-12-23,92.52,93.69,92.09,93.44,857700.0,92.648,94.357,89.365,52.922,0.833,1.39,-0.557,94.357,98.609,90.104
2022-12-27,93.26,94.34,92.99,94.08,673700.0,93.178,94.565,89.669,54.84,0.82,1.276,-0.456,94.565,98.273,90.857
2022-12-28,94.4,95.02,93.3,93.4,739900.0,93.48,94.631,89.924,52.397,0.746,1.17,-0.424,94.631,98.198,91.063
2022-12-29,94.09,95.7,93.86,95.28,854500.0,93.822,94.636,90.163,57.972,0.83,1.102,-0.272,94.636,98.208,91.064
2022-12-30,94.72,95.43,93.88,95.03,877100.0,94.246,94.588,90.399,57.016,0.866,1.055,-0.189,94.588,98.108,91.068
2023-01-03,95.56,96.37,93.87,95.75,1598400.0,94.708,94.52,90.673,59.108,0.942,1.032,-0.09,94.52,97.886,91.155
2023-01-04,96.89,98.61,96.75,98.04,1114700.0,95.5,94.62,90.942,64.951,1.173,1.061,0.113,94.62,98.282,90.959
2023-01-05,96.89,97.92,96.0,97.25,1204200.0,96.27,94.764,91.194,61.677,1.278,1.104,0.174,94.764,98.607,90.921
2023-01-06,98.15,100.0,97.58,99.71,1307500.0,97.156,94.888,91.459,67.218,1.542,1.192,0.35,94.888,99.199,90.578
2023-01-09,100.07,101.84,99.55,100.94,1993600.0,98.338,95.092,91.754,69.586,1.829,1.319,0.51,95.092,100.122,90.063
2023-01-10,102.26,105.3,101.72,105.13,2243200.0,100.214,95.526,92.14,75.957,2.368,1.529,0.839,95.526,102.258,88.794
2023-01-11,104.72,106.12,103.68,104.5,2004800.0,101.506,95.979,92.489,73.465,2.713,1.766,0.947,95.979,103.816,88.142
2023-01-12,104.71,105.35,104.05,104.78,1941800.0,103.012,96.396,92.829,73.876,2.974,2.007,0.967,96.396,105.168,87.625
2023-01-13,103.73,105.5,103.41,105.36,1197800.0,104.142,96.914,93.22,74.747,3.191,2.244,0.947,96.914,106.523,87.306
2023-01-17,105.92,106.78,105.4,105.67,2077200.0,105.088,97.544,93.638,75.222,3.35,2.465,0.884,97.544,107.726,87.363
2023-01-18,106.05,107.26,103.9,103.96,1594800.0,104.854,98.106,94.039,67.655,3.299,2.632,0.667,98.106,108.408,87.804
2023-01-19,103.08,103.29,101.27,101.76,1256300.0,104.306,98.622,94.369,59.379,3.047,2.715,0.332,98.622,108.544,88.701
2023-01-20,102.43,103.4,100.62,101.84,2504400.0,103.718,99.12,94.675,59.573,2.821,2.736,0.084,99.12,108.608,89.632
2023-01-23,101.06,102.59,100.65,102.15,2062600.0,103.076,99.549,95.074,60.361,2.636,2.716,-0.08,99.549,108.752,90.346
2023-01-24,100.56,101.33,98.99,100.46,1569600.0,102.034,99.926,95.436,54.159,2.326,2.638,-0.312,99.926,108.587,91.266
2023-01-25,99.35,101.35,98.06,101.33,1502500.0,101.508,100.321,95.735,56.629,2.127,2.536,-0.409,100.321,108.439,92.203
2023-01-26,101.07,101.46,98.87,100.27,1982100.0,101.21,100.63,95.932,52.889,1.862,2.401,-0.539,100.63,108.2,93.061
2023-01-27,100.39,101.75,99.69,101.38,1234900.0,101.118,101.03,96.172,56.155,1.721,2.265,-0.544,101.03,107.792,94.267
2023-01-30,100.92,102.26,100.34,100.82,1157800.0,100.852,101.306,96.428,54.117,1.547,2.121,-0.575,101.306,107.508,95.105
2023-01-31,101.0,101.97,100.12,101.93,5658600.0,101.146,101.652,96.696,57.416,1.481,1.993,-0.512,101.652,107.106,96.197
2023-02-01,101.61,103.47,100.87,102.88,1565100.0,101.456,102.008,96.993,60.063,1.489,1.892,-0.404,102.008,106.72,97.296
2023-02-02,103.17,106.01,102.35,105.78,2219100.0,102.558,102.395,97.341,66.839,1.709,1.856,-0.147,102.395,107.005,97.785
2023-02-03,104.62,104.79,102.44,102.72,1335300.0,102.826,102.668,97.62,56.035,1.618,1.808,-0.19,102.668,106.591,98.746
2023-02-06,101.89,102.59,101.49,102.2,1061600.0,103.102,102.793,97.869,54.425,1.487,1.744,-0.257,102.793,106.471,99.115
2023-02-07,102.24,102.99,100.61,102.39,1256600.0,103.194,102.866,98.102,54.935,1.382,1.671,-0.289,102.866,106.445,99.286
2023-02-08,101.7,103.06,101.43,101.91,1775300.0,103.0,102.705,98.317,53.313,1.246,1.586,-0.34,102.705,106.142,99.267
2023-02-09,94.29,95.8,81.15,82.81,12568300.0,98.406,101.62,98.175,23.539,-0.398,1.189,-1.588,101.62,111.081,92.159
2023-02-10,83.26,86.78,83.26,85.94,5487600.0,95.05,100.678,98.052,30.399,-1.433,0.665,-2.098,100.678,112.316,89.04
2023-02-13,86.11,87.33,85.8,87.26,2876000.0,92.062,99.773,97.893,33.124,-2.121,0.108,-2.229,99.773,112.629,86.917
2023-02-14,87.47,89.52,87.0,87.04,3027200.0,88.992,98.842,97.714,32.893,-2.654,-0.445,-2.209,98.842,112.569,85.114
2023-02-15,86.32,88.03,85.91,87.78,2598900.0,86.166,98.032,97.528,34.547,-2.982,-0.952,-2.03,98.032,112.382,83.683
2023-02-16,86.21,88.28,86.21,87.06,1607600.0,87.016,97.298,97.348,33.677,-3.263,-1.414,-1.849,97.298,112.333,82.262
2023-02-17,87.1,87.75,86.51,87.47,1207000.0,87.322,96.579,97.21,34.686,-3.413,-1.814,-1.599,96.579,112.067,81.091
2023-02-21,87.09,87.6,84.47,84.97,2670200.0,86.864,95.72,96.965,31.537,-3.691,-2.189,-1.501,95.72,111.801,79.639
2023-02-22,85.37,87.1,85.22,86.43,1335900.0,86.742,95.018,96.757,35.235,-3.75,-2.501,-1.249,95.018,111.45,78.587
2023-02-23,86.44,87.25,84.39,85.97,1967700.0,86.38,94.25,96.547,34.601,-3.79,-2.759,-1.031,94.25,110.874,77.627
2023-02-24,84.51,85.55,84.51,85.02,1767300.0,85.972,93.488,96.338,33.269,-3.855,-2.978,-0.876,93.488,110.346,76.63
2023-02-27,86.06,86.69,85.48,85.68,1200500.0,85.614,92.703,96.123,35.137,-3.808,-3.144,-0.664,92.703,109.476,75.93
2023-02-28,85.29,85.53,84.02,84.48,3472300.0,85.516,91.886,95.913,33.311,-3.825,-3.28,-0.544,91.886,108.586,75.186
2023-03-01,84.19,84.51,82.85,83.06,1987800.0,84.842,90.942,95.713,31.242,-3.907,-3.406,-0.501,90.942,107.383,74.502
2023-03-02,82.57,84.44,81.76,84.31,2675700.0,84.51,90.014,95.544,35.065,-3.827,-3.49,-0.337,90.014,105.696,74.332
2023-03-03,84.5,85.31,83.7,85.0,1415800.0,84.506,88.975,95.416,37.143,-3.666,-3.525,-0.141,88.975,102.916,75.034
2023-03-06,84.99,85.36,83.18,83.21,1239100.0,84.012,88.0,95.242,34.095,-3.641,-3.548,-0.092,88.0,100.552,75.447
2023-03-07,82.68,82.93,79.64,80.73,2213800.0,83.262,86.926,94.985,30.376,-3.777,-3.594,-0.183,86.926,97.944,75.908
2023-03-08,80.95,81.24,79.64,79.75,1966300.0,82.6,85.794,94.722,29.029,-3.919,-3.659,-0.26,85.794,94.54,77.048
2023-03-09,79.67,80.19,77.57,78.01,1544700.0,81.34,84.599,94.414,26.759,-4.125,-3.752,-0.373,84.599,89.942,79.256
2023-03-10,78.3,78.4,75.95,76.72,1588900.0,79.684,84.294,94.066,25.187,-4.342,-3.87,-0.472,84.294,90.663,77.926
2023-03-13,76.14,77.01,75.27,75.77,1505000.0,78.196,83.786,93.714,24.066,-4.538,-4.004,-0.534,83.786,91.148,76.424
2023-03-14,77.19,77.78,75.3,76.33,3166500.0,77.316,83.24,93.335,26.153,-4.595,-4.122,-0.473,83.24,91.12,75.359
2023-03-15,75.16,75.16,73.9,74.98,1807500.0,76.362,82.636,92.934,24.411,-4.696,-4.237,-0.459,82.636,91.115,74.158
2023-03-16,74.55,76.33,74.25,75.87,1753900.0,75.934,82.041,92.536,27.824,-4.65,-4.319,-0.33,82.041,90.671,73.411
2023-03-17,75.63,75.63,74.28,75.01,4735400.0,75.592,81.438,92.076,26.575,-4.629,-4.381,-0.248,81.438,90.273,72.604
2023-03-20,75.55,76.63,75.48,76.03,2536800.0,75.644,80.866,91.651,30.556,-4.479,-4.401,-0.078,80.866,89.536,72.197
2023-03-21,76.91,77.01,75.65,76.74,1805300.0,75.726,80.455,91.192,33.268,-4.254,-4.372,0.118,80.455,89.086,71.824
2023-03-22,76.49,77.29,75.03,75.26,2178000.0,75.782,79.896,90.678,30.587,-4.147,-4.327,0.18,79.896,88.343,71.45
2023-03-23,75.27,76.6,75.18,76.44,1964300.0,75.896,79.42,90.104,35.08,-3.922,-4.246,0.324,79.42,87.491,71.349
2023-03-24,76.24,77.29,75.29,77.13,1378300.0,76.32,79.026,89.557,37.623,-3.646,-4.126,0.48,79.026,86.706,71.345
2023-03-27,78.41,82.38,77.8,82.03,2534000.0,77.52,78.843,89.102,52.0,-2.997,-3.9,0.903,78.843,86.014,71.672
2023-03-28,82.19,82.2,80.69,81.54,1630800.0,78.48,78.696,88.626,50.74,-2.494,-3.619,1.125,78.696,85.491,71.901
2023-03-29,82.46,82.71,81.64,81.84,1555500.0,79.796,78.635,88.149,51.515,-2.047,-3.304,1.257,78.635,85.286,71.984
2023-03-30,82.75,83.33,82.43,82.85,1238400.0,81.078,78.562,87.727,54.129,-1.593,-2.962,1.369,78.562,84.978,72.146
2023-03-31,83.38,84.36,83.32,84.17,1447600.0,82.486,78.52,87.375,57.364,-1.114,-2.592,1.479,78.52,84.77,72.271
2023-04-03,84.13,84.65,82.88,82.93,1744900.0,82.666,78.506,86.997,53.544,-0.825,-2.239,1.414,78.506,84.713,72.3
2023-04-04,82.75,83.2,82.09,82.45,1423000.0,82.848,78.592,86.603,52.097,-0.627,-1.917,1.289,78.592,84.974,72.211
2023-04-05,81.96,82.72,81.79,82.67,1448200.0,83.014,78.739,86.247,52.728,-0.448,-1.623,1.175,78.739,85.36,72.117
2023-04-06,82.48,83.87,82.24,83.71,1470900.0,83.186,79.024,85.895,55.696,-0.219,-1.342,1.123,79.024,85.995,72.052
2023-04-10,83.18,84.51,82.96,84.27,1137700.0,83.206,79.401,85.575,57.252,0.007,-1.072,1.08,79.401,86.659,72.143
2023-04-11,84.58,85.21,84.21,84.97,1057800.0,83.614,79.861,85.246,59.182,0.241,-0.81,1.05,79.861,87.313,72.409
2023-04-12,85.83,85.96,84.55,84.71,1051400.0,84.066,80.28,84.924,58.132,0.4,-0.568,0.967,80.28,87.838,72.722
2023-04-13,85.09,87.3,85.05,86.96,1299300.0,84.924,80.879,84.625,64.072,0.699,-0.314,1.014,80.879,88.566,73.192
2023-04-14,86.85,87.71,86.09,86.64,1176500.0,85.51,81.417,84.3,62.71,0.901,-0.071,0.972,81.417,89.136,73.699
2023-04-17,87.14,88.35,86.61,88.18,1295000.0,86.292,82.076,83.948,66.412,1.171,0.177,0.994,82.076,89.74,74.412
2023-04-18,88.64,88.91,87.86,87.92,1545800.0,86.882,82.67,83.652,65.235,1.349,0.411,0.937,82.67,90.203,75.138
2023-04-19,87.79,88.66,87.41,88.37,1110000.0,87.614,83.252,83.375,66.347,1.508,0.631,0.877,83.252,90.652,75.852
2023-04-20,88.26,88.37,87.12,87.34,2158100.0,87.69,83.856,83.074,61.497,1.534,0.811,0.723,83.856,90.435,77.277
2023-04-21,87.71,88.29,86.91,88.22,1383300.0,88.006,84.445,82.801,63.923,1.607,0.971,0.636,84.445,90.298,78.592
2023-04-24,88.37,88.88,88.15,88.84,1848100.0,88.138,85.03,82.921,65.57,1.695,1.115,0.58,85.03,90.092,79.969
2023-04-25,88.34,88.79,87.07,87.44,1057900.0,88.042,85.301,82.951,59.02,1.633,1.219,0.414,85.301,90.265,80.337
2023-04-26,86.77,87.61,86.3,86.39,1383000.0,87.646,85.544,82.934,54.614,1.483,1.272,0.211,85.544,90.198,80.889
2023-04-27,87.01,87.54,85.61,87.14,2077500.0,87.606,85.809,82.936,57.079,1.407,1.299,0.108,85.809,90.169,81.448
2023-04-28,86.96,89.19,86.8,88.75,1764300.0,87.712,86.104,82.955,61.867,1.461,1.331,0.13,86.104,90.419,81.788
2023-05-01,88.56,89.12,88.09,88.53,1018300.0,87.65,86.322,82.985,60.867,1.468,1.359,0.11,86.322,90.667,81.976
2023-05-02,87.95,88.45,86.3,88.01,1070400.0,87.764,86.576,82.995,58.464,1.416,1.37,0.046,86.576,90.673,82.478
2023-05-03,88.5,88.57,86.07,86.29,1396700.0,87.744,86.768,83.022,51.255,1.222,1.341,-0.119,86.768,90.382,83.153
2023-05-04,86.46,87.32,85.99,87.03,1200200.0,87.722,86.985,83.034,53.89,1.115,1.295,-0.18,86.985,90.042,83.929
2023-05-05,87.5,88.56,87.5,88.28,1428300.0,87.628,87.214,83.08,58.017,1.118,1.26,-0.142,87.214,89.901,84.527
2023-05-08,88.33,89.23,88.08,88.91,1406200.0,87.704,87.446,83.158,59.962,1.158,1.24,-0.082,87.446,89.849,85.043
2023-05-09,85.45,86.02,79.82,82.66,4413100.0,86.634,87.33,83.097,40.108,0.678,1.127,-0.45,87.33,90.372,84.289
2023-05-10,82.71,82.92,79.06,79.4,3212800.0,85.256,87.065,82.996,33.819,0.033,0.908,-0.875,87.065,91.62,82.51
2023-05-11,79.04,79.33,77.87,78.13,2048600.0,83.476,86.624,82.897,31.731,-0.573,0.612,-1.185,86.624,92.684,80.563
2023-05-12,77.99,78.47,75.31,76.12,3059800.0,81.044,86.098,82.733,28.71,-1.202,0.249,-1.451,86.098,93.765,78.43
2023-05-15,75.97,77.35,75.43,77.22,1890700.0,78.706,85.55,82.578,32.497,-1.593,-0.119,-1.474,85.55,94.106,76.993
2023-05-16,76.71,76.99,74.23,74.25,2548600.0,77.024,84.866,82.399,28.149,-2.119,-0.519,-1.6,84.866,94.712,75.02
2023-05-17,74.54,75.35,74.16,75.3,2773600.0,76.204,84.212,82.29,31.632,-2.422,-0.9,-1.523,84.212,94.787,73.638
2023-05-18,75.5,77.67,75.36,77.04,1915500.0,75.986,83.698,82.236,37.076,-2.494,-1.219,-1.275,83.698,94.628,72.767
2023-05-19,77.6,78.2,76.49,76.59,1995100.0,76.08,83.116,82.207,36.271,-2.557,-1.486,-1.071,83.116,94.268,71.964
2023-05-22,76.78,77.26,76.06,76.34,1180400.0,75.904,82.491,82.2,35.806,-2.598,-1.709,-0.889,82.491,93.694,71.288
2023-05-23,76.14,77.1,75.93,76.0,1577100.0,76.254,81.919,82.204,35.147,-2.627,-1.892,-0.735,81.919,93.226,70.612
2023-05-24,75.69,76.28,73.5,73.53,1424400.0,75.9,81.276,82.148,30.72,-2.817,-2.077,-0.74,81.276,92.968,69.584
2023-05-25,72.8,73.3,71.43,71.63,2667600.0,74.818,80.5,82.081,27.817,-3.086,-2.279,-0.807,80.5,92.605,68.396
2023-05-26,72.07,72.17,70.32,71.63,1706800.0,73.826,79.645,81.997,27.817,-3.261,-2.475,-0.785,79.645,91.714,67.575
2023-05-30,72.05,72.4,70.52,71.59,2486300.0,72.876,78.798,81.928,27.753,-3.364,-2.653,-0.711,78.798,90.617,66.978
2023-05-31,71.4,71.83,70.44,70.75,2423600.0,71.826,77.934,81.823,26.38,-3.473,-2.817,-0.656,77.934,89.438,66.431
2023-06-01,70.74,71.22,69.67,70.11,2206700.0,71.142,77.126,81.69,25.351,-3.571,-2.968,-0.603,77.126,88.428,65.823
2023-06-02,71.48,73.39,71.25,73.27,1599200.0,71.47,76.438,81.65,38.176,-3.354,-3.045,-0.309,76.438,86.841,66.034
2023-06-05,73.23,73.98,72.78,72.89,1583300.0,71.722,75.668,81.579,37.345,-3.177,-3.071,-0.105,75.668,84.549,66.787
2023-06-06,72.71,74.19,72.54,74.02,1148500.0,72.208,74.924,81.517,41.428,-2.911,-3.039,0.128,74.924,81.263,68.584
2023-06-07,73.97,75.05,73.56,74.32,1793700.0,72.922,74.506,81.363,42.499,-2.646,-2.961,0.315,74.506,79.697,69.316
2023-06-08,74.4,74.98,72.98,73.0,1384800.0,73.5,74.186,81.192,39.11,-2.514,-2.871,0.358,74.186,78.871,69.502
2023-06-09,70.92,71.98,70.19,71.61,2374000.0,73.168,73.86,80.987,35.866,-2.492,-2.795,0.303,73.86,78.29,69.431
2023-06-12,71.77,72.73,71.08,71.26,1644400.0,72.842,73.618,80.756,35.077,-2.475,-2.731,0.257,73.618,78.058,69.177
2023-06-13,71.48,72.99,71.44,72.95,1379000.0,72.628,73.404,80.531,41.741,-2.298,-2.645,0.347,73.404,77.514,69.294
2023-06-14,73.68,73.75,71.33,71.67,1409000.0,72.098,73.275,80.306,38.516,-2.235,-2.563,0.327,73.275,77.434,69.116
2023-06-15,71.39,72.94,71.06,72.77,1770300.0,72.052,73.148,80.112,42.618,-2.073,-2.465,0.392,73.148,77.201,69.096
2023-06-16,73.22,74.08,72.27,73.55,5050700.0,72.44,72.974,79.93,45.4,-1.86,-2.344,0.484,72.974,76.599,69.349
2023-06-20,73.54,73.91,72.05,72.5,2362600.0,72.688,72.77,79.706,42.419,-1.756,-2.226,0.47,72.77,75.973,69.566
2023-06-21,72.44,72.69,71.11,71.54,2180500.0,72.406,72.53,79.451,39.843,-1.731,-2.127,0.396,72.53,75.296,69.763
2023-06-22,71.27,71.96,70.7,71.43,1197200.0,72.358,72.301,79.18,39.546,-1.7,-2.042,0.342,72.301,74.571,70.031
2023-06-23,70.76,71.13,69.53,69.63,3092000.0,71.73,72.106,78.879,34.963,-1.801,-1.994,0.193,72.106,74.591,69.621
2023-06-26,69.79,71.1,69.55,71.06,2099100.0,71.232,72.078,78.561,40.83,-1.744,-1.944,0.199,72.078,74.598,69.557
2023-06-27,71.23,71.55,70.57,70.89,2926000.0,70.91,72.04,78.246,40.364,-1.694,-1.894,0.2,72.04,74.61,69.471
2023-06-28,70.99,71.21,69.66,70.96,2519000.0,70.794,72.009,77.901,40.664,-1.63,-1.841,0.211,72.009,74.617,69.401
2023-06-29,70.99,72.07,70.36,71.97,3805600.0,70.902,72.07,77.582,44.972,-1.48,-1.769,0.288,72.07,74.61,69.53
2023-06-30,72.59,73.77,71.99,73.61,2264100.0,71.698,72.245,77.287,51.17,-1.216,-1.658,0.443,72.245,74.697,69.793
2023-07-03,73.53,74.42,73.22,73.74,1233800.0,72.234,72.268,77.015,51.635,-0.984,-1.523,0.539,72.268,74.771,69.766
2023-07-05,73.15,73.81,72.25,72.69,2713200.0,72.594,72.258,76.705,47.685,-0.875,-1.394,0.519,72.258,74.752,69.765
2023-07-06,71.96,72.38,71.06,72.17,2279400.0,72.836,72.166,76.371,45.815,-0.821,-1.279,0.458,72.166,74.517,69.815
2023-07-07,72.26,73.85,72.26,72.69,2117100.0,72.98,72.084,76.076,48.01,-0.728,-1.169,0.441,72.084,74.225,69.944
2023-07-10,72.75,74.26,72.48,72.72,1539600.0,72.802,72.071,75.803,48.141,-0.644,-1.064,0.42,72.071,74.189,69.952
2023-07-11,72.97,74.49,72.75,74.4,2124000.0,72.934,72.21,75.548,54.96,-0.438,-0.939,0.501,72.21,74.556,69.864
2023-07-12,75.36,76.09,75.26,75.5,2520100.0,73.496,72.422,75.283,58.781,-0.183,-0.788,0.605,72.422,75.143,69.701
2023-07-13,75.4,75.9,74.55,74.97,2317400.0,74.056,72.523,75.012,56.303,-0.023,-0.635,0.611,72.523,75.468,69.578
2023-07-14,75.14,75.6,73.29,74.09,2217800.0,74.336,72.644,74.733,52.355,0.032,-0.501,0.533,72.644,75.639,69.649
2023-07-17,74.46,74.46,72.73,73.51,2132600.0,74.494,72.681,74.478,49.873,0.028,-0.396,0.424,72.681,75.701,69.661
2023-07-18,73.46,76.17,73.44,76.13,2184100.0,74.84,72.81,74.26,59.267,0.234,-0.27,0.504,72.81,76.186,69.434
2023-07-19,76.8,78.03,76.65,77.76,2716600.0,75.292,73.073,74.049,63.811,0.523,-0.111,0.634,73.073,77.103,69.043
2023-07-20,77.5,77.66,76.4,77.17,3041800.0,75.732,73.354,73.815,61.152,0.696,0.05,0.646,73.354,77.708,69.001
2023-07-21,76.7,78.08,75.24,77.69,2140500.0,76.452,73.667,73.715,62.63,0.865,0.213,0.652,73.667,78.327,69.008
2023-07-24,77.9,79.05,77.69,78.59,2867600.0,77.468,74.116,73.699,65.105,1.06,0.382,0.677,74.116,78.863,69.368
2023-07-25,78.89,80.99,78.43,80.49,3167100.0,78.34,74.587,73.746,69.671,1.351,0.576,0.775,74.587,79.897,69.277
2023-07-26,80.61,82.03,80.02,80.53,2035000.0,78.894,75.069,73.834,69.761,1.568,0.775,0.793,75.069,80.706,69.432
2023-07-27,80.74,81.16,77.54,77.84,1809200.0,79.028,75.413,73.847,57.453,1.505,0.921,0.584,75.413,80.829,69.997
2023-07-28,79.0,79.4,78.29,78.89,2285400.0,79.268,75.759,73.94,60.39,1.522,1.041,0.481,75.759,81.133,70.385
2023-07-31,79.53,80.15,77.56,78.26,4875800.0,79.202,75.992,73.999,57.811,1.468,1.127,0.342,75.992,81.376,70.607
2023-08-01,77.95,78.4,77.39,77.99,1308700.0,78.702,76.204,74.018,56.694,1.388,1.179,0.209,76.204,81.55,70.858
2023-08-02,77.09,77.09,76.01,76.16,1456600.0,77.828,76.378,74.009,49.684,1.163,1.176,-0.013,76.378,81.462,71.293
2023-08-03,75.97,76.2,74.13,74.14,2189600.0,77.088,76.476,73.965,43.317,0.812,1.103,-0.291,76.476,81.287,71.665
2023-08-04,74.38,75.62,74.38,74.46,1687000.0,76.202,76.564,73.934,44.529,0.554,0.993,-0.439,76.564,81.141,71.988
2023-08-07,74.07,74.58,73.71,74.31,2660800.0,75.412,76.644,73.95,44.054,0.333,0.861,-0.528,76.644,80.989,72.299
2023-08-08,57.96,62.46,57.6,59.92,11101100.0,71.798,75.92,73.716,20.939,-0.992,0.491,-1.482,75.92,84.551,67.289
2023-08-09,59.79,60.15,58.08,58.99,6099700.0,68.364,75.094,73.463,20.201,-2.092,-0.026,-2.066,75.094,86.581,63.608
2023-08-10,58.89,60.09,58.48,58.51,2777800.0,65.238,74.272,73.201,19.813,-2.969,-0.615,-2.355,74.272,87.946,60.597
2023-08-11,58.29,59.54,58.28,59.44,2501800.0,62.234,73.539,72.975,22.903,-3.548,-1.201,-2.347,73.539,88.738,58.34
2023-08-14,58.93,60.11,58.85,60.09,2384100.0,59.39,72.868,72.775,25.076,-3.909,-1.743,-2.166,72.868,89.214,56.522
2023-08-15,59.26,60.04,59.09,59.73,3029400.0,59.352,72.048,72.504,24.661,-4.177,-2.23,-1.947,72.048,89.324,54.772
2023-08-16,59.4,59.55,58.55,58.58,2185900.0,59.27,71.089,72.218,23.334,-4.43,-2.67,-1.76,71.089,89.142,53.036
2023-08-17,58.84,59.04,58.07,58.1,1868000.0,59.188,70.136,71.899,22.783,-4.617,-3.059,-1.557,70.136,88.839,51.432
2023-08-18,57.76,58.93,57.45,58.91,2409700.0,59.082,69.196,71.591,25.961,-4.645,-3.376,-1.269,69.196,88.187,50.206
2023-08-21,58.9,59.83,58.58,59.72,1718800.0,59.008,68.253,71.326,29.103,-4.551,-3.611,-0.939,68.253,87.153,49.353
2023-08-22,60.18,62.05,60.16,61.96,3037900.0,59.454,67.326,71.133,37.059,-4.246,-3.738,-0.507,67.326,85.504,49.149
2023-08-23,61.94,63.0,61.93,62.16,2169600.0,60.17,66.408,70.951,37.731,-3.942,-3.779,-0.163,66.408,83.606,49.21
2023-08-24,61.23,62.25,59.76,60.48,1473500.0,60.646,65.54,70.701,34.408,-3.794,-3.782,-0.012,65.54,82.047,49.033
2023-08-25,60.91,61.61,60.53,61.08,1245100.0,61.08,64.65,70.489,36.557,-3.586,-3.743,0.156,64.65,80.006,49.293
2023-08-28,61.59,61.92,61.04,61.42,999800.0,61.42,63.808,70.262,37.8,-3.356,-3.665,0.31,63.808,77.808,49.807
2023-08-29,61.76,63.81,61.7,63.76,1741500.0,61.78,63.096,70.067,45.69,-2.95,-3.522,0.572,63.096,75.406,50.786
2023-08-30,63.85,65.04,63.67,64.56,1579500.0,62.26,62.516,69.908,48.113,-2.535,-3.325,0.79,62.516,73.223,51.809
2023-08-31,64.85,66.15,64.8,65.16,2457900.0,63.196,62.067,69.78,49.918,-2.133,-3.087,0.953,62.067,71.385,52.749
2023-09-01,65.71,66.94,64.97,64.97,1621500.0,63.974,61.593,69.651,49.333,-1.809,-2.831,1.022,61.593,69.03,54.155
2023-09-05,64.72,65.74,64.56,65.42,2397000.0,64.774,61.148,69.567,50.804,-1.499,-2.565,1.066,61.148,65.998,56.298
2023-09-06,65.34,65.91,64.99,65.66,1619600.0,65.154,61.435,69.459,51.61,-1.219,-2.295,1.076,61.435,66.645,56.225
2023-09-07,65.42,66.4,63.96,64.0,1428800.0,65.042,61.686,69.321,45.992,-1.119,-2.06,0.941,61.686,66.882,56.489
2023-09-08,63.8,64.06,62.7,63.57,1123300.0,64.724,61.938,69.173,44.636,-1.062,-1.86,0.799,61.938,66.975,56.902
2023-09-11,64.51,65.07,62.94,63.21,1640900.0,64.372,62.127,68.998,43.481,-1.033,-1.695,0.662,62.127,67.05,57.204
2023-09-12,62.91,63.79,62.71,62.99,2643600.0,63.886,62.272,68.786,42.752,-1.017,-1.559,0.542,62.272,67.113,57.431
2023-09-13,62.99,63.32,62.17,62.46,1291400.0,63.246,62.408,68.56,40.972,-1.035,-1.455,0.419,62.408,67.099,57.718
2023-09-14,63.12,64.23,63.0,63.91,1266300.0,63.228,62.675,68.384,47.423,-0.922,-1.348,0.426,62.675,67.044,58.306
2023-09-15,63.98,65.61,63.62,63.86,3984800.0,63.286,62.963,68.218,47.232,-0.826,-1.244,0.417,62.963,66.788,59.138
2023-09-18,63.45,63.66,62.25,62.34,1753300.0,63.112,63.134,68.011,41.711,-0.863,-1.168,0.304,63.134,66.471,59.798
2023-09-19,62.2,63.19,62.09,62.75,1663800.0,63.064,63.286,67.812,43.625,-0.85,-1.104,0.254,63.286,66.22,60.352
2023-09-20,63.82,66.52,63.69,64.74,3026500.0,63.52,63.425,67.619,51.884,-0.671,-1.017,0.346,63.425,66.358,60.492
2023-09-21,63.87,65.33,63.81,64.13,2375500.0,63.564,63.524,67.391,49.491,-0.572,-0.928,0.357,63.524,66.41,60.637
2023-09-22,64.13,64.22,63.42,63.48,1501100.0,63.488,63.674,67.161,47.002,-0.539,-0.851,0.311,63.674,66.181,61.166
2023-09-25,62.99,63.98,62.81,63.77,1265400.0,63.774,63.808,66.955,48.252,-0.485,-0.777,0.293,63.808,65.998,61.618
2023-09-26,63.28,63.94,62.64,62.79,1503200.0,63.782,63.876,66.741,44.438,-0.515,-0.725,0.21,63.876,65.824,61.929
2023-09-27,63.43,63.76,62.44,62.88,1740600.0,63.41,63.832,66.476,44.869,-0.525,-0.685,0.16,63.832,65.831,61.834
2023-09-28,63.14,64.15,62.24,63.8,1480700.0,63.344,63.795,66.196,49.207,-0.454,-0.639,0.185,63.795,65.763,61.826
2023-09-29,64.08,64.55,63.29,63.79,1089900.0,63.406,63.726,65.929,49.161,-0.393,-0.59,0.196,63.726,65.587,61.865
2023-10-02,63.17,63.42,61.35,61.73,1566000.0,62.998,63.564,65.61,40.828,-0.506,-0.573,0.067,63.564,65.53,61.598
2023-10-03,61.05,62.29,60.8,60.89,2008500.0,62.618,63.338,65.256,37.999,-0.656,-0.589,-0.066,63.338,65.442,61.233
2023-10-04,61.68,61.68,60.5,61.22,1822800.0,62.286,63.116,64.87,39.764,-0.739,-0.619,-0.12,63.116,65.123,61.108
2023-10-05,60.84,60.86,59.72,60.39,1590700.0,61.604,62.935,64.467,36.917,-0.862,-0.668,-0.194,62.935,65.235,60.635
2023-10-06,60.0,60.13,58.28,58.94,2361800.0,60.634,62.704,64.089,32.534,-1.064,-0.747,-0.317,62.704,65.592,59.815
2023-10-09,58.48,59.94,58.43,59.63,1419400.0,60.214,62.524,63.704,36.403,-1.156,-0.829,-0.327,62.524,65.709,59.34
2023-10-10,59.96,61.55,59.92,61.54,1941100.0,60.344,62.452,63.37,45.689,-1.062,-0.875,-0.186,62.452,65.658,59.246
2023-10-11,61.7,61.94,60.95,61.34,1536700.0,60.368,62.396,63.037,44.949,-0.992,-0.899,-0.093,62.396,65.64,59.152
2023-10-12,61.72,61.76,59.46,59.9,4268900.0,60.27,62.196,62.712,39.933,-1.041,-0.927,-0.114,62.196,65.54,58.851
2023-10-13,60.21,60.66,59.85,60.64,2103700.0,60.61,62.034,62.442,43.427,-1.008,-0.943,-0.065,62.034,65.351,58.718
2023-10-16,61.24,62.46,60.28,62.12,1287200.0,61.108,62.024,62.195,49.725,-0.853,-0.925,0.072,62.024,65.338,58.709
2023-10-17,61.54,63.81,61.39,63.22,1400800.0,61.444,62.047,61.973,53.839,-0.634,-0.867,0.233,62.047,65.389,58.705
2023-10-18,62.45,62.97,62.39,62.68,2143600.0,61.712,61.944,62.028,51.606,-0.498,-0.793,0.295,61.944,65.056,58.832
2023-10-19,62.74,62.92,61.8,62.13,2851600.0,62.158,61.844,62.091,49.362,-0.43,-0.721,0.29,61.844,64.784,58.904
2023-10-20,62.28,62.7,61.38,61.42,1272000.0,62.314,61.741,62.149,46.547,-0.429,-0.662,0.234,61.741,64.582,58.9
2023-10-23,60.9,61.36,60.17,60.6,2222400.0,62.01,61.582,62.172,43.464,-0.488,-0.627,0.14,61.582,64.298,58.867
2023-10-24,61.21,62.47,60.74,61.83,1544100.0,61.732,61.534,62.207,48.928,-0.431,-0.588,0.157,61.534,64.194,58.875
2023-10-25,61.72,62.13,61.25,61.85,2601200.0,61.566,61.483,62.25,49.014,-0.379,-0.546,0.167,61.483,64.071,58.895
2023-10-26,62.08,63.58,61.94,62.85,2139900.0,61.71,61.435,62.335,53.266,-0.255,-0.488,0.233,61.435,63.875,58.996
2023-10-27,63.05,63.9,62.57,63.49,3680400.0,62.124,61.42,62.443,55.806,-0.103,-0.411,0.308,61.42,63.802,59.039
2023-10-30,64.13,64.36,59.15,61.07,4522300.0,62.218,61.388,62.486,45.693,-0.177,-0.364,0.187,61.388,63.77,59.005
2023-10-31,61.8,64.52,61.58,63.96,3075800.0,62.644,61.541,62.571,55.957,-0.002,-0.292,0.29,61.541,64.171,58.911
2023-11-01,63.78,64.23,62.76,63.69,1957900.0,63.012,61.664,62.605,54.913,0.114,-0.211,0.325,61.664,64.458,58.871
2023-11-02,64.32,65.24,64.05,64.99,1942700.0,63.44,61.894,62.662,58.891,0.307,-0.107,0.414,61.894,64.987,58.802
2023-11-03,65.72,68.5,65.53,68.04,2609500.0,64.35,62.35,62.813,66.384,0.698,0.054,0.644,62.35,66.198,58.501
2023-11-06,67.49,68.18,66.76,67.69,2930400.0,65.674,62.752,62.945,64.922,0.969,0.237,0.732,62.752,67.062,58.443
2023-11-07,72.97,73.28,65.6,66.99,5036200.0,66.28,63.025,63.057,61.981,1.114,0.412,0.701,63.025,67.687,58.363
2023-11-08,67.02,67.93,65.89,66.46,2393400.0,66.834,63.281,63.111,59.773,1.172,0.564,0.608,63.281,68.112,58.45
2023-11-09,67.02,67.26,66.22,66.94,2565500.0,67.224,63.633,63.158,61.124,1.243,0.7,0.543,63.633,68.453,58.813
2023-11-10,66.7,67.38,65.71,67.13,2533100.0,67.042,63.957,63.198,61.672,1.3,0.82,0.48,63.957,68.803,59.112
2023-11-13,66.42,67.14,65.25,66.65,3677100.0,66.834,64.184,63.231,59.392,1.291,0.914,0.377,64.184,69.091,59.277
2023-11-14,68.01,69.18,67.84,68.93,2019500.0,67.222,64.47,63.302,65.851,1.451,1.022,0.43,64.47,69.787,59.152
2023-11-15,69.08,69.98,68.94,69.24,1161000.0,67.778,64.797,63.373,66.628,1.585,1.134,0.451,64.797,70.449,59.146
2023-11-16,68.92,69.89,68.76,69.84,1434400.0,68.358,65.183,63.49,68.139,1.72,1.251,0.468,65.183,71.114,59.252
2023-11-17,70.39,70.39,69.08,69.19,1153200.0,68.77,65.572,63.602,64.72,1.754,1.352,0.402,65.572,71.482,59.661
2023-11-20,68.82,69.36,68.21,69.12,1581500.0,69.264,65.998,63.721,64.345,1.755,1.432,0.322,65.998,71.621,60.374
2023-11-21,69.02,69.22,68.25,68.87,1770400.0,69.252,66.35,63.838,62.944,1.716,1.489,0.227,66.35,71.751,60.948
2023-11-22,69.31,70.18,68.7,70.17,2439700.0,69.438,66.766,63.992,66.971,1.769,1.545,0.224,66.766,71.987,61.544
2023-11-24,69.96,70.54,69.86,69.93,603100.0,69.456,67.12,64.113,65.555,1.772,1.59,0.181,67.12,72.18,62.059
2023-11-27,69.82,70.13,69.4,70.03,2480100.0,69.624,67.446,64.236,65.879,1.762,1.625,0.137,67.446,72.363,62.53
2023-11-28,70.68,71.04,70.03,70.81,1192400.0,69.962,67.934,64.406,68.376,1.796,1.659,0.137,67.934,72.056,63.811
2023-11-29,71.06,71.64,70.36,70.4,1400600.0,70.268,68.256,64.559,65.656,1.769,1.681,0.088,68.256,72.065,64.446
2023-11-30,70.41,70.84,70.07,70.54,1811000.0,70.342,68.598,64.675,66.151,1.74,1.693,0.047,68.598,71.874,65.322
2023-12-01,70.61,71.86,70.61,71.85,1654800.0,70.726,68.941,64.829,70.445,1.801,1.714,0.087,68.941,72.059,65.823
2023-12-04,71.36,72.06,71.23,71.4,1861200.0,71.0,69.109,64.987,67.287,1.793,1.73,0.063,69.109,72.381,65.837
2023-12-05,71.14,71.5,70.27,70.57,1845000.0,70.952,69.253,65.123,61.786,1.7,1.724,-0.024,69.253,72.516,65.99
2023-12-06,70.94,71.87,70.76,70.84,987800.0,71.04,69.446,65.284,62.85,1.629,1.705,-0.076,69.446,72.598,66.293
2023-12-07,71.05,72.9,70.86,72.05,1157200.0,71.342,69.725,65.468,67.251,1.651,1.694,-0.043,69.725,72.752,66.698
2023-12-08,72.02,72.46,71.55,71.88,1104400.0,71.348,69.972,65.629,66.067,1.637,1.683,-0.046,69.972,72.844,67.1
2023-12-11,71.65,71.92,71.39,71.74,2234300.0,71.416,70.203,65.788,65.051,1.595,1.665,-0.07,70.203,72.845,67.56
2023-12-12,71.96,72.0,70.77,71.55,1805600.0,71.612,70.448,65.985,63.621,1.53,1.638,-0.109,70.448,72.559,68.336
2023-12-13,71.23,74.2,70.89,73.67,1514500.0,72.178,70.684,66.24,71.221,1.63,1.636,-0.007,70.684,73.118,68.251
2023-12-14,74.84,77.39,74.24,75.04,2914500.0,72.776,70.974,66.517,74.875,1.799,1.669,0.13,70.974,73.995,67.954
2023-12-15,74.73,75.47,74.11,74.5,3711900.0,73.3,71.208,66.799,71.046,1.868,1.709,0.159,71.208,74.56,67.855
2023-12-18,74.91,75.11,73.54,73.98,1589400.0,73.748,71.447,67.1,67.469,1.859,1.739,0.12,71.447,74.876,68.018
2023-12-19,74.11,75.12,73.98,74.85,2187600.0,74.408,71.734,67.404,70.175,1.901,1.771,0.129,71.734,75.299,68.168
2023-12-20,74.7,74.94,73.91,74.48,1870400.0,74.57,72.014,67.663,67.6,1.882,1.793,0.088,72.014,75.513,68.515
2023-12-21,75.23,75.37,73.95,75.28,1172100.0,74.618,72.27,67.942,70.15,1.909,1.817,0.093,72.27,75.943,68.596
2023-12-22,75.9,76.68,75.17,75.51,1174100.0,74.82,72.548,68.254,70.861,1.928,1.839,0.089,72.548,76.321,68.776
2023-12-26,75.59,77.2,75.42,76.81,798900.0,75.386,72.888,68.577,74.547,2.024,1.876,0.148,72.888,76.916,68.859
2023-12-27,76.7,77.2,76.52,76.94,971200.0,75.804,73.194,68.874,74.889,2.086,1.918,0.168,73.194,77.482,68.906
2023-12-28,76.78,77.75,76.78,77.35,938000.0,76.378,73.542,69.156,75.985,2.144,1.963,0.181,73.542,77.999,69.084
2023-12-29,76.85,77.34,76.21,76.52,767700.0,76.626,73.84,69.433,69.382,2.099,1.99,0.109,73.84,78.252,69.429
2024-01-02,75.93,77.01,75.84,76.95,1096300.0,76.914,74.095,69.73,70.798,2.074,2.007,0.067,74.095,78.611,69.58
2024-01-03,76.3,76.79,74.84,75.6,1036000.0,76.672,74.306,70.013,61.225,1.923,1.99,-0.067,74.306,78.682,69.929
2024-01-04,75.54,75.8,75.1,75.18,1115700.0,76.32,74.536,70.305,58.571,1.749,1.942,-0.193,74.536,78.555,70.517
2024-01-05,74.66,76.5,74.46,75.58,1215000.0,75.966,74.773,70.58,60.334,1.625,1.879,-0.253,74.773,78.416,71.13
2024-01-08,75.14,76.19,74.94,75.83,949800.0,75.828,74.962,70.859,61.439,1.529,1.809,-0.279,74.962,78.396,71.528
2024-01-09,75.29,75.9,75.1,75.65,846500.0,75.568,75.15,71.115,60.14,1.423,1.732,-0.309,75.15,78.272,72.029
2024-01-10,75.34,76.37,75.09,76.12,872900.0,75.672,75.369,71.368,62.376,1.36,1.657,-0.297,75.369,78.07,72.669
2024-01-11,76.26,76.26,75.15,75.4,2048700.0,75.716,75.562,71.655,57.092,1.238,1.573,-0.335,75.562,77.578,73.546
2024-01-12,78.44,78.83,74.97,75.84,4072400.0,75.768,75.67,71.892,59.358,1.164,1.492,-0.328,75.67,77.481,73.86
2024-01-16,75.56,76.06,74.75,75.17,5072600.0,75.636,75.677,72.122,54.628,1.039,1.401,-0.362,75.677,77.479,73.875
2024-01-17,73.96,74.67,73.17,74.55,1892300.0,75.416,75.679,72.313,50.608,0.879,1.297,-0.417,75.679,77.474,73.885
2024-01-18,74.63,74.71,73.38,74.05,1880100.0,75.002,75.683,72.433,47.569,0.705,1.178,-0.474,75.683,77.464,73.902
2024-01-19,74.23,75.37,73.69,75.15,1564000.0,74.952,75.698,72.582,54.1,0.648,1.072,-0.425,75.698,77.455,73.941
2024-01-22,76.39,76.74,75.35,75.38,1609300.0,74.86,75.743,72.75,55.353,0.614,0.98,-0.367,75.743,77.412,74.074
2024-01-23,75.72,75.97,74.94,75.11,1244300.0,74.848,75.734,72.923,53.507,0.559,0.896,-0.337,75.734,77.415,74.054
2024-01-24,75.14,75.62,74.4,74.7,2164500.0,74.878,75.694,73.078,50.74,0.477,0.812,-0.336,75.694,77.435,73.953
2024-01-25,75.26,77.86,75.2,77.84,2510800.0,75.636,75.746,73.293,65.468,0.657,0.781,-0.124,75.746,77.677,73.814
2024-01-26,78.15,78.39,77.39,77.74,1802600.0,76.154,75.786,73.514,64.803,0.783,0.782,0.002,75.786,77.849,73.722
2024-01-29,77.44,77.73,76.78,77.5,1176700.0,76.578,75.793,73.686,63.147,0.854,0.796,0.058,75.793,77.882,73.704
2024-01-30,76.99,78.14,76.54,76.55,1146400.0,76.866,75.794,73.832,56.942,0.824,0.802,0.022,75.794,77.885,73.704
2024-01-31,76.91,77.99,76.21,76.25,1672100.0,77.176,75.76,73.96,55.1,0.767,0.795,-0.028,75.76,77.792,73.727
2024-02-01,76.27,77.8,75.87,77.67,1209700.0,77.142,75.863,74.13,61.454,0.827,0.801,0.026,75.863,78.065,73.661
2024-02-02,77.05,77.66,76.28,76.81,2411700.0,76.956,75.944,74.284,56.261,0.796,0.8,-0.004,75.944,78.16,73.729
2024-02-05,75.78,76.47,75.28,75.78,2064800.0,76.612,75.954,74.422,50.732,0.68,0.776,-0.096,75.954,78.165,73.744
2024-02-06,75.79,77.3,75.77,76.33,1276900.0,76.568,75.98,74.545,53.368,0.626,0.746,-0.12,75.98,78.196,73.763
2024-02-07,76.49,78.39,76.3,77.82,1539100.0,76.882,76.088,74.703,59.663,0.695,0.736,-0.041,76.088,78.444,73.732
2024-02-08,77.97,78.21,76.06,76.09,1436400.0,76.566,76.086,74.824,51.047,0.603,0.709,-0.106,76.086,78.443,73.73
2024-02-09,75.6,75.89,74.4,75.55,3152600.0,76.314,76.094,74.919,48.683,0.481,0.664,-0.182,76.094,78.442,73.746
2024-02-12,75.48,76.9,75.41,75.91,2008200.0,76.34,76.098,75.029,50.334,0.409,0.613,-0.204,76.098,78.444,73.751
2024-02-13,74.92,76.1,74.62,76.07,3263300.0,76.288,76.142,75.14,51.087,0.361,0.562,-0.202,76.142,78.448,73.837
2024-02-14,76.4,77.14,74.8,75.02,1629100.0,75.728,76.166,75.203,46.142,0.235,0.497,-0.262,76.166,78.412,73.92
2024-02-15,75.37,76.69,75.37,76.59,1761400.0,75.828,76.293,75.307,53.405,0.259,0.449,-0.191,76.293,78.311,74.275
2024-02-16,76.46,77.09,76.15,76.73,1681800.0,76.064,76.372,75.43,54.0,0.286,0.416,-0.131,76.372,78.324,74.42
2024-02-20,77.64,77.72,76.63,77.52,2654700.0,76.386,76.479,75.564,57.316,0.366,0.406,-0.04,76.479,78.437,74.521
2024-02-21,70.41,74.42,69.56,72.56,8752600.0,75.684,76.352,75.574,38.534,0.03,0.331,-0.301,76.352,78.921,73.782
2024-02-22,72.56,75.12,72.06,75.09,4770500.0,75.698,76.371,75.638,47.911,-0.032,0.258,-0.291,76.371,78.894,73.848
2024-02-23,74.69,76.57,74.55,76.06,2593000.0,75.592,76.282,75.724,50.997,-0.003,0.206,-0.209,76.282,78.71,73.854
2024-02-26,75.73,75.73,73.13,73.16,3272200.0,74.878,76.053,75.757,42.827,-0.212,0.123,-0.334,76.053,78.751,73.355
2024-02-27,73.35,73.48,69.94,70.35,3561700.0,73.444,75.696,75.69,36.693,-0.597,-0.021,-0.575,75.696,79.322,72.069
2024-02-28,69.8,69.97,68.93,69.19,2573000.0,72.77,75.328,75.573,34.496,-0.984,-0.214,-0.77,75.328,79.946,70.709
2024-02-29,69.93,71.83,69.77,71.35,5899300.0,72.022,75.083,75.51,41.517,-1.104,-0.392,-0.712,75.083,80.005,70.16
2024-03-01,70.88,71.91,70.68,71.71,1905900.0,71.152,74.784,75.465,42.621,-1.157,-0.545,-0.612,74.784,79.769,69.8
2024-03-04,71.41,72.11,71.41,71.86,2614200.0,70.892,74.537,75.405,43.102,-1.173,-0.671,-0.503,74.537,79.589,69.485
2024-03-05,71.51,72.89,71.42,72.51,2453900.0,71.324,74.374,75.366,45.248,-1.121,-0.761,-0.36,74.374,79.468,69.279
2024-03-06,73.04,73.62,72.12,72.86,1739300.0,72.058,74.2,75.317,46.42,-1.039,-0.816,-0.223,74.2,79.25,69.15
2024-03-07,73.6,75.17,73.08,74.52,1627600.0,72.692,74.035,75.297,51.7,-0.83,-0.819,-0.011,74.035,78.794,69.276
2024-03-08,74.47,75.41,74.23,74.42,1559200.0,73.234,73.952,75.25,51.371,-0.666,-0.788,0.123,73.952,78.616,69.287
2024-03-11,74.32,76.9,74.32,76.61,1864800.0,74.184,74.004,75.243,57.707,-0.354,-0.702,0.347,74.004,78.769,69.24
2024-03-12,76.87,77.18,76.34,76.74,1980900.0,75.03,74.046,75.231,58.057,-0.096,-0.58,0.485,74.046,78.894,69.198
2024-03-13,77.02,78.27,76.8,78.06,1543200.0,76.07,74.146,75.262,61.532,0.213,-0.422,0.635,74.146,79.244,69.047
2024-03-14,77.49,78.18,76.55,77.12,1541000.0,76.59,74.25,75.265,57.856,0.377,-0.262,0.639,74.25,79.508,68.993
2024-03-15,76.45,78.74,76.35,78.3,3253600.0,77.366,74.336,75.319,61.005,0.596,-0.09,0.686,74.336,79.805,68.867
2024-03-18,77.97,79.84,77.54,79.21,2681700.0,77.886,74.46,75.4,63.284,0.833,0.094,0.739,74.46,80.26,68.66
2024-03-19,79.86,80.04,77.28,78.49,2380700.0,78.236,74.508,75.458,60.282,0.952,0.266,0.686,74.508,80.432,68.585
2024-03-20,78.89,79.68,78.47,79.31,1912000.0,78.486,74.846,75.527,62.466,1.1,0.433,0.667,74.846,81.064,68.628
2024-03-21,79.85,80.11,78.65,79.12,1559600.0,78.886,75.048,75.597,61.62,1.188,0.584,0.604,75.048,81.553,68.542
2024-03-22,79.3,79.73,78.3,78.89,2383300.0,79.004,75.189,75.652,60.552,1.225,0.712,0.513,75.189,81.907,68.471
2024-03-25,77.39,78.78,77.35,77.88,2060200.0,78.738,75.425,75.702,55.964,1.16,0.802,0.358,75.425,82.174,68.676
2024-03-26,78.13,78.13,76.84,77.33,1956100.0,78.506,75.774,75.732,53.583,1.051,0.852,0.2,75.774,82.129,69.419
2024-03-27,78.11,81.36,77.53,81.32,3319200.0,78.908,76.381,75.855,65.162,1.273,0.936,0.337,76.381,82.396,70.365
2024-03-28,81.66,82.05,80.68,81.66,10232900.0,79.416,76.896,75.997,65.942,1.459,1.04,0.418,76.896,82.863,70.929
2024-04-01,81.92,82.35,80.95,82.02,1580200.0,80.042,77.412,76.156,66.789,1.617,1.156,0.461,77.412,83.272,71.551
2024-04-02,81.82,81.84,79.49,80.0,1653900.0,80.466,77.818,76.253,58.059,1.561,1.237,0.324,77.818,83.164,72.473
2024-04-03,80.1,81.49,80.1,81.19,1694300.0,81.238,78.252,76.369,61.271,1.594,1.308,0.286,78.252,83.176,73.329
2024-04-04,81.66,81.92,79.47,79.63,1106600.0,80.9,78.591,76.46,55.293,1.478,1.342,0.136,78.591,82.838,74.344
2024-04-05,79.23,79.43,78.56,79.14,838600.0,80.396,78.822,76.549,53.527,1.33,1.34,-0.009,78.822,82.615,75.029
2024-04-08,79.61,80.83,79.1,80.8,1832900.0,80.152,79.141,76.608,58.378,1.332,1.338,-0.006,79.141,82.412,75.87
2024-04-09,81.53,82.08,80.95,82.03,950100.0,80.558,79.412,76.694,61.578,1.417,1.354,0.063,79.412,82.698,76.126
2024-04-10,80.95,82.03,80.93,81.85,1509500.0,80.69,79.668,76.781,60.841,1.453,1.374,0.079,79.668,82.873,76.462
2024-04-11,82.61,83.18,81.25,82.21,1958300.0,81.206,79.875,76.894,61.826,1.493,1.397,0.095,79.875,83.178,76.572
2024-04-12,81.8,81.87,78.64,79.4,1523500.0,81.258,79.989,76.957,51.04,1.283,1.375,-0.092,79.989,83.039,76.939
2024-04-15,79.77,80.47,77.63,78.43,1237300.0,80.784,79.996,76.972,47.931,1.027,1.305,-0.278,79.996,83.031,76.96
2024-04-16,77.93,80.06,77.72,78.78,1656500.0,80.134,79.974,77.011,49.135,0.842,1.212,-0.37,79.974,83.039,76.909
2024-04-17,79.52,79.59,78.22,78.67,1071100.0,79.498,79.983,77.069,48.753,0.679,1.106,-0.427,79.983,83.031,76.935
2024-04-18,79.94,80.32,78.77,79.39,1000700.0,78.934,79.987,77.13,51.413,0.601,1.005,-0.404,79.987,83.031,76.943
2024-04-19,79.35,80.05,79.22,79.74,793100.0,79.002,80.018,77.169,52.698,0.561,0.916,-0.355,80.018,83.038,76.998
2024-04-22,79.58,81.19,79.2,80.61,1187000.0,79.438,80.104,77.259,55.825,0.593,0.851,-0.259,80.104,83.086,77.122
2024-04-23,80.12,81.68,80.0,81.12,993900.0,79.906,80.266,77.371,57.595,0.651,0.811,-0.16,80.266,83.087,77.445
2024-04-24,80.6,81.21,79.95,80.85,1066100.0,80.342,80.442,77.469,56.309,0.668,0.783,-0.114,80.442,82.909,77.975
2024-04-25,80.59,80.62,78.75,80.09,1292700.0,80.482,80.38,77.55,52.738,0.613,0.749,-0.135,80.38,82.816,77.945
2024-04-26,80.24,81.18,79.66,80.34,900100.0,80.602,80.314,77.656,53.777,0.583,0.716,-0.132,80.314,82.675,77.954
2024-04-29,80.91,81.97,80.91,81.44,1702700.0,80.768,80.286,77.753,58.134,0.641,0.701,-0.06,80.286,82.57,78.001
2024-04-30,81.0,81.57,80.24,80.38,1669500.0,80.62,80.304,77.826,52.954,0.594,0.679,-0.085,80.304,82.586,78.023
2024-05-01,80.54,81.25,79.73,79.76,1777700.0,80.402,80.233,77.871,50.139,0.501,0.644,-0.143,80.233,82.487,77.979
2024-05-02,80.14,82.48,80.08,82.43,2157300.0,80.87,80.373,78.068,59.999,0.636,0.642,-0.006,80.373,82.81,77.936
2024-05-03,82.7,83.29,81.58,82.27,1501800.0,81.256,80.53,78.212,59.243,0.721,0.658,0.063,80.53,83.034,78.025
2024-05-06,82.97,84.66,82.28,84.19,2487400.0,81.806,80.699,78.375,64.951,0.933,0.713,0.22,80.699,83.692,77.706
2024-05-07,87.93,89.97,86.89,89.57,4635200.0,83.644,81.076,78.703,75.363,1.518,0.874,0.644,81.076,86.031,76.121
2024-05-08,90.49,92.44,89.65,92.33,3171500.0,86.158,81.6,79.142,78.836,2.178,1.135,1.044,81.6,88.666,74.534
2024-05-09,92.11,92.57,91.04,92.17,1640400.0,88.106,82.098,79.602,78.148,2.658,1.44,1.219,82.098,90.603,73.593
2024-05-10,92.43,93.14,91.51,92.28,1605900.0,90.108,82.742,80.021,78.289,3.013,1.754,1.259,82.742,92.275,73.209
2024-05-13,92.53,93.29,91.48,91.65,1356600.0,91.6,83.403,80.419,75.307,3.206,2.045,1.162,83.403,93.494,73.312
2024-05-14,92.2,92.9,91.69,91.76,1547800.0,92.038,84.052,80.817,75.483,3.33,2.302,1.028,84.052,94.553,73.551
2024-05-15,92.34,92.51,90.84,91.64,1456600.0,91.9,84.7,81.2,74.858,3.379,2.517,0.862,84.7,95.402,73.999
2024-05-16,91.64,93.38,91.37,92.9,1891200.0,92.046,85.376,81.601,77.011,3.48,2.71,0.77,85.376,96.367,74.385
2024-05-17,93.22,94.8,92.71,94.66,1842500.0,92.522,86.122,82.004,79.635,3.66,2.9,0.76,86.122,97.52,74.724
2024-05-20,94.48,94.87,93.58,93.84,1630600.0,92.96,86.783,82.392,75.322,3.693,3.059,0.635,86.783,98.369,75.198
2024-05-21,93.99,94.07,92.2,92.96,2193100.0,93.2,87.376,82.719,70.885,3.607,3.168,0.439,87.376,98.953,75.798
2024-05-22,92.24,92.72,90.93,91.1,1038600.0,93.092,87.888,83.006,62.504,3.351,3.205,0.146,87.888,99.152,76.624
2024-05-23,90.77,91.18,89.09,89.71,1043000.0,92.454,88.369,83.239,57.073,3.0,3.164,-0.164,88.369,99.037,77.701
2024-05-24,90.33,91.76,89.82,91.29,1287200.0,91.78,88.917,83.523,61.2,2.818,3.095,-0.277,88.917,98.955,78.878
2024-05-28,91.45,91.84,90.12,90.33,1481700.0,91.078,89.361,83.763,57.578,2.566,2.989,-0.423,89.361,98.773,79.949
2024-05-29,89.6,90.38,88.84,89.94,1556600.0,90.474,89.839,83.978,56.125,2.308,2.853,-0.544,89.839,98.248,81.43
2024-05-30,90.23,91.26,89.96,90.72,1253400.0,90.398,90.387,84.222,58.387,2.142,2.711,-0.568,90.387,97.331,83.443
2024-05-31,90.76,91.9,90.34,91.33,3135500.0,90.722,90.832,84.463,60.119,2.037,2.576,-0.539,90.832,96.684,84.98
2024-06-03,91.1,91.3,90.13,91.25,1404600.0,90.714,91.281,84.705,59.767,1.924,2.446,-0.521,91.281,95.524,87.038
2024-06-04,90.21,91.47,90.03,91.45,1419200.0,90.938,91.644,84.957,60.39,1.83,2.323,-0.492,91.644,94.265,89.023
2024-06-05,91.16,93.18,90.88,93.1,1599700.0,91.57,91.821,85.261,65.182,1.867,2.231,-0.364,91.821,94.326,89.315
2024-06-06,92.96,93.35,92.15,92.96,796300.0,92.018,91.852,85.574,64.469,1.864,2.158,-0.294,91.852,94.4,89.304
2024-06-07,92.86,93.94,92.36,93.52,1441100.0,92.456,91.92,85.818,66.067,1.885,2.103,-0.219,91.92,94.573,89.266
2024-06-10,93.17,93.45,91.82,91.89,1227700.0,92.584,91.9,86.022,57.904,1.749,2.033,-0.283,91.9,94.548,89.252
2024-06-11,91.56,92.41,91.3,92.26,883600.0,92.746,91.931,86.227,59.138,1.653,1.957,-0.304,91.931,94.58,89.281
2024-06-12,93.7,93.7,91.15,91.9,1163800.0,92.506,91.938,86.465,57.376,1.53,1.871,-0.341,91.938,94.586,89.289
2024-06-13,91.65,92.05,90.22,90.27,1248700.0,91.968,91.869,86.647,50.095,1.286,1.754,-0.468,91.869,94.619,89.119
2024-06-14,89.39,89.92,89.08,89.77,1569200.0,91.218,91.712,86.849,48.08,1.04,1.611,-0.571,91.712,94.569,88.856
2024-06-17,89.02,90.18,87.99,90.02,1849000.0,90.844,91.48,87.067,49.181,0.856,1.46,-0.604,91.48,94.071,88.89
2024-06-18,89.87,91.77,89.75,91.29,1702800.0,90.65,91.353,87.277,54.463,0.803,1.329,-0.526,91.353,93.693,89.013
2024-06-20,91.07,91.94,90.48,91.32,1343300.0,90.534,91.271,87.463,54.583,0.755,1.214,-0.459,91.271,93.486,89.056
2024-06-21,91.58,91.85,90.83,91.52,4579200.0,90.784,91.292,87.656,55.427,0.725,1.116,-0.392,91.292,93.508,89.076
2024-06-24,92.25,93.75,91.77,93.31,1203900.0,91.492,91.472,87.878,62.198,0.835,1.06,-0.225,91.472,93.731,89.213
2024-06-25,93.31,93.54,91.21,91.45,1530000.0,91.778,91.48,88.119,53.161,0.764,1.001,-0.237,91.48,93.738,89.222
2024-06-26,91.06,92.07,90.58,91.72,1242200.0,91.864,91.55,88.385,54.201,0.721,0.945,-0.224,91.55,93.743,89.356
2024-06-27,91.73,92.14,89.98,91.27,1345200.0,91.854,91.616,88.635,52.124,0.644,0.885,-0.241,91.616,93.681,89.551
2024-06-28,91.44,92.42,90.48,90.79,1764100.0,91.708,91.619,88.877,49.926,0.537,0.815,-0.278,91.619,93.678,89.561
2024-07-01,91.04,91.24,88.41,88.81,1252100.0,90.808,91.494,89.065,42.048,0.289,0.71,-0.421,91.494,93.905,89.082
2024-07-02,89.34,90.42,88.98,90.34,1160700.0,90.586,91.448,89.277,48.774,0.214,0.611,-0.397,91.448,93.912,88.984
2024-07-03,89.92,91.28,89.76,90.61,566900.0,90.364,91.406,89.477,49.88,0.174,0.524,-0.349,91.406,93.899,88.913
2024-07-05,90.2,90.99,89.17,90.86,795900.0,90.282,91.294,89.672,50.936,0.161,0.451,-0.29,91.294,93.665,88.923
2024-07-08,91.16,93.18,91.1,92.77,1258400.0,90.678,91.285,89.911,58.184,0.301,0.421,-0.12,91.285,93.628,88.941
2024-07-09,92.64,92.69,91.72,92.31,1076500.0,91.378,91.224,90.155,56.037,0.371,0.411,-0.04,91.224,93.38,89.068
2024-07-10,92.77,92.97,90.86,91.8,1169400.0,91.67,91.22,90.384,53.672,0.381,0.405,-0.024,91.22,93.37,89.069
2024-07-11,92.81,93.68,91.93,93.04,978000.0,92.156,91.258,90.616,58.282,0.483,0.421,0.062,91.258,93.514,89.003
2024-07-12,93.45,94.11,93.17,93.75,886500.0,92.734,91.351,90.884,60.693,0.614,0.459,0.155,91.351,93.855,88.847
2024-07-15,93.72,94.02,91.5,91.73,1005500.0,92.526,91.424,91.123,51.561,0.549,0.477,0.072,91.424,93.88,88.968
2024-07-16,92.04,93.84,91.79,93.55,767900.0,92.774,91.613,91.345,57.732,0.636,0.509,0.127,91.613,94.115,89.111
2024-07-17,93.54,94.59,92.14,92.27,1427600.0,92.868,91.726,91.545,52.652,0.596,0.526,0.069,91.726,94.126,89.325
2024-07-18,91.82,94.08,91.07,92.13,1165400.0,92.686,91.768,91.704,52.111,0.546,0.53,0.016,91.768,94.165,89.37
2024-07-19,91.94,92.13,90.85,91.23,859200.0,92.182,91.763,91.737,48.656,0.429,0.51,-0.081,91.763,94.165,89.361
2024-07-22,93.49,93.92,91.67,93.58,1022400.0,92.552,91.866,91.762,56.725,0.52,0.512,0.008,91.866,94.397,89.335
2024-07-23,93.6,94.94,93.32,94.44,1006200.0,92.73,91.922,91.808,59.249,0.654,0.54,0.113,91.922,94.633,89.212
2024-07-24,94.34,95.05,93.44,93.52,1056700.0,92.98,92.026,91.833,55.519,0.678,0.568,0.11,92.026,94.818,89.234
2024-07-25,93.46,94.15,92.35,92.65,973300.0,93.084,92.072,91.853,52.173,0.62,0.578,0.041,92.072,94.874,89.271
2024-07-26,93.21,94.41,92.75,94.25,1231300.0,93.688,92.222,91.902,57.273,0.694,0.601,0.093,92.222,95.157,89.286
2024-07-29,94.45,95.17,93.56,94.94,946300.0,93.96,92.429,91.968,59.289,0.8,0.641,0.159,92.429,95.521,89.337
2024-07-30,95.29,97.16,94.23,95.01,1494100.0,94.074,92.739,92.011,59.497,0.88,0.689,0.191,92.739,95.532,89.946
2024-07-31,95.36,96.28,94.64,94.86,1290400.0,94.342,92.965,92.015,58.801,0.92,0.735,0.185,92.965,95.67,90.26
2024-08-01,95.37,95.89,93.54,94.25,1183800.0,94.662,93.147,92.023,55.936,0.892,0.767,0.126,93.147,95.669,90.625
2024-08-02,92.58,92.81,90.57,91.67,1876300.0,94.146,93.188,91.997,45.776,0.655,0.744,-0.09,93.188,95.577,90.798
2024-08-05,89.86,91.27,87.94,90.22,2003100.0,93.202,93.06,91.979,41.242,0.345,0.664,-0.319,93.06,95.791,90.329
2024-08-06,90.44,93.39,90.18,92.0,2095600.0,92.6,93.044,92.025,48.045,0.241,0.58,-0.339,93.044,95.797,90.292
2024-08-07,94.58,94.79,88.18,89.83,3921600.0,91.594,92.946,91.996,41.706,-0.017,0.46,-0.477,92.946,96.01,89.882
2024-08-08,90.53,91.26,88.36,91.11,1736200.0,90.966,92.85,92.012,46.214,-0.116,0.345,-0.461,92.85,96.02,89.679
2024-08-09,91.34,92.41,90.79,91.74,1583200.0,90.98,92.749,92.048,48.332,-0.142,0.248,-0.39,92.749,95.927,89.571
2024-08-12,91.74,92.82,90.64,91.33,1387100.0,91.202,92.729,92.06,47.034,-0.194,0.159,-0.353,92.729,95.939,89.519
2024-08-13,91.76,92.69,91.18,92.12,1480100.0,91.226,92.658,92.076,49.83,-0.17,0.093,-0.263,92.658,95.854,89.461
2024-08-14,92.06,92.74,91.2,92.22,987600.0,91.704,92.655,92.095,50.188,-0.14,0.047,-0.187,92.655,95.853,89.457
2024-08-15,92.69,94.49,92.58,94.48,1366600.0,92.378,92.773,92.156,57.567,0.065,0.05,0.014,92.773,96.061,89.484
2024-08-16,94.54,94.79,93.35,94.0,1135000.0,92.83,92.911,92.174,55.68,0.186,0.077,0.109,92.911,96.159,89.663
2024-08-19,94.14,94.77,93.82,94.32,643200.0,93.428,92.948,92.201,56.699,0.305,0.123,0.182,92.948,96.244,89.652
2024-08-20,94.4,94.6,93.31,93.34,637800.0,93.672,92.893,92.197,52.704,0.316,0.161,0.154,92.893,96.12,89.666
2024-08-21,93.56,95.64,93.33,95.59,1183100.0,94.346,92.996,92.271,59.722,0.5,0.229,0.271,92.996,96.435,89.558
2024-08-22,95.64,96.07,94.78,95.73,1098700.0,94.596,93.15,92.341,60.118,0.651,0.314,0.337,93.15,96.793,89.508
2024-08-23,96.24,96.53,94.96,95.43,1080600.0,94.882,93.209,92.411,58.783,0.737,0.398,0.339,93.209,96.964,89.455
2024-08-26,95.56,97.12,95.42,95.96,794500.0,95.21,93.261,92.525,60.454,0.838,0.486,0.352,93.261,97.139,89.382
2024-08-27,95.93,96.24,95.35,96.14,835100.0,95.77,93.317,92.652,61.032,0.923,0.574,0.349,93.317,97.333,89.301
2024-08-28,96.11,97.99,95.69,97.62,1129700.0,96.176,93.455,92.804,65.497,1.096,0.678,0.418,93.455,97.865,89.045
2024-08-29,97.74,98.59,96.6,98.15,805600.0,96.66,93.65,92.942,66.957,1.262,0.795,0.467,93.65,98.528,88.772
2024-08-30,98.44,99.33,97.46,99.16,1639000.0,97.406,94.024,93.098,69.598,1.458,0.928,0.531,94.024,99.388,88.661
2024-09-03,98.24,100.41,98.19,98.77,1553600.0,97.968,94.452,93.243,67.359,1.564,1.055,0.509,94.452,99.901,89.003
2024-09-04,98.88,99.89,98.29,98.32,1006300.0,98.404,94.768,93.344,64.771,1.593,1.163,0.431,94.768,100.35,89.186
2024-09-05,98.57,98.59,97.1,97.9,954400.0,98.46,95.172,93.473,62.362,1.565,1.243,0.322,95.172,100.407,89.936
2024-09-06,97.68,98.87,97.19,98.23,1499000.0,98.476,95.528,93.603,63.51,1.551,1.305,0.246,95.528,100.564,90.491
2024-09-09,98.61,99.94,98.09,98.65,1211600.0,98.374,95.873,93.75,64.975,1.555,1.355,0.201,95.873,100.762,90.984
2024-09-10,98.78,99.29,97.0,98.03,1060800.0,98.226,96.208,93.895,61.078,1.492,1.382,0.11,96.208,100.687,91.729
2024-09-11,97.97,98.56,96.03,98.48,1173400.0,98.258,96.526,94.089,62.821,1.461,1.398,0.063,96.526,100.674,92.378
2024-09-12,98.34,98.85,97.64,98.64,951500.0,98.406,96.847,94.255,63.448,1.433,1.405,0.028,96.847,100.563,93.131
2024-09-13,98.94,99.53,98.44,98.78,975300.0,98.516,97.062,94.418,64.019,1.406,1.405,0.001,97.062,100.698,93.426
2024-09-16,99.29,99.82,98.12,98.83,898500.0,98.552,97.304,94.577,64.234,1.373,1.399,-0.026,97.304,100.718,93.889
2024-09-17,99.22,99.56,98.65,99.38,945600.0,98.822,97.556,94.71,66.6,1.375,1.394,-0.019,97.556,100.785,94.328
2024-09-18,99.65,99.65,98.18,98.65,840100.0,98.856,97.822,94.836,60.848,1.303,1.376,-0.073,97.822,100.398,95.246
2024-09-19,99.59,99.59,97.85,98.44,1093100.0,98.816,97.964,94.969,59.262,1.215,1.344,-0.129,97.964,100.327,95.602
2024-09-20,98.03,98.97,97.26,97.86,3882900.0,98.632,98.071,95.066,54.999,1.086,1.292,-0.206,98.071,100.188,95.954
2024-09-23,98.15,99.07,97.66,99.07,1117700.0,98.68,98.253,95.172,61.26,1.068,1.247,-0.179,98.253,100.01,96.496
2024-09-24,99.14,100.3,99.06,100.12,1112500.0,98.828,98.461,95.34,65.717,1.127,1.223,-0.096,98.461,100.052,96.87
2024-09-25,100.67,100.75,99.19,99.56,1121600.0,99.01,98.632,95.46,61.644,1.115,1.201,-0.087,98.632,99.868,97.396
2024-09-26,99.76,100.5,99.29,100.24,1441500.0,99.37,98.763,95.619,64.52,1.147,1.191,-0.044,98.763,100.099,97.427
2024-09-27,100.5,101.1,99.79,100.63,1326400.0,99.924,98.887,95.789,66.09,1.19,1.191,-0.0,98.887,100.428,97.346
2024-09-30,100.78,101.43,99.61,100.45,1508300.0,100.2,98.952,95.974,64.667,1.196,1.192,0.005,98.952,100.641,97.262
2024-10-01,100.42,100.62,98.67,98.71,1154100.0,99.918,98.948,96.076,52.828,1.049,1.163,-0.115,98.948,100.64,97.257
2024-10-02,98.31,99.72,98.31,98.6,1034300.0,99.726,98.962,96.16,52.178,0.912,1.113,-0.201,98.962,100.636,97.289
2024-10-03,98.12,98.35,95.94,96.33,897100.0,98.944,98.884,96.216,40.969,0.614,1.013,-0.399,98.884,100.883,96.885
2024-10-04,96.56,97.12,95.86,96.18,786900.0,98.054,98.782,96.286,40.352,0.361,0.883,-0.522,98.782,101.106,96.457
2024-10-07,95.85,96.57,95.34,96.48,1214400.0,97.26,98.673,96.331,42.226,0.183,0.743,-0.56,98.673,101.215,96.131
2024-10-08,96.55,98.21,96.43,98.1,1180100.0,97.138,98.676,96.394,51.149,0.17,0.628,-0.458,98.676,101.215,96.138
2024-10-09,98.37,98.4,97.47,97.64,884100.0,96.946,98.634,96.447,48.843,0.122,0.527,-0.405,98.634,101.215,96.054
2024-10-10,97.54,98.44,97.04,98.24,835400.0,97.328,98.614,96.514,51.89,0.13,0.448,-0.317,98.614,101.201,96.028
2024-10-11,98.48,99.08,97.69,98.27,724600.0,97.746,98.589,96.595,52.044,0.138,0.386,-0.248,98.589,101.178,96.0
2024-10-14,98.3,100.79,98.07,100.65,1087000.0,98.58,98.68,96.774,62.335,0.332,0.375,-0.043,98.68,101.428,95.932
2024-10-15,101.0,102.21,100.39,101.54,1083400.0,99.268,98.788,97.001,65.331,0.552,0.41,0.141,98.788,101.808,95.768
2024-10-16,101.58,101.81,101.06,101.19,819000.0,99.978,98.915,97.185,63.202,0.689,0.466,0.223,98.915,102.119,95.711
2024-10-17,100.96,100.99,99.12,99.93,1977100.0,100.316,98.989,97.387,56.112,0.689,0.511,0.178,98.989,102.216,95.763
2024-10-18,99.83,100.05,99.08,100.03,1155200.0,100.668,99.098,97.565,56.529,0.689,0.546,0.142,99.098,102.31,95.886
2024-10-21,100.05,100.54,99.39,99.62,914100.0,100.462,99.126,97.723,54.254,0.648,0.567,0.081,99.126,102.346,95.905
2024-10-22,99.5,99.78,98.02,99.43,969000.0,100.04,99.091,97.885,53.186,0.593,0.572,0.021,99.091,102.282,95.9
2024-10-23,99.37,99.84,98.85,99.51,619500.0,99.704,99.088,98.032,53.6,0.55,0.568,-0.017,99.088,102.278,95.899
2024-10-24,100.13,100.22,97.82,98.07,957700.0,99.332,98.98,98.149,45.753,0.395,0.533,-0.138,98.98,102.152,95.808
2024-10-25,98.2,98.21,96.92,97.11,961500.0,98.748,98.804,98.202,41.401,0.193,0.465,-0.272,98.804,101.981,95.627
2024-10-28,98.12,98.68,97.32,97.83,673300.0,98.39,98.673,98.279,45.581,0.09,0.39,-0.3,98.673,101.779,95.567
2024-10-29,97.4,97.83,96.94,97.0,1042800.0,97.904,98.588,98.332,41.873,-0.059,0.3,-0.359,98.588,101.783,95.392
2024-10-30,96.87,97.56,96.53,96.82,911000.0,97.366,98.498,98.402,41.092,-0.188,0.203,-0.391,98.498,101.79,95.207
2024-10-31,96.48,96.85,93.48,95.18,1278000.0,96.788,98.441,98.394,34.736,-0.419,0.078,-0.497,98.441,101.926,94.956
2024-11-01,94.97,95.53,94.55,94.7,1162000.0,96.306,98.367,98.373,33.121,-0.633,-0.064,-0.569,98.367,102.108,94.626
2024-11-04,95.39,96.43,94.6,94.74,1348500.0,95.688,98.28,98.359,33.399,-0.79,-0.209,-0.581,98.28,102.278,94.282
2024-11-05,93.79,95.55,92.9,94.86,1396600.0,95.26,98.118,98.337,34.281,-0.895,-0.346,-0.548,98.118,102.399,93.837
2024-11-06,90.93,90.93,83.13,83.83,5082100.0,92.662,97.428,98.091,14.834,-1.846,-0.646,-1.2,97.428,105.125,89.73
2024-11-07,84.38,87.26,84.38,87.07,3475000.0,91.04,96.869,97.88,27.792,-2.313,-0.98,-1.333,96.869,105.835,87.903
2024-11-08,87.79,89.1,86.84,88.34,3112100.0,89.768,96.372,97.684,32.15,-2.55,-1.294,-1.256,96.372,106.081,86.664
2024-11-11,87.84,88.44,86.69,87.31,2131200.0,88.282,95.706,97.447,30.54,-2.789,-1.593,-1.196,95.706,105.992,85.419
2024-11-12,87.72,88.32,85.56,85.61,1387500.0,86.432,94.909,97.184,28.044,-3.08,-1.89,-1.19,94.909,105.745,84.073
2024-11-13,85.77,86.22,85.54,86.01,1081700.0,86.868,94.15,96.937,29.504,-3.242,-2.161,-1.081,94.15,105.257,83.043
2024-11-14,86.01,86.74,85.41,85.55,1471200.0,86.564,93.431,96.69,28.781,-3.368,-2.402,-0.966,93.431,104.821,82.041
2024-11-15,85.38,85.38,82.39,82.46,2602100.0,85.388,92.552,96.375,24.446,-3.675,-2.657,-1.018,92.552,104.496,80.609
2024-11-18,82.28,82.93,81.75,82.91,1786600.0,84.508,91.717,96.06,26.19,-3.837,-2.893,-0.945,91.717,103.914,79.52
2024-11-19,82.8,85.59,82.51,85.13,2232200.0,84.412,91.002,95.802,34.25,-3.744,-3.063,-0.681,91.002,102.97,79.034
2024-11-20,85.57,85.95,84.1,85.04,1576700.0,84.218,90.278,95.533,34.088,-3.635,-3.177,-0.458,90.278,101.823,78.734
2024-11-21,84.61,86.12,84.16,85.94,1165100.0,84.296,89.672,95.279,37.292,-3.437,-3.229,-0.208,89.672,100.758,78.586
2024-11-22,86.16,87.02,85.45,86.93,1639700.0,85.19,89.163,95.042,40.707,-3.163,-3.216,0.053,89.163,99.734,78.592
2024-11-25,86.98,87.71,86.5,87.01,2526800.0,86.01,88.622,94.806,40.987,-2.906,-3.154,0.248,88.622,98.404,78.84
2024-11-26,87.01,87.48,86.11,87.04,1232100.0,86.392,88.124,94.559,41.099,-2.67,-3.057,0.387,88.124,97.09,79.158
2024-11-27,87.46,87.73,86.7,86.94,1036200.0,86.772,87.63,94.325,40.821,-2.462,-2.938,0.476,87.63,95.613,79.647
2024-11-29,86.74,87.57,86.21,87.46,806500.0,87.076,87.244,94.105,42.985,-2.23,-2.796,0.567,87.244,94.393,80.095
2024-12-02,87.4,87.47,86.3,87.37,1383800.0,87.164,86.878,93.896,42.694,-2.029,-2.643,0.614,86.878,93.11,80.645
2024-12-03,87.24,87.25,85.73,86.31,1427700.0,87.024,86.456,93.64,39.317,-1.934,-2.501,0.567,86.456,91.471,81.441
2024-12-04,85.72,86.01,84.78,85.48,1557400.0,86.712,85.987,93.348,36.859,-1.903,-2.382,0.478,85.987,89.078,82.896
2024-12-05,85.27,85.68,84.83,85.2,1093900.0,86.364,86.056,93.06,36.041,-1.88,-2.281,0.401,86.056,89.003,83.108
2024-12-06,85.45,86.15,84.87,85.12,992300.0,85.896,85.958,92.758,35.796,-1.846,-2.194,0.348,85.958,88.893,83.023
2024-12-09,85.62,86.77,85.11,85.32,1121800.0,85.486,85.807,92.452,36.948,-1.783,-2.112,0.329,85.807,88.529,83.085
2024-12-10,85.35,85.46,84.37,84.77,939200.0,85.178,85.68,92.138,35.084,-1.757,-2.041,0.284,85.68,88.343,83.017
2024-12-11,84.76,85.01,83.39,84.09,1998800.0,84.9,85.604,91.846,32.875,-1.771,-1.987,0.216,85.604,88.36,82.848
2024-12-12,84.24,85.1,83.87,84.33,1700000.0,84.726,85.52,91.56,34.444,-1.743,-1.938,0.195,85.52,88.326,82.714
2024-12-13,84.0,84.13,82.77,83.66,1157200.0,84.434,85.426,91.307,32.182,-1.754,-1.901,0.147,85.426,88.352,82.499
2024-12-16,83.49,84.16,82.68,83.43,1348400.0,84.056,85.474,91.052,31.42,-1.761,-1.873,0.112,85.474,88.22,82.728
2024-12-17,83.09,83.93,82.98,83.06,1122300.0,83.714,85.482,90.784,30.181,-1.776,-1.854,0.078,85.482,88.199,82.764
2024-12-18,82.61,83.58,81.68,81.71,1312300.0,83.238,85.31,90.456,26.132,-1.876,-1.858,-0.017,85.31,88.509,82.112
2024-12-19,81.29,83.32,80.99,82.27,1624700.0,82.826,85.172,90.148,30.309,-1.887,-1.864,-0.023,85.172,88.648,81.696
2024-12-20,81.99,83.5,81.51,82.46,4203000.0,82.586,84.998,89.833,31.719,-1.86,-1.863,0.003,84.998,88.656,81.34
2024-12-23,82.2,82.33,80.64,81.55,1334600.0,82.21,84.729,89.498,28.721,-1.89,-1.869,-0.021,84.729,88.575,80.883
2024-12-24,81.75,82.26,81.49,81.85,378400.0,81.968,84.471,89.122,31.035,-1.868,-1.869,0.001,84.471,88.365,80.577
2024-12-26,81.5,82.17,81.37,81.68,592600.0,81.962,84.203,88.725,30.432,-1.843,-1.863,0.021,84.203,88.09,80.316
2024-12-27,81.07,82.06,81.03,81.35,740700.0,81.778,83.924,88.328,29.244,-1.829,-1.856,0.028,83.924,87.786,80.061
2024-12-30,80.94,81.31,80.19,80.75,989500.0,81.436,83.588,87.945,27.168,-1.844,-1.854,0.01,83.588,87.32,79.856
2024-12-31,81.2,81.71,80.81,81.32,716000.0,81.39,83.285,87.571,32.1,-1.79,-1.841,0.051,83.285,86.694,79.877
2025-01-02,81.48,81.99,79.83,79.91,1461900.0,81.002,82.965,87.176,27.194,-1.84,-1.841,0.001,82.965,86.38,79.551
2025-01-03,80.31,80.38,79.17,79.36,1265900.0,80.538,82.66,86.775,25.553,-1.902,-1.853,-0.049,82.66,86.219,79.1
2025-01-06,79.53,80.06,78.72,78.97,1893000.0,80.062,82.348,86.364,24.428,-1.96,-1.875,-0.085,82.348,86.058,78.638
2025-01-07,79.93,80.68,78.66,79.4,1855000.0,79.792,82.062,85.991,28.184,-1.948,-1.889,-0.059,82.062,85.754,78.37
2025-01-08,78.94,79.31,78.38,78.93,1518500.0,79.314,81.742,85.627,26.626,-1.955,-1.902,-0.053,81.742,85.353,78.132
2025-01-10,77.6,78.45,77.29,78.25,1512200.0,78.982,81.417,85.236,24.515,-1.992,-1.92,-0.072,81.417,85.053,77.78
2025-01-13,78.09,80.12,77.91,80.11,1473500.0,79.132,81.218,84.898,38.806,-1.85,-1.906,0.056,81.218,84.669,77.766
2025-01-14,79.95,80.62,79.82,80.47,1276800.0,79.432,81.024,84.571,41.129,-1.689,-1.863,0.174,81.024,84.161,77.888
2025-01-15,80.93,81.28,80.28,80.95,1447500.0,79.742,80.889,84.286,44.173,-1.505,-1.791,0.286,80.889,83.769,78.009
2025-01-16,81.0,81.28,80.62,81.21,1238800.0,80.198,80.778,84.016,45.807,-1.323,-1.698,0.374,80.778,83.406,78.15
2025-01-17,81.57,82.09,80.91,81.64,1117000.0,80.876,80.707,83.754,48.492,-1.131,-1.584,0.453,80.707,83.145,78.269
2025-01-21,81.82,82.69,81.69,82.28,920200.0,81.31,80.736,83.503,52.282,-0.917,-1.451,0.534,80.736,83.236,78.235
2025-01-22,81.89,82.65,81.51,82.22,1007800.0,81.66,80.733,83.471,51.897,-0.743,-1.309,0.566,80.733,83.227,78.239
2025-01-23,82.31,83.21,81.69,83.15,1226300.0,82.1,80.768,83.392,57.169,-0.525,-1.153,0.628,80.768,83.378,78.157
2025-01-24,83.13,83.58,82.26,82.57,1553000.0,82.372,80.818,83.277,53.249,-0.394,-1.001,0.607,80.818,83.532,78.105
2025-01-27,83.05,84.72,82.92,84.28,1192200.0,82.9,80.94,83.216,61.607,-0.15,-0.831,0.68,80.94,84.038,77.842
2025-01-28,84.02,84.52,83.19,83.23,1107600.0,83.09,81.018,83.169,55.094,-0.042,-0.673,0.631,81.018,84.267,77.768
2025-01-29,83.27,84.08,82.59,82.71,1206500.0,83.188,81.086,83.103,52.153,0.003,-0.538,0.54,81.086,84.42,77.751
2025-01-30,82.9,84.46,82.25,84.36,1634800.0,83.43,81.266,83.079,59.534,0.169,-0.396,0.565,81.266,84.902,77.63
2025-01-31,83.6,84.63,83.2,83.76,1170700.0,83.668,81.388,83.105,56.142,0.249,-0.267,0.517,81.388,85.191,77.585
2025-02-03,82.11,83.71,81.78,83.09,1633500.0,83.43,81.547,83.108,52.543,0.256,-0.163,0.419,81.547,85.356,77.738
2025-02-04,83.5,83.83,81.28,82.34,2018100.0,83.252,81.696,83.053,48.773,0.199,-0.09,0.289,81.696,85.376,78.016
2025-02-05,82.34,83.03,81.71,82.88,1426000.0,83.286,81.892,83.009,51.473,0.194,-0.033,0.228,81.892,85.371,78.412
2025-02-06,83.27,83.33,81.37,82.39,1879600.0,82.892,82.041,82.938,48.952,0.15,0.003,0.147,82.041,85.321,78.761
2025-02-07,82.34,82.36,80.89,81.09,889300.0,82.358,82.149,82.822,42.943,0.009,0.004,0.005,82.149,85.126,79.172
2025-02-10,81.34,81.49,80.61,81.07,1313000.0,81.954,82.29,82.703,42.856,-0.102,-0.017,-0.085,82.29,84.703,79.877
2025-02-11,81.48,82.25,80.85,81.95,1446900.0,81.876,82.382,82.601,47.869,-0.118,-0.037,-0.081,82.382,84.576,80.188
2025-02-12,80.99,82.07,80.8,81.44,981200.0,81.588,82.43,82.491,45.384,-0.17,-0.064,-0.107,82.43,84.485,80.376
2025-02-13,81.84,83.0,81.56,82.71,1105900.0,81.652,82.518,82.396,52.059,-0.108,-0.073,-0.035,82.518,84.453,80.584
2025-02-14,82.71,83.63,82.24,82.31,1081600.0,81.896,82.574,82.295,49.987,-0.09,-0.076,-0.013,82.574,84.412,80.735
2025-02-18,82.19,83.14,81.9,83.14,2389100.0,82.31,82.648,82.231,54.072,-0.008,-0.062,0.054,82.648,84.448,80.849
2025-02-19,77.89,81.99,77.68,78.85,3611600.0,81.69,82.477,82.099,37.172,-0.286,-0.107,-0.179,82.477,84.952,80.002
2025-02-20,78.44,78.89,75.89,77.07,2626100.0,80.816,82.22,81.936,32.617,-0.643,-0.214,-0.429,82.22,85.682,78.757
2025-02-21,77.09,77.76,76.53,76.83,1571200.0,79.64,81.904,81.77,32.047,-0.934,-0.358,-0.576,81.904,86.087,77.72
2025-02-24,76.68,77.4,76.05,76.56,2317300.0,78.49,81.603,81.595,31.382,-1.173,-0.521,-0.652,81.603,86.403,76.803
2025-02-25,76.83,77.84,76.46,77.21,1786500.0,77.304,81.25,81.444,34.883,-1.295,-0.676,-0.619,81.25,86.256,76.243
2025-02-26,77.38,78.64,77.05,77.49,1508700.0,77.032,80.962,81.312,36.389,-1.354,-0.812,-0.542,80.962,86.146,75.779
2025-02-27,76.97,78.3,76.66,77.94,1552300.0,77.206,80.724,81.184,38.837,-1.349,-0.919,-0.429,80.724,86.007,75.441
2025-02-28,78.47,79.21,78.22,78.68,2175600.0,77.576,80.44,81.085,42.74,-1.27,-0.989,-0.281,80.44,85.506,75.374
2025-03-03,79.26,80.23,77.52,77.82,1821700.0,77.828,80.143,80.972,39.579,-1.262,-1.044,-0.219,80.143,85.084,75.202
2025-03-04,77.8,77.84,76.58,76.74,3212600.0,77.734,79.826,80.846,35.981,-1.328,-1.101,-0.228,79.826,84.786,74.865
2025-03-05,77.21,78.35,76.91,78.14,1605600.0,77.864,79.616,80.775,43.191,-1.253,-1.131,-0.122,79.616,84.482,74.749
2025-03-06,78.61,79.29,77.86,78.92,1843000.0,78.06,79.417,80.708,46.787,-1.118,-1.128,0.011,79.417,84.041,74.794
2025-03-07,78.64,80.11,78.38,79.36,1847200.0,78.196,79.266,80.646,48.758,-0.964,-1.096,0.132,79.266,83.673,74.859
2025-03-10,79.08,79.9,77.06,77.26,1731100.0,78.084,79.074,80.56,40.961,-1.0,-1.076,0.077,79.074,83.481,74.668
2025-03-11,77.21,77.33,76.62,76.82,2951900.0,78.1,78.862,80.459,39.535,-1.052,-1.071,0.02,78.862,83.273,74.451
2025-03-12,76.46,77.24,76.12,76.51,2974700.0,77.774,78.59,80.356,38.517,-1.105,-1.078,-0.027,78.59,82.868,74.312
2025-03-13,76.34,76.88,75.95,76.14,1793200.0,77.218,78.325,80.252,37.284,-1.164,-1.095,-0.068,78.325,82.515,74.135
2025-03-14,76.59,77.04,76.23,76.6,2029400.0,76.666,78.02,80.169,39.862,-1.16,-1.108,-0.052,78.02,81.727,74.312
2025-03-17,76.89,78.99,76.45,78.9,1328800.0,76.994,77.849,80.12,50.763,-0.96,-1.078,0.119,77.849,80.997,74.701
2025-03-18,79.02,79.08,77.64,77.72,1666900.0,77.174,77.578,80.076,46.142,-0.887,-1.04,0.153,77.578,79.504,75.652
2025-03-19,77.53,77.8,76.89,77.47,1352700.0,77.366,77.509,80.039,45.203,-0.839,-1.0,0.161,77.509,79.34,75.678
2025-03-20,77.02,77.55,76.49,76.69,1532000.0,77.476,77.49,79.993,42.311,-0.854,-0.971,0.116,77.49,79.348,75.632
2025-03-21,76.23,76.97,74.7,75.24,3934100.0,77.204,77.41,79.91,37.506,-0.972,-0.971,-0.001,77.41,79.508,75.313
2025-03-24,75.77,76.09,74.48,74.94,2224400.0,76.412,77.33,79.83,36.58,-1.078,-0.992,-0.085,77.33,79.675,74.984
2025-03-25,75.01,75.6,74.04,74.35,1441400.0,75.738,77.186,79.752,34.763,-1.195,-1.033,-0.162,77.186,79.885,74.488
2025-03-26,74.6,75.19,74.17,75.07,2156700.0,75.258,77.066,79.651,38.761,-1.216,-1.069,-0.146,77.066,79.919,74.212
2025-03-27,75.09,75.82,74.83,75.57,964600.0,75.034,76.947,79.553,41.444,-1.178,-1.091,-0.087,76.947,79.845,74.049
2025-03-28,75.57,75.87,73.83,73.92,930300.0,74.77,76.709,79.413,35.86,-1.267,-1.126,-0.141,76.709,79.784,73.634
2025-03-31,73.83,75.46,73.2,75.02,1612200.0,74.786,76.569,79.289,41.517,-1.235,-1.148,-0.087,76.569,79.685,73.453
2025-04-01,74.98,75.21,73.97,74.84,1003800.0,74.884,76.474,79.153,40.882,-1.209,-1.16,-0.049,76.474,79.683,73.265
2025-04-02,74.38,76.09,73.93,75.99,1787100.0,75.068,76.366,79.027,46.515,-1.084,-1.145,0.061,76.366,79.483,73.25
2025-04-03,74.88,75.43,73.36,73.9,2195600.0,74.734,76.116,78.861,39.204,-1.14,-1.144,0.004,76.116,79.174,73.057
2025-04-04,72.58,73.31,70.39,70.68,2726500.0,74.086,75.682,78.611,31.095,-1.428,-1.201,-0.227,75.682,79.227,72.136
2025-04-07,69.67,71.63,67.21,68.35,3088700.0,72.752,75.236,78.327,26.779,-1.823,-1.325,-0.498,75.236,79.982,70.49
2025-04-08,69.29,70.31,63.65,64.62,3285700.0,70.708,74.626,77.934,21.608,-2.41,-1.542,-0.867,74.626,81.271,67.981
2025-04-09,64.09,70.98,63.82,70.53,4084300.0,69.616,74.327,77.68,41.036,-2.37,-1.708,-0.662,74.327,81.151,67.503
2025-04-10,69.86,70.14,67.14,69.0,2548800.0,68.636,73.97,77.405,38.384,-2.434,-1.853,-0.581,73.97,81.133,66.807
2025-04-11,68.57,70.93,67.8,70.73,2125100.0,68.646,73.676,77.133,42.879,-2.319,-1.946,-0.373,73.676,80.867,66.486
2025-04-14,71.31,71.38,70.07,71.02,2013500.0,69.18,73.282,76.878,43.622,-2.179,-1.993,-0.186,73.282,80.123,66.442
2025-04-15,70.7,70.97,69.89,70.07,1076300.0,70.27,72.9,76.618,41.709,-2.12,-2.018,-0.102,72.9,79.548,66.252
2025-04-16,70.16,70.41,68.41,68.69,1980400.0,69.902,72.461,76.345,39.031,-2.16,-2.047,-0.113,72.461,78.997,65.925
2025-04-17,69.19,71.53,68.96,70.08,3005300.0,70.118,72.13,76.089,43.0,-2.056,-2.048,-0.007,72.13,78.43,65.831
2025-04-21,70.44,70.44,69.41,70.28,1574600.0,70.028,71.882,75.846,43.57,-1.934,-2.026,0.091,71.882,78.056,65.709
2025-04-22,71.05,72.39,70.97,72.15,1165300.0,70.254,71.743,75.668,48.726,-1.668,-1.954,0.286,71.743,77.75,65.736
2025-04-23,73.25,74.49,72.79,73.33,2030000.0,70.906,71.692,75.513,51.723,-1.347,-1.833,0.486,71.692,77.622,65.762
2025-04-24,73.46,74.37,72.85,74.08,994500.0,71.984,71.642,75.355,53.581,-1.02,-1.67,0.65,71.642,77.47,65.815
2025-04-25,73.46,74.17,72.76,73.69,1349700.0,72.706,71.548,75.2,52.45,-0.783,-1.493,0.71,71.548,77.166,65.931
2025-04-28,73.85,74.35,73.04,73.74,1015900.0,73.398,71.54,75.021,52.588,-0.584,-1.311,0.727,71.54,77.141,65.938
2025-04-29,73.99,75.05,73.85,74.96,1182200.0,73.96,71.536,74.874,55.949,-0.325,-1.114,0.789,71.536,77.131,65.942
2025-04-30,74.2,75.93,73.92,75.84,1829800.0,74.462,71.586,74.728,58.249,-0.048,-0.901,0.853,71.586,77.321,65.852
2025-05-01,75.02,75.79,74.57,75.25,1728600.0,74.696,71.55,74.656,56.133,0.123,-0.696,0.819,71.55,77.173,65.926
2025-05-02,76.28,76.83,75.6,76.42,1129400.0,75.242,71.676,74.643,59.291,0.349,-0.487,0.836,71.676,77.624,65.727
2025-05-05,76.25,76.91,76.01,76.51,1143900.0,75.796,71.967,74.637,59.532,0.529,-0.284,0.812,71.967,78.271,65.663
2025-05-06,76.41,76.72,75.65,76.55,1735500.0,76.114,72.377,74.636,59.646,0.667,-0.094,0.76,72.377,78.757,65.997
2025-05-07,75.0,77.17,71.02,71.13,3863700.0,75.172,72.702,74.515,42.219,0.335,-0.008,0.343,72.702,77.986,67.419
2025-05-08,72.2,73.24,71.47,71.6,2448000.0,74.442,72.756,74.397,43.753,0.109,0.015,0.093,72.756,77.968,67.544
2025-05-09,71.47,71.93,70.92,70.98,1856100.0,73.354,72.855,74.258,42.162,-0.119,-0.012,-0.108,72.855,77.837,67.873
2025-05-12,73.41,74.7,73.27,73.8,1891700.0,72.812,73.008,74.16,50.906,-0.071,-0.024,-0.048,73.008,77.903,68.114
2025-05-13,73.94,74.07,72.81,73.94,1918400.0,72.29,73.154,74.083,51.3,-0.022,-0.023,0.001,73.154,77.973,68.336
2025-05-14,73.72,73.92,72.12,72.14,2098700.0,72.492,73.258,73.991,46.174,-0.127,-0.044,-0.083,73.258,77.882,68.634
2025-05-15,72.31,73.71,72.11,73.59,1484100.0,72.89,73.503,73.9,50.468,-0.092,-0.053,-0.038,73.503,77.597,69.409
2025-05-16,73.81,75.15,73.63,75.12,1384500.0,73.718,73.755,73.824,54.584,0.059,-0.031,0.09,73.755,77.573,69.937
2025-05-19,74.64,75.23,74.46,74.76,1064700.0,73.91,73.979,73.732,53.459,0.148,0.005,0.143,73.979,77.449,70.509
2025-05-20,74.75,75.73,74.09,75.28,1533700.0,74.178,74.136,73.692,54.905,0.257,0.055,0.202,74.136,77.54,70.731
2025-05-21,74.82,76.03,74.24,74.49,1985100.0,74.648,74.194,73.645,52.248,0.277,0.1,0.177,74.194,77.579,70.808
2025-05-22,74.25,74.76,73.04,73.19,2021400.0,74.568,74.149,73.579,48.121,0.185,0.117,0.068,74.149,77.564,70.734
2025-05-23,72.46,73.03,71.78,72.49,1402500.0,74.042,74.089,73.506,46.013,0.055,0.104,-0.049,74.089,77.58,70.598
2025-05-27,73.14,74.73,72.89,74.66,1639900.0,74.022,74.135,73.467,52.9,0.126,0.109,0.018,74.135,77.63,70.64
2025-05-28,74.35,74.53,72.49,72.63,1308800.0,73.492,74.018,73.342,46.876,0.019,0.091,-0.072,74.018,77.553,70.484
2025-05-29,73.17,73.55,72.68,73.54,1026600.0,73.302,73.904,73.258,49.644,0.006,0.074,-0.067,73.904,77.337,70.47
2025-05-30,73.23,74.18,72.64,74.0,2754600.0,73.464,73.841,73.189,51.033,0.034,0.066,-0.032,73.841,77.216,70.466
2025-06-02,73.57,73.95,72.75,73.18,1557400.0,73.602,73.679,73.119,48.467,-0.011,0.05,-0.061,73.679,76.837,70.521
2025-06-03,72.95,74.16,72.6,74.1,1159500.0,73.49,73.559,73.096,51.419,0.028,0.046,-0.018,73.559,76.433,70.684
2025-06-04,74.3,75.63,73.9,74.88,1410900.0,73.94,73.475,73.095,53.834,0.12,0.061,0.059,73.475,76.067,70.883
2025-06-05,75.17,75.32,73.62,73.91,1272900.0,74.014,73.614,73.086,50.474,0.113,0.071,0.042,73.614,75.963,71.265
2025-06-06,74.33,74.73,74.1,74.33,662800.0,74.08,73.75,73.071,51.874,0.14,0.085,0.055,73.75,75.917,71.584
2025-06-09,74.65,76.2,74.65,75.59,1251100.0,74.562,73.981,73.071,55.904,0.261,0.12,0.14,73.981,75.869,72.093
2025-06-10,75.86,77.32,75.65,76.68,1779000.0,75.078,74.125,73.127,59.094,0.439,0.184,0.255,74.125,76.362,71.888
2025-06-11,76.68,76.77,75.35,75.71,1155800.0,75.244,74.214,73.14,55.262,0.496,0.246,0.25,74.214,76.557,71.87
2025-06-12,75.16,76.19,74.97,75.75,1119600.0,75.612,74.394,73.159,55.391,0.538,0.305,0.234,74.394,76.619,72.169
2025-06-13,74.44,75.32,73.47,73.55,1058300.0,75.456,74.392,73.11,47.339,0.39,0.322,0.068,74.392,76.62,72.164
2025-06-16,74.28,74.39,73.79,74.18,940600.0,75.174,74.345,73.115,49.599,0.319,0.321,-0.002,74.345,76.547,72.143
2025-06-17,73.86,74.27,72.21,72.52,1260900.0,74.342,74.233,73.152,44.216,0.128,0.283,-0.155,74.233,76.57,71.896
2025-06-18,72.26,72.86,72.02,72.39,1453300.0,73.678,74.088,73.233,43.815,-0.034,0.219,-0.253,74.088,76.509,71.668
2025-06-20,72.61,73.11,71.57,71.61,3650500.0,72.85,73.944,73.373,41.389,-0.222,0.131,-0.353,73.944,76.596,71.293
2025-06-23,71.56,72.09,70.58,71.68,1737400.0,72.476,73.869,73.396,41.701,-0.362,0.032,-0.394,73.869,76.692,71.046
2025-06-24,71.96,73.52,71.56,72.61,1834300.0,72.162,73.875,73.468,45.826,-0.393,-0.053,-0.34,73.875,76.686,71.064
2025-06-25,71.94,72.57,71.57,72.14,1671300.0,72.086,73.749,73.496,44.127,-0.45,-0.132,-0.318,73.749,76.636,70.862
2025-06-26,72.51,72.93,71.62,71.83,1325400.0,71.974,73.709,73.512,42.994,-0.515,-0.209,-0.306,73.709,76.683,70.735
2025-06-27,72.14,72.54,71.84,72.25,1806900.0,72.102,73.644,73.556,45.052,-0.526,-0.272,-0.254,73.644,76.689,70.6
2025-06-30,71.87,72.22,71.28,71.47,2629600.0,72.06,73.518,73.612,42.019,-0.591,-0.336,-0.255,73.518,76.707,70.329
2025-07-01,71.54,73.59,71.01,72.97,2618200.0,72.132,73.508,73.669,49.114,-0.516,-0.372,-0.144,73.508,76.702,70.313
2025-07-02,73.59,74.53,72.4,74.47,1954000.0,72.598,73.526,73.753,55.039,-0.331,-0.364,0.033,73.526,76.74,70.312
2025-07-03,75.02,75.19,74.08,74.18,838200.0,73.068,73.491,73.794,53.736,-0.206,-0.332,0.126,73.491,76.657,70.325
2025-07-07,73.76,73.94,72.64,72.88,1158900.0,73.194,73.44,73.785,48.226,-0.209,-0.307,0.099,73.44,76.611,70.268
2025-07-08,73.0,74.3,72.77,74.03,1417800.0,73.706,73.424,73.784,52.834,-0.117,-0.269,0.152,73.424,76.581,70.268
2025-07-09,74.28,74.6,73.57,74.39,1224700.0,73.99,73.364,73.798,54.208,-0.015,-0.219,0.203,73.364,76.39,70.339
2025-07-10,74.39,75.42,73.95,74.46,1114800.0,73.988,73.254,73.812,54.485,0.07,-0.161,0.231,73.254,75.907,70.6
2025-07-11,73.35,74.04,72.83,73.81,1099300.0,73.914,73.158,73.789,51.371,0.085,-0.112,0.196,73.158,75.567,70.75
2025-07-14,73.39,73.55,72.51,72.52,1320600.0,73.842,72.997,73.723,45.778,-0.008,-0.091,0.083,72.997,75.085,70.909
2025-07-15,72.98,72.98,71.5,71.57,1473100.0,73.35,72.898,73.649,42.139,-0.156,-0.104,-0.052,72.898,75.062,70.734
2025-07-16,71.57,72.31,71.11,72.13,1065700.0,72.898,72.795,73.563,44.919,-0.226,-0.128,-0.098,72.795,74.897,70.694
2025-07-17,72.05,72.95,71.85,72.91,1120500.0,72.588,72.815,73.491,48.62,-0.216,-0.146,-0.07,72.815,74.913,70.717
2025-07-18,73.07,73.92,72.91,73.86,1531400.0,72.598,72.888,73.438,52.783,-0.129,-0.143,0.013,72.888,75.027,70.75
2025-07-21,74.34,74.61,73.85,74.1,2082900.0,72.914,73.013,73.497,53.801,-0.041,-0.122,0.081,73.013,75.128,70.898
2025-07-22,74.26,75.59,74.06,74.77,2882300.0,73.554,73.167,73.56,56.614,0.082,-0.082,0.163,73.167,75.323,71.012
2025-07-23,75.37,75.73,74.78,75.27,1779300.0,74.182,73.3,73.646,58.638,0.217,-0.022,0.239,73.3,75.632,70.969
2025-07-24,74.55,75.08,73.57,73.74,1756200.0,74.348,73.38,73.645,50.825,0.199,0.022,0.176,73.38,75.654,71.107
2025-07-25,73.86,74.83,73.17,74.47,1454300.0,74.47,73.512,73.656,53.976,0.24,0.066,0.174,73.512,75.712,71.313
2025-07-28,73.75,74.21,72.82,73.11,1735600.0,74.272,73.556,73.675,47.827,0.161,0.085,0.076,73.556,75.684,71.427
2025-07-29,73.04,73.4,72.22,72.68,1229400.0,73.854,73.616,73.657,46.041,0.063,0.081,-0.017,73.616,75.555,71.677
2025-07-30,72.18,72.33,69.21,69.74,3227600.0,72.748,73.454,73.549,36.113,-0.248,0.015,-0.263,73.454,76.048,70.861
2025-07-31,69.16,69.81,68.61,69.03,2483000.0,71.806,73.182,73.435,34.195,-0.547,-0.097,-0.449,73.182,76.395,69.97
2025-08-01,68.7,68.71,67.16,67.52,1489200.0,70.416,72.85,73.279,30.487,-0.894,-0.257,-0.638,72.85,76.898,68.801
2025-08-04,67.93,68.43,67.41,68.17,1483400.0,69.428,72.614,73.153,33.814,-1.105,-0.426,-0.678,72.614,77.171,68.057
2025-08-05,68.73,69.01,67.79,68.63,2207900.0,68.618,72.344,73.062,36.143,-1.221,-0.585,-0.635,72.344,77.179,67.509
2025-08-06,71.85,72.48,61.91,64.29,5504000.0,67.528,71.839,72.898,26.623,-1.643,-0.797,-0.847,71.839,77.762,65.916
2025-08-07,63.93,64.2,62.34,62.42,4933400.0,66.206,71.237,72.653,23.723,-2.105,-1.059,-1.047,71.237,78.363,64.111
2025-08-08,62.68,63.01,61.71,61.77,2913100.0,65.056,70.635,72.436,22.794,-2.495,-1.346,-1.149,70.635,78.804,62.466
2025-08-11,61.93,62.11,61.2,61.67,4382500.0,63.756,70.092,72.198,22.647,-2.78,-1.633,-1.147,70.092,79.13,61.055
2025-08-12,61.28,62.99,60.57,62.72,4273600.0,62.574,69.65,71.973,27.904,-2.887,-1.884,-1.004,69.65,79.233,60.067
2025-08-13,62.77,64.65,62.15,64.63,2765300.0,62.642,69.275,71.802,36.375,-2.786,-2.064,-0.722,69.275,79.034,59.516
2025-08-14,63.76,64.21,63.3,63.87,2029800.0,62.932,68.823,71.597,34.631,-2.736,-2.199,-0.538,68.823,78.71,58.936
2025-08-15,64.3,64.53,63.64,63.96,1389200.0,63.37,68.328,71.379,35.028,-2.659,-2.291,-0.368,68.328,78.144,58.512
2025-08-18,63.86,64.14,63.24,63.47,1713800.0,63.73,67.797,71.17,33.823,-2.607,-2.354,-0.253,67.797,77.447,58.146
2025-08-19,63.86,64.76,63.52,63.97,1267000.0,63.98,67.256,70.963,36.234,-2.496,-2.382,-0.114,67.256,76.462,58.051
2025-08-20,64.11,64.82,63.72,64.24,1900200.0,63.902,66.705,70.736,37.556,-2.36,-2.378,0.018,66.705,75.182,58.228
2025-08-21,63.82,64.54,63.69,64.26,1643800.0,63.98,66.231,70.487,37.659,-2.224,-2.347,0.123,66.231,74.089,58.373
2025-08-22,64.62,66.34,64.45,66.06,2293800.0,64.4,65.81,70.294,46.263,-1.949,-2.268,0.318,65.81,72.646,58.975
2025-08-25,65.91,65.95,65.02,65.25,1199000.0,64.756,65.418,70.084,43.363,-1.776,-2.169,0.393,65.418,71.327,59.508
2025-08-26,65.22,65.58,64.56,64.84,2247700.0,64.93,65.025,69.91,41.93,-1.653,-2.066,0.413,65.025,69.846,60.205
2025-08-27,64.61,65.09,64.48,64.9,2018900.0,65.062,64.784,69.725,42.231,-1.533,-1.959,0.426,64.784,69.063,60.504
2025-08-28,65.11,65.44,64.29,65.21,1467600.0,65.252,64.592,69.578,43.85,-1.397,-1.847,0.45,64.592,68.388,60.797
2025-08-29,65.22,65.75,64.91,65.6,1521800.0,65.16,64.496,69.443,45.903,-1.243,-1.726,0.483,64.496,68.071,60.922
2025-09-02,65.05,65.6,63.52,64.67,2267200.0,65.044,64.322,69.304,41.962,-1.182,-1.617,0.435,64.322,67.454,61.189
2025-09-03,64.17,64.88,63.64,63.86,1815200.0,64.848,64.083,69.147,38.835,-1.186,-1.531,0.345,64.083,66.472,61.694
2025-09-04,63.93,64.02,63.01,63.68,1958500.0,64.604,64.052,68.969,38.154,-1.19,-1.463,0.273,64.052,66.446,61.659
2025-09-05,63.76,65.34,63.45,64.17,1872100.0,64.396,64.14,68.809,41.176,-1.14,-1.398,0.258,64.14,66.407,61.873
2025-09-08,65.14,65.14,63.67,64.3,1901800.0,64.136,64.267,68.659,41.986,-1.078,-1.334,0.256,64.267,66.24,62.293
2025-09-09,63.7,64.22,63.08,63.23,1677600.0,63.848,64.344,68.478,37.419,-1.102,-1.288,0.186,64.344,65.981,62.708
2025-09-10,63.02,63.37,62.16,62.66,1795500.0,63.608,64.342,68.302,35.222,-1.154,-1.261,0.107,64.342,65.99,62.693
2025-09-11,62.39,64.66,62.39,64.48,2419200.0,63.768,64.334,68.132,46.106,-1.037,-1.216,0.18,64.334,65.979,62.689
2025-09-12,64.12,64.49,63.57,63.77,1921200.0,63.688,64.329,67.918,43.066,-0.989,-1.171,0.182,64.329,65.98,62.678
2025-09-15,63.95,63.95,62.52,62.55,3081100.0,63.338,64.258,67.686,38.383,-1.038,-1.144,0.106,64.258,66.087,62.43
2025-09-16,62.89,63.0,62.49,62.7,1712300.0,63.232,64.22,67.482,39.257,-1.053,-1.126,0.073,64.22,66.148,62.292
2025-09-17,62.66,63.42,61.46,61.55,2601600.0,63.01,64.099,67.233,35.139,-1.144,-1.13,-0.014,64.099,66.367,61.831
2025-09-18,61.85,62.24,61.46,61.95,3083600.0,62.504,63.985,66.984,37.592,-1.17,-1.138,-0.033,63.985,66.445,61.524
2025-09-19,62.12,62.71,61.33,61.74,6765700.0,62.098,63.859,66.729,36.805,-1.194,-1.149,-0.045,63.859,66.511,61.206
2025-09-22,61.54,61.54,60.42,60.44,2417300.0,61.676,63.578,66.462,32.298,-1.303,-1.18,-0.124,63.578,66.431,60.724
2025-09-23,60.83,61.17,60.43,60.63,1673800.0,61.262,63.346,66.224,33.578,-1.359,-1.216,-0.143,63.346,66.373,60.32
2025-09-24,60.53,61.08,60.38,60.78,1535800.0,61.108,63.143,66.008,34.629,-1.375,-1.248,-0.127,63.143,66.29,59.997
2025-09-25,60.55,60.71,58.43,58.6,2428200.0,60.438,62.828,65.738,27.756,-1.546,-1.307,-0.238,62.828,66.459,59.198
2025-09-26,58.85,59.27,58.65,59.01,1821600.0,59.892,62.518,65.46,30.548,-1.629,-1.371,-0.257,62.518,66.346,58.691
2025-09-29,59.41,59.79,58.59,59.63,2386800.0,59.73,62.22,65.175,34.66,-1.626,-1.422,-0.204,62.22,65.966,58.474
2025-09-30,59.55,60.44,59.08,60.2,2293800.0,59.644,61.996,64.897,38.278,-1.56,-1.45,-0.11,61.996,65.66,58.333
2025-10-01,59.98,60.38,59.08,59.63,2569500.0,59.414,61.785,64.594,36.124,-1.536,-1.467,-0.069,61.785,65.483,58.087
2025-10-02,59.54,60.66,59.45,60.17,1685200.0,59.728,61.609,64.292,39.593,-1.457,-1.465,0.008,61.609,65.262,57.957
2025-10-03,60.01,61.09,60.01,60.83,1542000.0,60.092,61.443,64.034,43.622,-1.325,-1.437,0.112,61.443,64.902,57.983
2025-10-06,60.7,61.02,60.13,60.16,1674100.0,60.198,61.235,63.748,40.657,-1.261,-1.402,0.141,61.235,64.463,58.008
2025-10-07,60.5,60.8,59.65,59.69,2988700.0,60.096,61.058,63.48,38.672,-1.233,-1.368,0.135,61.058,64.213,57.904
2025-10-08,60.15,60.31,59.38,59.97,1783800.0,60.164,60.924,63.225,40.535,-1.175,-1.329,0.154,60.924,64.02,57.828
2025-10-09,60.27,60.43,58.61,58.84,1410800.0,59.898,60.642,63.007,35.807,-1.206,-1.305,0.098,60.642,63.381,57.903
2025-10-10,59.07,59.27,57.85,58.25,4215400.0,59.382,60.366,62.792,33.603,-1.264,-1.297,0.032,60.366,62.881,57.851
2025-10-13,58.47,59.17,58.2,58.79,1385000.0,59.108,60.178,62.617,37.401,-1.252,-1.288,0.036,60.178,62.565,57.791
2025-10-14,58.69,60.37,58.45,60.33,1596500.0,59.236,60.06,62.46,46.754,-1.105,-1.251,0.146,60.06,62.134,57.985
2025-10-15,60.51,61.46,60.23,60.58,1482400.0,59.358,60.011,62.299,48.109,-0.958,-1.193,0.235,60.011,61.981,58.041
2025-10-16,60.92,61.81,60.78,61.24,1983000.0,59.838,59.976,62.238,51.611,-0.779,-1.11,0.331,59.976,61.82,58.131
2025-10-17,61.41,62.51,61.24,62.36,2751000.0,60.66,60.006,62.237,56.924,-0.54,-0.996,0.456,60.006,61.992,58.021
2025-10-20,62.64,63.38,62.52,63.23,1764600.0,61.548,60.146,62.266,60.548,-0.278,-0.852,0.574,60.146,62.597,57.695
2025-10-21,63.24,63.89,62.62,63.59,1660200.0,62.2,60.294,62.305,61.974,-0.04,-0.69,0.65,60.294,63.186,57.402
2025-10-22,63.86,64.33,63.38,63.41,2281200.0,62.766,60.426,62.319,60.791,0.132,-0.526,0.657,60.426,63.632,57.219
2025-10-23,63.56,64.56,63.53,64.34,2072400.0,63.386,60.712,62.313,64.555,0.339,-0.353,0.692,60.712,64.243,57.182
2025-10-24,64.83,65.04,64.07,64.47,1828900.0,63.808,60.986,62.325,65.06,0.508,-0.18,0.689,60.986,64.795,57.176
2025-10-27,64.47,64.85,63.62,63.87,1846400.0,63.936,61.198,62.323,60.758,0.587,-0.027,0.614,61.198,65.158,57.237
2025-10-28,63.62,64.06,63.08,63.47,2062600.0,63.912,61.361,62.323,58.004,0.61,0.101,0.51,61.361,65.417,57.305
2025-10-29,63.06,63.29,61.68,61.9,2377300.0,63.61,61.474,62.282,48.679,0.496,0.18,0.317,61.474,65.453,57.496
2025-10-30,61.65,62.57,61.14,61.76,2785000.0,63.094,61.554,62.232,47.939,0.39,0.222,0.168,61.554,65.486,57.622
2025-10-31,61.21,61.87,60.92,61.6,2487300.0,62.52,61.592,62.179,47.058,0.29,0.235,0.054,61.592,65.509,57.676
2025-11-03,61.05,61.46,60.31,60.73,4115900.0,61.892,61.621,62.072,42.488,0.138,0.216,-0.078,61.621,65.502,57.74
2025-11-04,60.53,60.92,59.97,60.15,2875200.0,61.228,61.644,61.97,39.718,-0.028,0.167,-0.195,61.644,65.482,57.806
2025-11-05,61.35,64.45,61.35,62.61,4274800.0,61.37,61.776,61.926,53.548,0.038,0.141,-0.103,61.776,65.553,57.999
2025-11-06,62.92,63.18,61.32,61.48,2243600.0,61.314,61.908,61.857,48.09,-0.001,0.113,-0.114,61.908,65.429,58.387
2025-11-07,61.78,62.01,60.44,60.65,3193300.0,61.124,62.028,61.766,44.503,-0.097,0.071,-0.168,62.028,65.167,58.889
2025-11-10,60.83,62.08,60.39,61.41,2207100.0,61.26,62.159,61.682,48.306,-0.111,0.035,-0.146,62.159,64.925,59.393
2025-11-11,61.81,63.9,61.81,63.89,2195900.0,62.008,62.337,61.667,58.339,0.077,0.043,0.034,62.337,65.066,59.608
2025-11-12,63.71,64.61,63.71,63.99,2210500.0,62.284,62.508,61.669,58.687,0.232,0.081,0.151,62.508,65.2,59.815
2025-11-13,63.9,66.27,63.62,65.96,3638900.0,63.18,62.744,61.715,64.909,0.507,0.166,0.341,62.744,65.774,59.713
2025-11-14,65.28,66.12,63.95,64.45,2221000.0,63.94,62.848,61.72,57.732,0.597,0.252,0.345,62.848,65.966,59.73
2025-11-17,64.18,64.92,63.69,63.71,2618900.0,64.4,62.872,61.709,54.549,0.601,0.322,0.279,62.872,66.01,59.734
2025-11-18,63.63,64.65,63.5,64.56,2272400.0,64.534,62.92,61.735,57.451,0.666,0.391,0.275,62.92,66.134,59.707
2025-11-19,64.47,64.89,63.56,63.71,1907100.0,64.478,62.936,61.756,53.754,0.641,0.441,0.2,62.936,66.161,59.71
2025-11-20,63.94,64.25,62.61,63.15,2668700.0,63.916,62.876,61.73,51.408,0.569,0.467,0.103,62.876,66.036,59.716
2025-11-21,63.54,66.59,63.38,65.98,2440000.0,64.222,62.951,61.774,60.736,0.733,0.52,0.213,62.951,66.336,59.567
2025-11-24,65.75,66.68,65.36,65.98,3210600.0,64.676,63.057,61.842,60.736,0.852,0.586,0.266,63.057,66.685,59.429
2025-11-25,66.65,68.58,66.21,67.69,3375000.0,65.302,63.268,61.942,65.392,1.073,0.684,0.389,63.268,67.446,59.09
2025-11-26,67.24,68.49,67.15,68.26,1351800.0,66.212,63.586,62.076,66.805,1.278,0.803,0.476,63.586,68.264,58.908
2025-11-28,68.21,68.57,67.92,67.97,877200.0,67.176,63.896,62.197,65.343,1.402,0.922,0.48,63.896,68.879,58.914
2025-12-01,67.77,68.46,67.6,67.76,1356100.0,67.532,64.204,62.317,64.247,1.466,1.031,0.435,64.204,69.348,59.061
2025-12-02,67.9,67.99,66.41,67.05,1829400.0,67.746,64.52,62.449,60.548,1.443,1.114,0.33,64.52,69.54,59.501
2025-12-03,67.23,67.6,65.61,65.66,1960100.0,67.34,64.796,62.55,53.995,1.298,1.15,0.147,64.796,69.393,60.199
2025-12-04,66.07,66.23,64.6,65.04,1807700.0,66.696,64.917,62.635,51.326,1.119,1.144,-0.025,64.917,69.398,60.437
2025-12-05,65.02,66.47,64.86,65.72,2046900.0,66.246,65.129,62.778,54.011,1.021,1.12,-0.098,65.129,69.317,60.942
2025-12-08,65.52,65.65,63.92,63.94,1663900.0,65.482,65.294,62.876,46.743,0.791,1.054,-0.263,65.294,68.967,61.621
2025-12-09,63.91,64.63,62.84,63.13,1796000.0,64.698,65.38,62.946,43.851,0.537,0.95,-0.414,65.38,68.737,62.023
2025-12-10,63.36,64.09,62.94,63.97,2909900.0,64.36,65.384,63.022,47.48,0.398,0.84,-0.442,65.384,68.734,62.034
2025-12-11,62.12,62.65,60.71,61.87,4578700.0,63.726,65.278,63.066,40.443,0.118,0.696,-0.578,65.278,68.934,61.622
2025-12-12,62.1,62.18,61.32,61.88,3276100.0,62.958,65.074,63.101,40.488,-0.102,0.536,-0.638,65.074,69.014,61.134
2025-12-15,62.3,62.88,61.53,62.77,2724800.0,62.724,64.99,63.139,44.526,-0.203,0.388,-0.591,64.99,69.055,60.925
2025-12-16,62.76,63.57,62.57,63.17,2525900.0,62.732,64.963,63.2,46.29,-0.247,0.261,-0.508,64.963,69.071,60.855
2025-12-17,62.97,64.84,62.86,64.19,2102500.0,62.776,64.945,63.29,50.603,-0.198,0.169,-0.367,64.945,69.064,60.825
2025-12-18,64.29,65.07,63.65,63.99,2421800.0,63.2,64.958,63.37,49.76,-0.173,0.101,-0.274,64.958,69.062,60.855
2025-12-19,63.79,65.13,63.39,64.73,6198800.0,63.77,65.037,63.488,52.89,-0.092,0.062,-0.155,65.037,69.054,61.021
2025-12-22,64.78,65.99,64.71,65.52,1883100.0,64.32,65.014,63.633,56.039,0.035,0.057,-0.022,65.014,69.014,61.015
2025-12-23,65.94,65.94,65.13,65.32,1697600.0,64.75,64.982,63.764,55.036,0.118,0.069,0.049,64.982,68.958,61.005
2025-12-24,65.32,65.92,65.11,65.87,529200.0,65.086,64.89,63.875,57.299,0.226,0.101,0.126,64.89,68.685,61.096
2025-12-26,65.76,66.46,65.55,66.41,1019300.0,65.57,64.798,63.991,59.457,0.351,0.151,0.2,64.798,68.328,61.268
2025-12-29,66.25,66.82,65.96,66.69,1102100.0,65.962,64.734,64.1,60.569,0.467,0.214,0.253,64.734,68.062,61.406
2025-12-30,66.57,67.16,66.26,66.86,1300000.0,66.23,64.689,64.19,61.264,0.567,0.284,0.282,64.689,67.866,61.512
2025-12-31,66.54,66.83,66.23,66.33,1182700.0,66.432,64.653,64.252,57.841,0.596,0.347,0.249,64.653,67.732,61.574
2026-01-02,66.47,67.5,65.83,66.96,1616100.0,66.65,64.718,64.32,60.655,0.662,0.41,0.252,64.718,67.938,61.498
2026-01-05,66.23,67.33,65.79,65.9,1925600.0,66.548,64.761,64.369,54.111,0.622,0.452,0.17,64.761,68.022,61.5
2026-01-06,65.46,67.81,65.16,67.78,1608400.0,66.766,64.864,64.438,61.952,0.733,0.508,0.225,64.864,68.373,61.355
2026-01-07,67.83,68.33,66.14,66.24,1703900.0,66.642,64.979,64.474,53.837,0.689,0.544,0.145,64.979,68.511,61.447
2026-01-08,65.62,67.97,65.5,67.5,1577500.0,66.876,65.197,64.546,58.614,0.747,0.585,0.162,65.197,68.789,61.606
2026-01-09,67.89,68.14,66.95,68.01,1376400.0,67.086,65.4,64.637,60.4,0.825,0.633,0.192,65.4,69.151,61.648
2026-01-12,68.33,68.65,67.55,67.87,1357900.0,67.48,65.7,64.756,59.639,0.866,0.68,0.186,65.7,69.214,62.185
2026-01-13,68.16,68.93,67.52,68.51,1157700.0,67.626,66.031,64.891,61.996,0.938,0.731,0.207,66.031,69.269,62.793
2026-01-14,68.76,69.61,68.58,69.07,1667000.0,68.192,66.346,65.041,63.978,1.029,0.791,0.238,66.346,69.472,63.22
2026-01-15,69.1,69.93,68.23,69.71,1164700.0,68.634,66.673,65.22,66.151,1.14,0.861,0.279,66.673,69.768,63.578
2026-01-16,69.39,70.75,69.29,70.55,2073800.0,69.142,66.991,65.428,68.811,1.281,0.945,0.336,66.991,70.311,63.671
2026-01-20,69.82,70.37,68.86,69.74,1695800.0,69.516,67.278,65.571,63.62,1.312,1.018,0.294,67.278,70.498,64.059
2026-01-21,70.37,71.43,70.06,70.18,1806700.0,69.85,67.551,65.745,65.158,1.356,1.086,0.27,67.551,70.785,64.317
2026-01-22,70.38,71.97,70.18,71.02,1960200.0,70.24,67.826,65.952,67.943,1.443,1.157,0.285,67.826,71.262,64.39
2026-01-23,71.02,72.13,70.77,72.08,1461500.0,70.714,68.164,66.166,71.085,1.578,1.241,0.337,68.164,71.881,64.447
2026-01-26,72.43,73.2,72.16,72.86,1463600.0,71.176,68.514,66.345,73.168,1.729,1.339,0.39,68.514,72.616,64.411
2026-01-27,72.73,73.28,71.44,72.06,1634800.0,71.64,68.796,66.507,67.774,1.764,1.424,0.34,68.796,73.064,64.528
2026-01-28,72.4,72.63,70.43,71.02,1444200.0,71.808,69.012,66.608,61.433,1.688,1.477,0.211,69.012,73.27,64.755
2026-01-29,70.14,70.49,67.29,68.5,2581900.0,71.304,69.094,66.689,49.378,1.408,1.463,-0.055,69.094,73.239,64.95
2026-01-30,68.13,68.75,67.61,68.71,1672200.0,70.63,69.214,66.789,50.254,1.189,1.408,-0.219,69.214,73.155,65.272
2026-02-02,68.54,69.06,67.84,68.65,1905800.0,69.788,69.298,66.871,49.987,1.0,1.326,-0.327,69.298,73.107,65.489
2026-02-03,68.27,70.2,68.27,69.27,1866800.0,69.23,69.466,66.982,52.771,0.889,1.239,-0.35,69.466,72.924,66.009
2026-02-04,70.2,73.5,70.2,73.12,2130400.0,69.65,69.734,67.181,65.583,1.1,1.211,-0.111,69.734,73.457,66.01
2026-02-05,72.76,72.89,71.35,72.27,1506800.0,70.404,70.035,67.307,61.609,1.184,1.206,-0.022,70.035,73.538,66.532
2026-02-06,72.43,73.83,72.2,73.64,1333600.0,71.39,70.342,67.46,65.262,1.346,1.234,0.112,70.342,73.983,66.701
2026-02-09,73.79,74.07,72.54,74.0,1265300.0,72.46,70.642,67.586,66.173,1.487,1.284,0.202,70.642,74.456,66.827
2026-02-10,74.31,75.58,73.3,75.55,1804700.0,73.716,71.026,67.732,69.84,1.703,1.368,0.335,71.026,75.195,66.856
2026-02-11,75.02,76.4,75.02,75.76,2306500.0,74.244,71.388,67.888,70.31,1.87,1.469,0.402,71.388,75.884,66.892
2026-02-12,77.64,82.68,76.19,80.22,4172500.0,75.834,71.946,68.137,78.107,2.336,1.642,0.694,71.946,77.794,66.097
2026-02-13,81.2,81.84,79.57,81.69,4068500.0,77.444,72.544,68.43,79.973,2.791,1.872,0.919,72.544,79.73,65.359
2026-02-17,82.68,83.12,80.75,81.44,1652300.0,78.932,73.089,68.746,78.744,3.096,2.117,0.979,73.089,81.225,64.953
2026-02-18,81.33,82.01,80.33,81.65,1450900.0,80.152,73.684,69.078,79.035,3.316,2.357,0.96,73.684,82.504,64.865
2026-02-19,81.47,81.71,78.48,80.33,2184600.0,81.066,74.192,69.37,72.319,3.346,2.554,0.791,74.192,83.325,65.059
2026-02-20,80.48,81.16,79.02,80.11,1714900.0,81.044,74.646,69.693,71.233,3.313,2.706,0.607,74.646,84.016,65.277
2026-02-23,79.79,81.06,78.58,80.94,1583500.0,80.894,75.09,70.05,72.888,3.316,2.828,0.488,75.09,84.78,65.399
2026-02-24,81.29,82.43,80.78,80.82,1205000.0,80.77,75.488,70.387,72.241,3.271,2.917,0.354,75.488,85.443,65.532
2026-02-25,80.65,80.7,77.91,78.62,1666900.0,80.164,75.816,70.722,61.468,3.023,2.938,0.085,75.816,85.728,65.903
2026-02-26,79.06,79.66,78.44,79.66,1318600.0,80.03,76.248,71.077,64.187,2.877,2.926,-0.049,76.248,86.032,66.463
2026-02-27,79.48,81.01,78.78,80.93,1406300.0,80.194,76.869,71.44,67.228,2.832,2.907,-0.075,76.869,86.148,67.59
2026-03-02,80.57,80.8,78.11,79.48,1678700.0,79.902,77.408,71.767,60.872,2.648,2.855,-0.207,77.408,85.91,68.905
2026-03-03,77.79,78.46,76.34,77.91,1977400.0,79.32,77.87,72.041,54.828,2.348,2.754,-0.405,77.87,85.307,70.434
2026-03-04,78.02,78.39,76.32,76.96,1287600.0,78.988,78.255,72.3,51.496,2.011,2.605,-0.594,78.255,84.522,71.988
2026-03-05,76.35,77.82,73.81,74.19,2735000.0,77.894,78.309,72.49,43.244,1.503,2.385,-0.882,78.309,84.407,72.21
2026-03-06,73.89,73.89,71.78,72.61,1910500.0,76.23,78.326,72.631,39.369,0.962,2.1,-1.138,78.326,84.355,72.296
2026-03-09,71.58,72.33,70.09,72.01,1692400.0,74.736,78.244,72.765,37.977,0.479,1.776,-1.297,78.244,84.576,71.912
2026-03-10,71.83,73.13,71.19,71.7,1857200.0,73.494,78.129,72.882,37.244,0.071,1.435,-1.364,78.129,84.857,71.401
2026-03-11,71.29,72.19,67.39,67.64,3103600.0,71.63,77.734,72.906,29.278,-0.574,1.033,-1.607,77.734,85.88,69.587
2026-03-12,67.48,69.5,67.47,68.91,2296600.0,70.574,77.391,72.951,34.031,-0.971,0.632,-1.604,77.391,86.416,68.366
2026-03-13,69.89,70.35,68.3,68.51,1690600.0,69.754,76.806,72.984,33.273,-1.303,0.245,-1.549,76.806,86.548,67.063
2026-03-16,69.24,69.82,68.41,68.99,1409500.0,69.15,76.17,73.037,35.141,-1.51,-0.106,-1.404,76.17,86.223,66.118
2026-03-17,71.17,71.76,69.91,70.16,1629500.0,68.842,75.607,73.101,39.582,-1.562,-0.397,-1.165,75.607,85.68,65.533
2026-03-18,69.57,70.12,67.01,67.23,1442800.0,68.76,74.886,73.128,33.412,-1.818,-0.681,-1.137,74.886,85.199,64.572
2026-03-19,66.83,67.07,64.46,67.06,2366400.0,68.39,74.222,73.113,33.09,-2.012,-0.947,-1.065,74.222,84.766,63.678
2026-03-20,67.74,67.88,65.53,65.96,2941900.0,67.88,73.514,73.108,31.006,-2.229,-1.204,-1.025,73.514,84.291,62.738
2026-03-23,67.43,68.66,67.13,67.45,1849800.0,67.572,72.84,73.107,36.811,-2.254,-1.414,-0.84,72.84,83.345,62.335
2026-03-24,66.24,68.53,65.94,67.22,1401300.0,66.984,72.16,73.091,36.303,-2.267,-1.584,-0.682,72.16,82.242,62.078
2026-03-25,68.1,70.29,67.31,70.01,2000300.0,67.54,71.73,73.134,46.029,-2.028,-1.673,-0.355,71.73,81.376,62.083
2026-03-26,69.52,71.11,69.52,70.44,1340900.0,68.216,71.268,73.172,47.362,-1.784,-1.695,-0.089,71.268,80.172,62.365
2026-03-27,70.22,70.58,69.74,70.3,2033000.0,69.084,70.737,73.197,46.956,-1.583,-1.673,0.09,70.737,78.394,63.08
2026-03-30,70.79,72.15,69.89,70.25,1494400.0,69.644,70.276,73.208,46.801,-1.412,-1.621,0.209,70.276,76.732,63.819
2026-03-31,70.76,72.27,70.28,71.83,1610700.0,70.566,69.972,73.233,52.162,-1.136,-1.524,0.388,69.972,75.406,64.537
2026-04-01,71.45,73.06,71.31,71.85,1517700.0,70.934,69.716,73.275,52.228,-0.905,-1.4,0.495,69.716,74.157,65.275
2026-04-02,71.31,72.19,70.59,71.71,1232200.0,71.188,69.592,73.306,51.693,-0.725,-1.265,0.54,69.592,73.627,65.557
2026-04-06,71.13,71.45,70.31,71.12,768400.0,71.352,69.518,73.308,49.398,-0.623,-1.137,0.514,69.518,73.369,65.666
2026-04-07,70.84,71.06,67.66,69.28,1510900.0,71.158,69.381,73.252,42.988,-0.682,-1.046,0.364,69.381,73.05,65.712
2026-04-08,71.4,73.31,71.06,73.04,2487600.0,71.4,69.448,73.256,55.652,-0.421,-0.921,0.5,69.448,73.337,65.559
2026-04-09,72.1,73.02,71.31,72.4,1386200.0,71.51,69.686,73.262,53.475,-0.263,-0.789,0.526,69.686,73.69,65.682
2026-04-10,72.91,73.33,71.54,71.8,1262300.0,71.528,69.83,73.278,51.443,-0.184,-0.668,0.484,69.83,73.925,65.736
2026-04-13,71.25,71.61,69.85,70.99,1391300.0,71.502,69.955,73.328,48.75,-0.184,-0.571,0.387,69.955,74.03,65.879
2026-04-14,70.79,71.96,70.36,71.87,1192300.0,72.02,70.098,73.391,51.708,-0.112,-0.479,0.367,70.098,74.234,65.963
2026-04-15,71.92,71.92,70.36,70.82,1382500.0,71.576,70.131,73.434,48.138,-0.138,-0.411,0.273,70.131,74.28,65.983
2026-04-16,71.21,71.69,70.64,71.34,1576800.0,71.364,70.337,73.476,49.98,-0.116,-0.352,0.236,70.337,74.282,66.392
2026-04-17,71.46,75.43,71.46,75.13,2833700.0,72.03,70.74,73.516,60.884,0.206,-0.241,0.446,70.74,74.918,66.563
2026-04-20,74.46,74.65,73.36,73.7,1431300.0,72.572,71.128,73.545,55.93,0.341,-0.124,0.465,71.128,74.85,67.405
2026-04-21,73.66,74.32,71.41,71.7,1179400.0,72.538,71.34,73.506,49.823,0.284,-0.043,0.326,71.34,74.64,68.04
2026-04-22,72.21,72.21,70.03,70.46,975400.0,72.466,71.502,73.435,46.438,0.136,-0.007,0.143,71.502,74.216,68.788
2026-04-23,70.48,71.22,69.49,70.23,903700.0,72.244,71.513,73.329,45.816,0.001,-0.005,0.007,71.513,74.203,68.823
2026-04-24,69.83,70.57,69.61,70.43,996400.0,71.304,71.512,73.222,46.487,-0.089,-0.022,-0.067,71.512,74.204,68.821
2026-04-27,70.51,71.21,70.1,70.28,1147000.0,70.62,71.512,73.023,46.027,-0.17,-0.052,-0.119,71.512,74.205,68.818
2026-04-28,70.8,71.28,68.96,70.07,1550000.0,70.294,71.503,72.791,45.35,-0.249,-0.091,-0.158,71.503,74.214,68.791
2026-04-29,69.52,70.16,68.1,68.2,1403600.0,69.842,71.321,72.526,39.743,-0.457,-0.164,-0.293,71.321,74.401,68.241
2026-04-30,68.65,69.65,68.17,69.5,1461500.0,69.696,71.203,72.283,44.848,-0.511,-0.233,-0.277,71.203,74.377,68.03
2026-05-01,70.1,70.51,69.28,70.11,1447400.0,69.632,71.124,72.079,47.112,-0.499,-0.286,-0.212,71.124,74.324,67.923
2026-05-04,69.57,70.37,69.28,69.39,1743200.0,69.454,71.037,71.864,44.775,-0.541,-0.337,-0.203,71.037,74.33,67.744
2026-05-05,69.47,70.91,69.38,70.07,2022400.0,69.454,71.076,71.647,47.427,-0.513,-0.373,-0.141,71.076,74.299,67.854
2026-05-06,79.99,83.06,77.34,82.11,4872600.0,72.236,71.53,71.673,72.557,0.474,-0.203,0.677,71.53,77.39,65.67
2026-05-07,82.07,82.92,77.0,77.48,3185000.0,73.832,71.784,71.65,60.567,0.873,0.012,0.861,71.784,78.215,65.353
2026-05-08,77.71,80.51,77.04,80.24,2276100.0,75.858,72.206,71.661,64.349,1.396,0.289,1.107,72.206,79.667,64.745
2026-05-11,80.23,80.99,77.43,77.97,1833700.0,77.574,72.555,71.602,59.311,1.609,0.553,1.056,72.555,80.418,64.692
2026-05-12,77.76,78.38,76.3,77.69,1337900.0,79.098,72.846,71.566,58.7,1.735,0.789,0.946,72.846,81.027,64.665
2026-05-13,77.31,77.86,76.06,76.71,1769500.0,78.018,73.14,71.542,56.508,1.736,0.979,0.757,73.14,81.437,64.844
2026-05-14,76.92,77.07,75.31,75.33,1606600.0,77.588,73.34,71.51,53.479,1.606,1.104,0.502,73.34,81.647,65.033
2026-05-15,74.54,74.55,72.21,72.37,1721600.0,76.014,73.202,71.473,47.587,1.251,1.134,0.117,73.202,81.475,64.929
2026-05-18,72.04,74.38,72.0,72.97,1580700.0,75.014,73.166,71.481,48.818,1.006,1.108,-0.102,73.166,81.436,64.895
2026-05-19,71.15,72.14,70.81,71.27,2454100.0,73.73,73.144,71.466,45.553,0.667,1.02,-0.353,73.144,81.432,64.856
2026-05-20,70.96,74.31,70.59,73.69,2651500.0,73.126,73.306,71.506,50.616,0.586,0.933,-0.347,73.306,81.499,65.112
2026-05-21,73.12,74.87,71.94,74.5,1894500.0,72.96,73.519,71.643,52.217,0.581,0.863,-0.281,73.519,81.597,65.441
2026-05-22,75.28,75.76,73.86,74.53,1298300.0,73.392,73.724,71.755,52.279,0.573,0.805,-0.231,73.724,81.679,65.769
2026-05-26,75.13,76.14,74.75,75.12,1392200.0,73.822,73.966,71.887,53.55,0.608,0.765,-0.158,73.966,81.773,66.159
2026-05-27,75.99,78.54,75.82,76.23,2587500.0,74.814,74.274,72.032,55.928,0.716,0.755,-0.04,74.274,81.918,66.63
2026-05-28,75.72,77.66,75.34,77.25,2014600.0,75.526,74.727,72.174,58.053,0.874,0.779,0.095,74.727,81.915,67.538
2026-05-29,79.6,80.36,75.04,75.29,5549600.0,75.684,75.016,72.335,52.786,0.832,0.79,0.042,75.016,81.771,68.261
2026-06-01,73.22,74.53,71.78,73.52,2376300.0,75.482,75.186,72.464,48.506,0.648,0.761,-0.114,75.186,81.583,68.79
2026-06-02,72.99,74.2,71.89,72.51,1889800.0,74.96,75.342,72.595,46.204,0.416,0.692,-0.276,75.342,81.279,69.406
2026-06-03,73.48,74.9,72.65,72.83,2659100.0,74.28,75.48,72.703,47.061,0.255,0.605,-0.35,75.48,81.016,69.945
2026-06-04,73.45,74.52,71.98,72.5,2523400.0,73.33,75.0,72.809,46.242,0.099,0.504,-0.404,75.0,79.721,70.279
2026-06-05,72.24,73.7,71.78,72.28,1740100.0,72.728,74.74,72.854,45.672,-0.041,0.395,-0.436,74.74,79.458,70.022
2026-06-08,71.94,72.36,71.49,71.88,1289100.0,72.4,74.322,72.883,44.595,-0.182,0.279,-0.462,74.322,78.431,70.213
2026-06-09,74.22,75.42,73.44,75.03,2042400.0,72.904,74.175,72.977,53.828,-0.04,0.215,-0.255,74.175,77.929,70.421
2026-06-10,74.88,75.5,73.47,73.49,2187700.0,73.036,73.965,73.042,49.486,-0.051,0.162,-0.213,73.965,77.342,70.588
2026-06-11,73.97,76.96,73.97,76.74,1970900.0,73.884,73.967,73.14,57.311,0.201,0.17,0.031,73.967,77.349,70.584
2026-06-12,77.85,78.14,76.86,77.49,1816600.0,74.926,74.074,73.253,58.894,0.455,0.227,0.228,74.074,77.764,70.385
2026-06-15,78.91,79.66,77.4,77.58,1580500.0,76.066,74.335,73.371,59.09,0.657,0.313,0.344,74.335,78.247,70.423
2026-06-16,77.74,78.11,76.66,77.08,1378100.0,76.476,74.54,73.49,57.451,0.767,0.404,0.363,74.54,78.58,70.501
2026-06-17,76.84,77.63,74.63,75.29,1428800.0,76.836,74.742,73.61,51.901,0.702,0.463,0.239,74.742,78.485,70.998
2026-06-18,75.94,77.21,75.92,76.36,3415300.0,76.76,74.875,73.676,54.717,0.729,0.516,0.212,74.875,78.651,71.099
2026-06-22,75.89,76.6,75.22,75.59,1526800.0,76.38,74.929,73.74,52.342,0.68,0.549,0.13,74.929,78.715,71.144
2026-06-23,75.21,75.86,73.97,74.36,1848100.0,75.736,74.921,73.791,48.706,0.535,0.546,-0.011,74.921,78.711,71.131
2026-06-24,75.65,76.79,75.22,75.47,1911900.0,75.414,74.938,73.881,51.95,0.505,0.538,-0.033,74.938,78.735,71.142
2026-06-25,75.53,76.71,74.36,74.73,1913700.0,75.302,74.864,73.938,49.694,0.416,0.514,-0.098,74.864,78.612,71.115
2026-06-26,74.02,76.01,73.74,75.99,2280000.0,75.228,74.8,74.042,53.405,0.442,0.499,-0.057,74.8,78.42,71.181
2026-06-29,75.87,76.2,74.72,76.14,2234400.0,75.338,74.843,74.138,53.841,0.47,0.493,-0.024,74.843,78.506,71.18
2026-06-30,76.3,78.88,75.13,78.85,2946600.0,76.236,75.11,74.212,60.959,0.702,0.535,0.167,75.11,79.126,71.093
2026-07-01,78.87,81.24,78.58,80.77,2236100.0,77.296,75.522,74.353,65.068,1.029,0.634,0.395,75.522,80.076,70.969
2026-07-02,81.58,83.44,80.99,83.44,2179800.0,79.038,76.053,74.588,69.825,1.487,0.805,0.682,76.053,81.641,70.465
2026-07-06,82.95,83.14,81.31,82.38,2183300.0,80.316,76.547,74.827,65.983,1.744,0.992,0.752,76.547,82.544,70.55
2026-07-07,83.08,83.43,81.26,81.44,1856500.0,81.376,77.005,75.051,62.69,1.85,1.164,0.686,77.005,83.029,70.981
2026-07-08,79.62,79.62,76.79,78.57,3463400.0,81.32,77.34,75.214,53.851,1.684,1.268,0.416,77.34,82.89,71.789
2026-07-09,78.03,78.68,77.8,78.16,1746700.0,80.798,77.496,75.371,52.708,1.501,1.315,0.187,77.496,82.948,72.044
2026-07-10,78.76,79.25,76.67,77.16,1476100.0,79.542,77.679,75.513,49.924,1.262,1.304,-0.042,77.679,82.8,72.559
2026-07-13,76.93,77.44,74.4,74.75,2270000.0,78.016,77.58,75.644,43.905,0.867,1.217,-0.35,77.58,82.853,72.307
2026-07-14,75.63,76.21,74.26,74.32,1901800.0,76.592,77.422,75.74,42.911,0.514,1.076,-0.562,77.422,82.893,71.95
2026-07-15,74.51,75.53,74.13,74.96,1331800.0,75.87,77.29,75.837,44.91,0.282,0.917,-0.635,77.29,82.87,71.711
2026-07-16,74.63,77.27,74.59,77.23,1134100.0,75.684,77.298,75.994,51.41,0.279,0.79,-0.511,77.298,82.877,71.719
2026-07-17,77.35,79.76,77.17,77.83,1677100.0,75.818,77.425,76.149,52.988,0.321,0.696,-0.375,77.425,82.926,71.924
2026-07-20,77.82,78.22,76.35,76.91,1184700.0,76.25,77.452,76.045,50.29,0.276,0.612,-0.336,77.452,82.937,71.968
2026-07-21,76.81,77.17,75.76,75.9,1302200.0,76.566,77.468,76.014,47.434,0.158,0.521,-0.363,77.468,82.932,72.004
2026-07-22,76.61,77.0,76.0,76.84,1297900.0,76.942,77.592,75.946,50.265,0.138,0.445,-0.306,77.592,82.868,72.316
2026-07-23,74.58,75.4,71.77,73.42,3739900.0,76.18,77.489,75.855,41.507,-0.151,0.325,-0.477,77.489,83.013,71.966
2026-07-24,73.51,76.25,73.43,75.58,1460200.0,75.73,77.532,75.813,47.705,-0.204,0.22,-0.424,77.532,82.979,72.085
2026-07-27,76.26,77.3,75.9,76.04,1740000.0,75.556,77.535,75.799,48.945,-0.207,0.134,-0.341,77.535,82.978,72.091
2026-07-28,77.33,79.18,76.54,78.88,1667700.0,76.152,77.672,75.87,55.901,0.02,0.111,-0.091,77.672,83.106,72.237
2026-07-29,78.37,79.37,77.33,79.25,1926500.0,76.634,77.692,76.008,56.728,0.227,0.135,0.093,77.692,83.147,72.236
2026-07-30,79.72,79.97,78.11,79.11,1411900.0,77.772,77.608,76.131,56.298,0.376,0.183,0.193,77.608,82.915,72.302
2026-07-31,78.21,79.37,77.76,78.85,1643100.0,78.426,77.379,76.282,55.456,0.467,0.24,0.227,77.379,81.973,72.785
2026-08-03,79.67,81.25,78.68,80.2,1659800.0,79.258,77.27,76.412,58.891,0.641,0.32,0.321,77.27,81.449,73.091
2026-08-04,80.2,80.99,79.1,80.51,1811400.0,79.584,77.224,76.533,59.661,0.795,0.415,0.38,77.224,81.224,73.223
2026-08-05,83.44,88.9,83.44,87.66,3440900.0,81.266,77.678,76.795,72.461,1.477,0.627,0.849,77.678,83.817,71.539
2026-08-06,86.47,86.51,83.37,84.15,2589000.0,82.274,77.978,76.976,62.051,1.714,0.845,0.869,77.978,84.765,71.19
2026-08-07,84.33,85.5,83.74,85.49,1420900.0,83.602,78.394,77.161,64.168,1.987,1.073,0.914,78.394,85.949,70.839
2026-08-10,84.6,85.07,83.51,84.69,1814700.0,84.5,78.891,77.31,61.947,2.115,1.281,0.833,78.891,86.739,71.043
2026-08-11,84.46,85.77,84.17,84.6,1632100.0,85.318,79.405,77.496,61.688,2.184,1.462,0.722,79.405,87.339,71.471
2026-08-12,84.87,85.14,83.23,83.45,1640400.0,84.476,79.83,77.695,58.336,2.121,1.594,0.527,79.83,87.67,71.989
2026-08-13,83.8,84.32,83.31,83.66,1113200.0,84.378,80.151,77.918,58.776,2.064,1.688,0.376,80.151,88.069,72.233
2026-08-14,83.49,83.84,82.75,83.78,895900.0,84.036,80.448,78.137,59.043,2.006,1.751,0.254,80.448,88.446,72.451
2026-08-17,83.04,83.31,81.34,81.44,1175700.0,83.386,80.675,78.315,51.985,1.751,1.751,-0.001,80.675,88.506,72.844
2026-08-18,81.74,82.07,80.49,80.62,1050800.0,82.59,80.911,78.482,49.741,1.465,1.694,-0.229,80.911,88.414,73.408
2026-08-19,81.97,83.57,81.1,82.94,1202000.0,82.488,81.216,78.703,55.583,1.41,1.637,-0.227,81.216,88.515,73.917
2026-08-20,81.58,84.43,81.07,83.0,1263600.0,82.356,81.695,78.863,55.726,1.356,1.581,-0.225,81.695,88.034,75.356
2026-08-21,83.7,84.81,83.44,83.88,1092300.0,82.376,82.11,79.071,57.873,1.368,1.538,-0.171,82.11,87.819,76.401
2026-08-24,84.46,85.57,83.9,85.41,1568900.0,83.17,82.578,79.244,61.38,1.484,1.527,-0.044,82.578,87.697,77.46
2026-08-25,85.48,86.94,84.74,86.75,1565900.0,84.396,82.972,79.429,64.191,1.664,1.555,0.11,82.972,88.104,77.84
2026-08-26,87.02,88.14,86.53,86.71,1362100.0,85.15,83.345,79.612,64.041,1.784,1.601,0.183,83.345,88.422,78.268
2026-08-27,85.76,86.86,85.48,86.44,1507300.0,85.838,83.712,79.799,62.973,1.836,1.648,0.188,83.712,88.554,78.869
2026-08-28,87.39,88.22,86.67,87.54,1162300.0,86.57,84.146,80.044,65.499,1.943,1.707,0.236,84.146,88.703,79.589
2026-08-31,87.05,87.65,85.73,85.92,1808100.0,86.672,84.432,80.235,59.103,1.876,1.741,0.135,84.432,88.652,80.212
2026-09-01,85.61,86.44,84.72,85.38,1494100.0,86.398,84.676,80.431,57.102,1.759,1.744,0.015,84.676,88.484,80.867
2026-09-02,85.96,87.51,85.65,86.53,1288800.0,86.362,84.619,80.674,60.194,1.739,1.743,-0.004,84.619,88.272,80.966
2026-09-03,87.29,87.33,85.49,86.05,1507000.0,86.284,84.714,80.886,58.305,1.665,1.727,-0.063,84.714,88.414,81.014
2026-09-04,85.06,86.22,85.06,85.94,1476500.0,85.964,84.736,81.11,57.857,1.579,1.698,-0.119,84.736,88.461,81.012
2026-09-08,85.19,86.13,84.98,85.22,1678500.0,85.824,84.763,81.295,54.884,1.437,1.646,-0.209,84.763,88.494,81.032
2026-09-09,84.69,84.92,83.73,83.91,1612500.0,85.53,84.728,81.45,49.864,1.204,1.557,-0.353,84.728,88.479,80.978
2026-09-10,83.11,84.02,82.21,83.65,1855700.0,84.954,84.738,81.546,48.907,0.988,1.443,-0.456,84.738,88.475,81.002
2026-09-11,84.54,84.54,83.17,83.22,1376000.0,84.388,84.716,81.595,47.292,0.772,1.309,-0.537,84.716,88.485,80.948
2026-09-14,83.58,84.08,82.61,83.04,1584400.0,83.808,84.68,81.587,46.598,0.58,1.163,-0.583,84.68,88.501,80.858
2026-09-15,82.61,84.29,82.52,83.84,1580800.0,83.532,84.8,81.616,50.102,0.487,1.028,-0.541,84.8,88.333,81.266
2026-09-16,84.26,84.78,83.3,84.0,1635800.0,83.55,84.968,81.668,50.797,0.422,0.907,-0.485,84.968,87.938,81.999
2026-09-17,84.9,85.21,84.21,84.51,1443900.0,83.722,85.047,81.786,53.043,0.406,0.807,-0.401,85.047,87.87,82.224
2026-09-18,84.05,84.05,82.7,82.96,3725100.0,83.67,85.045,81.882,46.148,0.265,0.698,-0.433,85.045,87.874,82.216
2026-09-21,84.05,84.28,83.35,83.6,1606200.0,83.782,85.031,82.011,49.091,0.203,0.599,-0.396,85.031,87.887,82.175
2026-09-23,85.17,85.98,84.91,85.71,1413900.0,84.156,85.046,82.23,57.363,0.321,0.544,-0.223,85.046,87.914,82.178
