Date,Open,High,Low,Close,Volume
2021-09-24,196.13,198.88,195.24,197.64,1096900.0
2021-09-27,195.39,198.98,194.04,197.66,1069800.0
2021-09-28,193.98,195.21,187.86,188.08,2201900.0
2021-09-29,185.09,185.89,180.49,181.3,1976600.0
2021-09-30,182.96,183.8,178.52,178.67,2343100.0
2021-10-01,179.09,179.96,174.23,175.95,3381500.0
2021-10-04,176.7,176.91,171.41,172.36,2551700.0
2021-10-05,173.94,176.59,172.11,174.8,2246300.0
2021-10-06,172.1,175.09,171.87,174.14,1847300.0
2021-10-07,176.52,180.04,176.52,176.83,1514500.0
2021-10-08,177.43,177.58,173.31,173.6,1394200.0
2021-10-11,172.71,174.37,169.43,169.61,2144000.0
2021-10-12,170.72,171.26,166.33,167.1,3021000.0
2021-10-13,168.23,169.87,166.39,167.02,2765500.0
2021-10-14,170.58,173.26,170.36,172.49,2682300.0
2021-10-15,173.67,174.89,172.49,173.14,1772500.0
2021-10-18,171.68,175.43,170.72,175.38,2028200.0
2021-10-19,175.9,179.82,174.7,179.66,2100400.0
2021-10-20,179.3,182.25,177.68,180.18,2100400.0
2021-10-21,179.06,183.82,178.79,183.58,1688600.0
2021-10-22,183.88,185.57,182.33,182.37,1829500.0
2021-10-25,183.04,184.38,182.24,182.7,1390500.0
2021-10-26,183.42,183.5,176.75,178.93,2706600.0
2021-10-27,176.71,178.04,174.08,175.51,2882400.0
2021-10-28,177.27,182.56,177.09,182.35,1930900.0
2021-10-29,180.38,184.09,179.9,183.22,1604600.0
2021-11-01,184.83,188.44,184.27,187.12,3419000.0
2021-11-02,187.47,190.16,185.34,188.42,2991100.0
2021-11-03,189.27,198.06,188.57,196.83,3378900.0
2021-11-04,197.02,200.16,196.12,200.01,2326300.0
2021-11-05,200.68,205.05,200.64,204.56,2835800.0
2021-11-08,204.02,207.52,201.83,203.49,3829600.0
2021-11-09,203.64,203.76,199.17,201.64,1625200.0
2021-11-10,199.28,200.85,194.09,195.41,2262000.0
2021-11-11,203.65,203.73,195.34,199.86,4639700.0
2021-11-12,200.3,201.17,195.58,198.69,2829000.0
2021-11-15,201.59,201.59,196.29,196.74,2003200.0
2021-11-16,196.3,200.65,195.57,200.01,1497200.0
2021-11-17,200.01,200.01,196.73,198.68,1376500.0
2021-11-18,199.55,201.29,197.36,201.21,2494200.0
2021-11-19,201.21,202.33,200.35,201.83,2124200.0
2021-11-22,202.79,205.84,200.17,202.39,2846000.0
2021-11-23,201.97,204.41,196.64,199.88,2070000.0
2021-11-24,197.58,201.79,195.5,201.62,1630900.0
2021-11-26,194.41,198.46,191.79,193.79,1776500.0
2021-11-29,197.72,204.57,196.21,204.28,2412900.0
2021-11-30,203.14,207.81,199.13,203.75,5141600.0
2021-12-01,207.38,214.07,203.15,203.42,3222500.0
2021-12-02,200.93,206.06,199.02,203.17,1934800.0
2021-12-03,205.24,208.4,202.1,207.18,2743800.0
2021-12-06,207.8,208.26,198.34,204.59,2223600.0
2021-12-07,208.88,218.84,207.98,217.92,2934400.0
2021-12-08,208.9,209.62,201.68,208.06,3880100.0
2021-12-09,205.56,208.49,205.01,205.39,1990800.0
2021-12-10,208.49,208.78,203.45,206.57,1751500.0
2021-12-13,208.33,208.33,200.74,202.31,1966600.0
2021-12-14,200.2,202.68,198.22,201.18,1687300.0
2021-12-15,202.42,209.99,200.08,209.77,2565700.0
2021-12-16,209.28,209.71,199.04,199.32,3223800.0
2021-12-17,197.75,203.51,196.12,200.01,4657400.0
2021-12-20,197.07,200.91,196.26,199.04,1336100.0
2021-12-21,202.61,205.49,200.32,205.19,1603700.0
2021-12-22,203.98,207.48,202.76,207.37,1057900.0
2021-12-23,207.37,209.6,206.92,207.91,920300.0
2021-12-27,209.1,212.94,208.14,212.88,1235800.0
2021-12-28,213.82,214.38,209.04,211.27,1362100.0
2021-12-29,210.69,213.42,210.25,210.81,1117000.0
2021-12-30,210.82,212.71,208.78,209.06,886400.0
2021-12-31,209.56,211.71,207.91,208.31,1022900.0
2022-01-03,208.86,213.42,208.57,211.45,1519300.0
2022-01-04,212.54,214.82,206.19,212.96,1965000.0
2022-01-05,211.94,214.25,205.09,205.37,1963500.0
2022-01-06,206.22,209.2,204.95,207.56,1957800.0
2022-01-07,208.51,210.33,201.08,202.41,1760200.0
2022-01-10,201.24,203.15,196.35,202.87,1926500.0
2022-01-11,203.63,208.28,201.89,208.09,1755300.0
2022-01-12,209.48,211.62,206.55,209.44,1263000.0
2022-01-13,212.16,212.5,201.74,202.89,2911000.0
2022-01-14,200.01,206.12,199.43,206.03,1722900.0
2022-01-18,201.19,202.26,198.21,198.83,2348200.0
2022-01-19,199.31,201.6,192.76,192.92,1888300.0
2022-01-20,190.22,193.67,182.36,182.55,2885000.0
2022-01-21,180.46,189.97,179.98,182.86,3812000.0
2022-01-24,179.09,186.08,171.99,185.71,3738900.0
2022-01-25,180.34,182.79,176.86,178.12,3855600.0
2022-01-26,183.31,187.7,176.99,180.12,3470600.0
2022-01-27,183.7,183.83,170.46,171.89,3786000.0
2022-01-28,170.54,173.33,164.72,173.25,4949100.0
2022-01-31,174.11,188.3,173.76,187.88,5679900.0
2022-02-01,191.12,192.95,182.91,190.4,4066200.0
2022-02-02,191.71,193.72,188.1,192.37,2863900.0
2022-02-03,189.05,190.95,180.89,181.38,4263600.0
2022-02-04,180.13,183.0,174.48,181.18,3205400.0
2022-02-07,181.44,184.65,179.3,180.09,2169500.0
2022-02-08,180.42,185.94,179.33,185.22,2306000.0
2022-02-09,187.92,192.05,183.36,191.83,3113000.0
2022-02-10,186.89,191.7,181.19,182.03,2466800.0
2022-02-11,182.91,183.79,169.35,170.78,3738600.0
2022-02-14,171.78,175.28,168.24,169.99,2039900.0
2022-02-15,174.21,180.07,173.03,179.81,2809900.0
2022-02-16,178.74,183.49,176.5,182.59,1969400.0
2022-02-17,179.61,180.57,171.37,171.57,2762900.0
2022-02-18,172.63,173.88,169.36,171.1,2691700.0
2022-02-22,169.35,175.23,168.19,171.23,2361700.0
2022-02-23,174.2,177.96,169.21,169.32,2612200.0
2022-02-24,163.81,175.34,163.07,175.06,3208600.0
2022-02-25,174.2,177.71,169.71,177.6,2058600.0
2022-02-28,175.06,176.25,170.77,173.87,2741100.0
2022-03-01,173.4,173.75,163.91,165.69,2997800.0
2022-03-02,167.37,174.19,167.02,172.25,3191800.0
2022-03-03,173.23,173.68,168.32,168.91,2591600.0
2022-03-04,166.88,167.57,159.27,161.37,3190700.0
2022-03-07,162.59,163.79,155.05,155.21,2992500.0
2022-03-08,156.03,169.59,154.31,161.78,4006600.0
2022-03-09,167.36,170.35,166.62,167.68,3108900.0
2022-03-10,163.92,165.82,160.79,165.07,1899200.0
2022-03-11,168.25,169.43,162.93,163.29,2176900.0
2022-03-14,163.91,165.06,156.41,157.78,2515800.0
2022-03-15,158.83,164.5,158.7,163.96,2183000.0
2022-03-16,166.65,173.13,163.72,173.04,2846100.0
2022-03-17,171.85,174.88,170.12,174.37,1488800.0
2022-03-18,172.29,177.2,169.69,176.81,3131900.0
2022-03-21,175.38,177.55,171.39,175.05,1895300.0
2022-03-22,174.54,176.6,172.29,172.52,2796900.0
2022-03-23,170.03,173.24,168.56,168.69,1865300.0
2022-03-24,172.93,175.85,169.3,175.58,2320500.0
2022-03-25,176.03,176.27,171.27,175.01,1768600.0
2022-03-28,173.09,174.68,169.06,174.05,2490400.0
2022-03-29,177.69,180.42,175.24,178.94,2083000.0
2022-03-30,177.12,178.62,171.12,172.13,1922300.0
2022-03-31,173.16,173.92,169.77,170.06,2627100.0
2022-04-01,171.94,171.94,164.61,167.25,2417300.0
2022-04-04,166.97,169.76,166.02,167.79,1844100.0
2022-04-05,165.76,166.48,158.76,160.86,4234900.0
2022-04-06,156.99,162.87,156.0,159.9,3754800.0
2022-04-07,158.51,161.31,155.69,158.89,2016200.0
2022-04-08,156.68,156.87,151.85,153.91,5746400.0
2022-04-11,152.01,154.52,151.38,152.09,3346900.0
2022-04-12,156.05,156.64,151.68,152.74,3138900.0
2022-04-13,153.92,157.46,152.19,157.15,2922800.0
2022-04-14,157.36,158.51,155.09,156.21,2698300.0
2022-04-18,155.93,162.39,155.42,159.19,2138300.0
2022-04-19,156.42,164.73,156.42,164.15,2979200.0
2022-04-20,166.01,170.25,163.9,164.28,2685000.0
2022-04-21,166.55,168.35,160.21,160.66,2346200.0
2022-04-22,160.58,161.1,156.22,156.89,2165400.0
2022-04-25,156.17,159.42,155.3,158.82,2781900.0
2022-04-26,156.19,157.09,153.78,154.14,3369800.0
2022-04-27,153.13,158.42,152.23,156.9,3342000.0
2022-04-28,158.1,164.87,156.49,162.87,3097200.0
2022-04-29,160.31,163.66,156.79,157.03,2892900.0
2022-05-02,158.28,163.21,156.44,162.64,2776200.0
2022-05-03,159.66,164.8,158.03,163.62,3271600.0
2022-05-04,166.0,170.93,159.51,170.83,3180600.0
2022-05-05,165.98,167.62,161.52,163.9,3974000.0
2022-05-06,162.64,167.48,159.63,163.17,2457400.0
2022-05-09,160.74,162.44,157.91,158.87,3700100.0
2022-05-10,163.58,167.04,158.61,163.96,3438500.0
2022-05-11,161.65,164.12,156.71,157.01,3659800.0
2022-05-12,156.12,160.87,155.01,159.57,2557000.0
2022-05-13,162.55,168.24,161.36,167.22,2877900.0
2022-05-16,165.44,166.45,162.17,162.63,1950000.0
2022-05-17,167.27,170.79,166.43,170.58,2909600.0
2022-05-18,167.76,170.27,160.29,161.16,2654300.0
2022-05-19,160.86,165.39,159.42,161.53,1672800.0
2022-05-20,164.25,165.9,159.63,165.5,2744200.0
2022-05-23,165.8,167.29,162.4,166.03,1891700.0
2022-05-24,163.66,165.81,161.37,164.59,2200400.0
2022-05-25,162.53,170.53,162.3,169.65,2294100.0
2022-05-26,169.92,177.75,168.98,177.0,2883400.0
2022-05-27,178.32,182.19,178.32,180.03,3266400.0
2022-05-31,179.16,179.64,173.03,174.36,5124600.0
2022-06-01,175.58,175.68,167.16,169.59,2552800.0
2022-06-02,169.78,172.72,168.47,172.69,2443200.0
2022-06-03,169.84,170.12,166.55,167.57,2311000.0
2022-06-06,169.06,169.58,162.76,165.4,3169000.0
2022-06-07,163.84,167.67,161.81,167.08,2372700.0
2022-06-08,166.75,166.86,161.31,162.7,2409900.0
2022-06-09,162.21,178.91,162.07,169.27,10137500.0
2022-06-10,165.15,168.12,163.62,164.08,3610100.0
2022-06-13,159.44,162.56,154.16,154.85,3899400.0
2022-06-14,155.75,158.02,153.5,155.41,1892300.0
2022-06-15,157.65,158.99,152.47,156.01,2355600.0
2022-06-16,151.6,152.14,144.16,146.21,3994000.0
2022-06-17,147.18,148.4,144.57,145.75,4907300.0
2022-06-21,149.7,150.12,146.21,146.92,2655400.0
2022-06-22,144.11,147.49,143.81,144.94,2603900.0
2022-06-23,145.79,145.86,139.74,141.76,3186100.0
2022-06-24,144.05,148.27,143.58,147.13,14800200.0
2022-06-27,149.01,149.01,145.59,146.71,2502600.0
2022-06-28,148.04,151.84,142.04,142.42,3227300.0
2022-06-29,141.18,141.99,135.73,138.54,3124800.0
2022-06-30,136.0,138.17,134.19,136.7,4467500.0
2022-07-01,135.45,138.09,132.37,134.91,2531200.0
2022-07-05,131.07,134.83,129.59,134.75,3164600.0
2022-07-06,134.67,136.56,132.71,134.6,2264300.0
2022-07-07,137.64,141.2,136.65,140.39,2362000.0
2022-07-08,139.26,143.03,138.57,142.48,1721900.0
2022-07-11,140.54,142.72,139.34,140.33,2091500.0
2022-07-12,141.16,142.96,139.53,140.59,1864700.0
2022-07-13,138.17,143.91,137.83,143.15,2439700.0
2022-07-14,142.91,147.96,141.29,147.59,2337100.0
2022-07-15,148.87,152.46,147.84,151.43,2681700.0
2022-07-18,153.23,153.23,148.5,149.53,1985700.0
2022-07-19,151.56,157.74,151.56,157.39,2174500.0
2022-07-20,156.48,163.9,155.4,162.98,2410400.0
2022-07-21,164.29,166.36,161.62,166.18,2215800.0
2022-07-22,166.23,166.23,159.49,161.74,2413900.0
2022-07-25,161.42,161.93,158.72,160.81,3663100.0
2022-07-26,163.88,164.27,160.7,161.11,3852600.0
2022-07-27,164.0,168.67,163.85,167.54,3222900.0
2022-07-28,168.38,169.76,164.48,169.11,2275200.0
2022-07-29,168.87,171.09,167.29,169.81,2527600.0
2022-08-01,168.83,172.41,168.16,170.38,1928500.0
2022-08-02,169.68,169.74,165.92,166.66,2645500.0
2022-08-03,167.38,171.93,167.06,171.35,2187800.0
2022-08-04,170.69,171.03,168.53,170.16,1627700.0
2022-08-05,167.41,168.96,164.04,167.76,2240900.0
2022-08-08,166.79,168.69,163.73,166.19,1660200.0
2022-08-09,162.93,163.82,156.38,157.95,3130500.0
2022-08-10,161.99,166.47,159.25,166.2,2726200.0
2022-08-11,167.46,170.56,165.99,166.58,1488600.0
2022-08-12,167.89,173.22,167.45,173.13,2086000.0
2022-08-15,171.77,174.66,170.3,173.22,1284500.0
2022-08-16,172.48,173.21,170.62,171.63,1297500.0
2022-08-17,169.13,169.13,163.82,166.43,1681000.0
2022-08-18,166.81,170.83,166.13,168.78,1610100.0
2022-08-19,167.1,169.16,165.56,166.53,1620000.0
2022-08-22,163.52,164.55,158.93,159.32,2155000.0
2022-08-23,158.98,163.28,158.98,160.63,1043700.0
2022-08-24,160.93,160.93,157.33,159.77,1237800.0
2022-08-25,160.09,165.49,160.07,165.32,1542800.0
2022-08-26,164.42,164.99,154.98,155.26,2380500.0
2022-08-29,153.91,155.68,152.84,153.19,1242100.0
2022-08-30,154.75,155.77,150.85,153.04,1967200.0
2022-08-31,153.36,154.33,150.74,151.99,2205500.0
2022-09-01,149.47,152.04,146.75,151.82,2188600.0
2022-09-02,154.09,155.34,149.0,149.97,1696500.0
2022-09-06,149.48,150.68,146.84,148.45,2031900.0
2022-09-07,148.23,152.68,148.09,150.82,1689300.0
2022-09-08,149.58,154.12,148.4,152.79,1498600.0
2022-09-09,153.83,155.95,152.98,155.28,2098000.0
2022-09-12,156.58,156.9,154.22,156.13,1280200.0
2022-09-13,149.65,150.9,143.14,143.57,3863200.0
2022-09-14,143.57,148.96,143.13,148.05,2807100.0
2022-09-15,147.69,150.41,145.62,148.27,2340300.0
2022-09-16,147.23,149.2,145.64,148.51,2506500.0
2022-09-19,146.96,151.7,146.53,151.44,1582200.0
2022-09-20,148.89,150.93,148.11,149.4,1358000.0
2022-09-21,150.28,154.8,147.76,147.79,1528500.0
2022-09-22,147.56,148.47,143.14,144.04,2090000.0
2022-09-23,141.82,142.41,137.81,142.01,2680300.0
2022-09-26,142.11,143.89,140.43,141.09,2167900.0
2022-09-27,143.37,145.32,139.98,142.54,1741500.0
2022-09-28,142.02,145.87,141.39,145.26,2103800.0
2022-09-29,142.96,143.96,136.45,140.22,2841100.0
2022-09-30,139.05,141.87,136.89,136.97,2112800.0
2022-10-03,138.83,142.9,137.24,141.1,2415500.0
2022-10-04,145.3,148.53,144.38,148.46,2392200.0
2022-10-05,145.62,150.75,144.04,149.72,1904500.0
2022-10-06,149.74,152.08,147.52,147.63,1559800.0
2022-10-07,143.8,143.8,139.61,140.91,2752800.0
2022-10-10,140.9,141.1,135.64,136.96,1812000.0
2022-10-11,134.64,135.36,131.44,133.48,3004200.0
2022-10-12,132.36,133.51,130.12,130.25,2066900.0
2022-10-13,124.6,134.86,122.64,132.94,3307200.0
2022-10-14,134.54,135.14,127.28,128.22,2893000.0
2022-10-17,131.68,132.94,129.53,131.17,1972100.0
2022-10-18,133.19,136.01,127.89,130.88,2218500.0
2022-10-19,130.34,133.69,129.84,131.22,2160400.0
2022-10-20,131.93,133.47,128.67,129.1,2895700.0
2022-10-21,128.8,135.19,127.68,134.87,2496400.0
2022-10-24,133.72,135.35,130.41,134.58,1921700.0
2022-10-25,135.05,138.16,134.46,138.11,2831900.0
2022-10-26,136.21,141.73,133.84,136.75,2023300.0
2022-10-27,138.66,141.01,134.51,134.75,2197900.0
2022-10-28,135.53,141.31,134.64,140.82,2552000.0
2022-10-31,139.07,139.82,135.14,135.64,3307200.0
2022-11-01,139.73,142.86,137.24,141.0,4306600.0
2022-11-02,141.09,147.17,137.8,137.99,2976800.0
2022-11-03,135.93,135.93,132.56,134.5,2373300.0
2022-11-04,139.19,140.99,136.43,140.26,2385700.0
2022-11-07,141.79,146.91,140.5,146.62,2451100.0
2022-11-08,149.87,153.3,148.35,151.45,2659200.0
2022-11-09,148.51,149.52,143.58,143.66,2780100.0
2022-11-10,152.26,153.96,150.12,153.64,4487700.0
2022-11-11,154.62,158.78,151.85,157.8,2515200.0
2022-11-14,156.03,160.32,156.03,156.93,1823400.0
2022-11-15,162.7,164.03,159.61,162.32,2335600.0
2022-11-16,159.28,160.51,153.65,154.95,2204400.0
2022-11-17,150.94,158.22,150.94,157.93,1460500.0
2022-11-18,160.47,160.48,157.13,159.65,1533700.0
2022-11-21,158.26,159.04,156.11,156.78,1271200.0
2022-11-22,157.62,161.04,155.99,161.02,1695500.0
2022-11-23,161.65,166.24,160.9,162.68,1586500.0
2022-11-25,162.47,162.98,160.35,160.35,735400.0
2022-11-28,156.97,158.65,151.7,152.37,2758000.0
2022-11-29,152.91,154.38,151.16,152.92,1347300.0
2022-11-30,153.27,164.03,150.99,163.27,3654000.0
2022-12-01,164.86,165.34,160.76,161.05,2083000.0
2022-12-02,157.08,158.97,155.36,158.84,1620000.0
2022-12-05,157.67,158.13,154.64,156.34,1208100.0
2022-12-06,154.75,155.87,149.62,151.43,1904000.0
2022-12-07,149.91,152.57,148.57,152.23,1427200.0
2022-12-08,152.88,159.59,151.84,159.22,2520300.0
2022-12-09,157.58,160.52,156.37,157.59,1962000.0
2022-12-12,157.75,160.9,157.02,160.7,2048400.0
2022-12-13,167.67,167.67,159.05,161.85,3081300.0
2022-12-14,161.63,163.62,157.69,160.08,1968700.0
2022-12-15,157.0,158.29,153.57,154.1,2570300.0
2022-12-16,153.35,154.36,150.84,152.76,3696400.0
2022-12-19,153.29,153.33,147.92,149.54,1418200.0
2022-12-20,147.41,150.43,146.55,148.83,1101400.0
2022-12-21,150.1,152.87,149.3,152.49,1737500.0
2022-12-22,149.16,150.23,143.65,146.97,2759100.0
2022-12-23,145.75,147.26,143.88,147.12,1212300.0
2022-12-27,145.14,145.15,142.98,143.49,1374900.0
2022-12-28,142.66,144.48,140.8,141.54,1433300.0
2022-12-29,144.47,149.01,143.22,147.54,2016600.0
2022-12-30,145.12,147.59,143.76,147.45,1021000.0
2023-01-03,149.08,149.71,142.86,144.67,1900300.0
2023-01-04,147.68,149.63,145.65,147.39,1678400.0
2023-01-05,145.65,146.73,142.85,143.23,1692400.0
2023-01-06,145.42,149.45,143.59,148.94,2063200.0
2023-01-09,151.43,153.44,149.33,150.19,1834400.0
2023-01-10,152.6,155.12,151.14,154.95,2219700.0
2023-01-11,155.5,157.57,154.17,157.43,2019200.0
2023-01-12,158.7,160.36,156.18,158.82,1705000.0
2023-01-13,157.33,160.44,156.96,160.32,2006400.0
2023-01-17,159.28,159.35,156.56,158.93,1991000.0
2023-01-18,160.88,163.57,159.12,159.25,1565800.0
2023-01-19,157.5,157.93,153.82,153.95,2163200.0
2023-01-20,155.4,157.39,153.26,157.22,2322300.0
2023-01-23,157.9,163.98,157.23,161.45,3386200.0
2023-01-24,159.51,162.59,158.14,161.58,1627000.0
2023-01-25,159.4,162.71,157.67,162.45,1328500.0
2023-01-26,164.8,168.14,163.03,167.97,2996400.0
2023-01-27,165.61,170.69,165.24,169.39,2078900.0
2023-01-30,167.33,170.51,166.87,167.47,3948800.0
2023-01-31,170.18,172.76,166.08,171.97,4265200.0
2023-02-01,171.75,183.16,171.51,180.96,4468400.0
2023-02-02,182.38,184.47,179.92,183.03,2815900.0
2023-02-03,179.32,182.37,177.99,178.17,2654700.0
2023-02-06,175.33,177.56,173.63,174.83,2059900.0
2023-02-07,175.64,181.53,175.41,180.3,2270100.0
2023-02-08,178.36,179.29,174.78,175.37,1935600.0
2023-02-09,178.39,181.07,176.37,177.14,2010600.0
2023-02-10,175.31,175.58,172.79,173.99,1459700.0
2023-02-13,174.46,176.58,173.04,175.77,1677700.0
2023-02-14,174.3,177.7,173.04,177.09,1864700.0
2023-02-15,175.57,180.59,175.57,180.35,1482400.0
2023-02-16,177.65,180.84,177.65,178.43,2173300.0
2023-02-17,177.94,178.89,174.12,175.84,2206500.0
2023-02-21,173.06,174.66,168.97,169.27,2073800.0
2023-02-22,168.79,169.81,164.9,165.8,2205800.0
2023-02-23,169.14,169.65,165.25,168.87,2013400.0
2023-02-24,165.86,166.14,163.63,165.02,1791500.0
2023-02-27,168.15,168.49,165.55,165.84,1165800.0
2023-02-28,165.67,168.62,164.73,166.53,1227700.0
2023-03-01,167.27,168.54,165.66,166.9,900300.0
2023-03-02,164.39,169.1,162.51,168.54,1171500.0
2023-03-03,169.24,170.92,166.82,170.71,1285900.0
2023-03-06,171.69,172.31,166.9,167.89,1088700.0
2023-03-07,168.33,168.71,164.37,165.52,1330900.0
2023-03-08,166.44,170.42,166.44,170.29,2072400.0
2023-03-09,170.67,172.9,166.71,167.79,1961500.0
2023-03-10,169.74,169.79,162.83,163.33,2263000.0
2023-03-13,161.44,165.92,159.91,163.22,2225200.0
2023-03-14,166.38,168.24,164.79,167.82,2104700.0
2023-03-15,165.49,166.27,161.0,163.86,2497500.0
2023-03-16,162.46,169.08,161.57,168.45,1886800.0
2023-03-17,168.5,169.12,165.36,166.39,2933400.0
2023-03-20,166.64,170.0,165.71,169.45,1127800.0
2023-03-21,171.03,172.51,167.05,169.36,1531800.0
2023-03-22,169.06,171.99,165.63,165.76,1858200.0
2023-03-23,167.65,173.15,167.14,170.84,2225300.0
2023-03-24,170.29,170.62,163.96,165.69,2280600.0
2023-03-27,166.04,167.89,162.8,163.49,2162800.0
2023-03-28,163.23,163.23,159.46,162.56,2318000.0
2023-03-29,166.02,168.66,163.87,167.99,2398600.0
2023-03-30,170.24,172.82,169.48,170.45,2075900.0
2023-03-31,169.6,175.33,169.27,175.01,2081200.0
2023-04-03,174.12,174.56,169.25,170.79,1623900.0
2023-04-04,171.28,171.29,164.91,165.29,1644200.0
2023-04-05,163.68,164.23,160.79,162.38,2191000.0
2023-04-06,161.52,162.14,159.53,159.64,1930700.0
2023-04-10,158.44,161.91,157.71,161.81,1746500.0
2023-04-11,163.69,164.24,161.09,161.31,1589000.0
2023-04-12,162.65,163.61,159.34,159.75,1726800.0
2023-04-13,159.89,162.46,159.08,161.35,1648300.0
2023-04-14,161.55,164.02,160.01,161.75,1492400.0
2023-04-17,160.34,163.98,160.34,163.78,1218400.0
2023-04-18,165.57,166.56,163.81,164.97,1369300.0
2023-04-19,162.85,163.84,161.84,162.16,1196100.0
2023-04-20,156.21,161.81,153.2,159.19,2490700.0
2023-04-21,158.61,159.67,155.36,159.38,1827400.0
2023-04-24,159.38,160.24,158.1,159.44,1066300.0
2023-04-25,158.4,158.4,152.33,154.38,2611500.0
2023-04-26,154.89,156.77,153.41,155.18,1924500.0
2023-04-27,150.16,151.91,145.76,151.28,4130700.0
2023-04-28,151.1,153.74,149.72,153.67,2969600.0
2023-05-01,154.13,156.21,153.66,155.8,4321900.0
2023-05-02,162.68,166.0,158.38,160.96,5403200.0
2023-05-03,161.66,161.91,156.67,157.25,2363400.0
2023-05-04,156.71,157.06,152.74,153.72,2363600.0
2023-05-05,154.61,157.14,152.32,156.56,2405200.0
2023-05-08,156.66,158.0,155.29,157.71,1306500.0
2023-05-09,155.23,155.63,153.23,154.94,1963000.0
2023-05-10,157.25,157.86,154.6,155.04,1490300.0
2023-05-11,153.82,155.94,151.31,153.3,1471000.0
2023-05-12,154.22,155.09,152.39,154.43,1020600.0
2023-05-15,154.43,157.83,153.95,157.6,1448200.0
2023-05-16,156.93,158.27,155.58,155.69,1279000.0
2023-05-17,157.48,161.17,157.14,160.72,2081100.0
2023-05-18,162.25,165.05,161.55,164.84,2910600.0
2023-05-19,165.84,166.11,163.41,164.2,1988000.0
2023-05-22,163.49,167.12,162.87,166.46,1485400.0
2023-05-23,165.48,166.46,163.52,164.29,1832900.0
2023-05-24,160.77,161.11,155.22,156.28,3235200.0
2023-05-25,154.86,161.31,153.22,160.8,2833300.0
2023-05-26,163.26,171.35,162.7,170.04,3605700.0
2023-05-30,173.62,175.1,169.34,170.87,2217300.0
2023-05-31,169.58,170.87,166.95,168.08,5289800.0
2023-06-01,169.1,171.71,165.98,169.87,2388900.0
2023-06-02,171.97,172.67,167.68,170.43,1547500.0
2023-06-05,170.65,170.8,164.53,165.7,1894500.0
2023-06-06,164.67,170.68,163.92,170.11,1688100.0
2023-06-07,171.28,178.24,170.98,174.98,2225600.0
2023-06-08,175.72,177.21,174.78,175.93,1622000.0
2023-06-09,177.47,178.48,172.94,173.62,2013000.0
2023-06-12,175.5,178.05,173.73,177.7,2831400.0
2023-06-13,179.46,186.64,179.28,185.35,3564400.0
2023-06-14,184.88,188.29,183.14,184.64,3289500.0
2023-06-15,182.03,185.94,181.57,184.7,2454600.0
2023-06-16,187.01,187.94,184.45,186.68,4520100.0
2023-06-20,184.28,186.74,182.36,184.37,2022100.0
2023-06-21,183.28,184.77,181.86,182.37,2077200.0
2023-06-22,180.6,184.54,179.76,183.66,1473300.0
2023-06-23,179.75,181.1,177.86,178.04,1886400.0
2023-06-26,179.27,184.24,178.83,181.35,1438500.0
2023-06-27,181.16,189.18,179.99,189.01,2192500.0
2023-06-28,185.79,188.54,185.31,186.41,1511500.0
2023-06-29,186.39,189.17,184.12,188.48,1613300.0
2023-06-30,191.45,194.35,189.61,193.13,2521500.0
2023-07-03,193.94,196.85,192.11,195.44,1089200.0
2023-07-05,193.43,195.02,191.16,192.17,2368400.0
2023-07-06,189.16,193.09,188.74,192.83,2721300.0
2023-07-07,192.04,195.94,192.04,192.54,1847800.0
2023-07-10,194.51,199.16,194.24,198.54,3146400.0
2023-07-11,198.9,199.55,196.14,199.04,1588300.0
2023-07-12,202.16,202.67,198.71,199.9,2568100.0
2023-07-13,200.52,204.59,200.4,204.3,2061300.0
2023-07-14,203.52,204.45,199.43,200.54,1971000.0
2023-07-17,200.54,208.76,200.0,207.22,2474900.0
2023-07-18,206.51,211.73,206.05,211.03,2130700.0
2023-07-19,210.48,211.66,207.76,207.85,2207400.0
2023-07-20,204.54,206.27,198.52,199.99,3362000.0
2023-07-21,202.06,204.12,201.13,201.26,5324200.0
2023-07-24,200.95,202.45,198.26,198.98,4983500.0
2023-07-25,206.64,209.62,204.26,207.48,3839200.0
2023-07-26,205.68,208.12,203.52,206.15,2204200.0
2023-07-27,210.63,212.84,206.75,209.27,3403400.0
2023-07-28,212.59,212.71,208.18,210.7,1994200.0
2023-07-31,210.79,212.49,209.52,210.39,1494900.0
2023-08-01,208.91,211.66,208.52,210.86,1308700.0
2023-08-02,207.66,207.91,203.75,204.18,3372000.0
2023-08-03,201.0,205.45,199.83,203.76,2484300.0
2023-08-04,198.51,203.47,197.6,201.64,2888600.0
2023-08-07,203.81,206.56,201.93,206.38,1524200.0
2023-08-08,202.86,205.22,201.22,204.65,1862400.0
2023-08-09,205.11,206.34,202.04,202.27,2069400.0
2023-08-10,205.41,206.27,199.06,200.01,1750600.0
2023-08-11,197.41,197.41,191.46,192.67,2703800.0
2023-08-14,191.64,195.65,191.13,195.55,1757300.0
2023-08-15,193.49,193.88,189.51,190.35,1944000.0
2023-08-16,190.99,191.5,184.74,185.63,2400400.0
2023-08-17,186.64,187.06,182.68,183.55,1970200.0
2023-08-18,181.68,186.62,181.54,185.47,1989300.0
2023-08-21,185.47,191.12,185.47,190.24,1946300.0
2023-08-22,192.25,192.76,187.35,188.39,1428500.0
2023-08-23,182.58,190.86,182.58,189.75,2256800.0
2023-08-24,191.8,191.81,182.32,182.88,2888100.0
2023-08-25,183.81,185.78,182.19,185.12,2358800.0
2023-08-28,186.36,189.47,186.36,187.98,1456600.0
2023-08-29,186.12,194.33,186.12,193.58,1683400.0
2023-08-30,193.38,194.65,190.95,194.26,1962200.0
2023-08-31,193.68,196.07,191.91,194.11,3461000.0
2023-09-01,195.71,198.3,193.73,198.11,1583400.0
2023-09-05,197.08,198.68,195.63,195.85,1443500.0
2023-09-06,195.45,198.09,193.88,196.06,1582900.0
2023-09-07,192.29,193.68,190.7,192.49,1847200.0
2023-09-08,192.49,193.9,190.51,191.59,1220100.0
2023-09-11,193.3,193.52,189.41,192.01,1101800.0
2023-09-12,190.44,193.65,189.01,189.18,1301700.0
2023-09-13,188.85,193.7,188.85,190.03,1897600.0
2023-09-14,192.06,192.9,188.63,192.21,1293900.0
2023-09-15,191.39,191.92,186.18,187.17,4381800.0
2023-09-18,186.68,189.46,186.36,188.98,1483800.0
2023-09-19,188.43,189.26,186.21,188.84,1307800.0
2023-09-20,190.03,191.03,184.67,184.88,1131700.0
2023-09-21,183.53,186.06,183.06,183.97,1711800.0
2023-09-22,185.43,188.67,184.45,186.61,1523200.0
2023-09-25,185.45,188.01,184.63,187.87,1045400.0
2023-09-26,186.81,187.31,184.02,184.9,1538600.0
2023-09-27,186.84,188.01,184.09,186.53,1156400.0
2023-09-28,186.9,192.26,185.98,190.16,1198200.0
2023-09-29,192.28,192.88,188.48,189.58,1170500.0
2023-10-02,190.39,191.98,187.3,189.84,1227700.0
2023-10-03,187.66,191.06,184.05,185.1,2468300.0
2023-10-04,185.64,188.56,184.52,187.94,1610000.0
2023-10-05,188.13,188.8,182.88,185.34,1415800.0
2023-10-06,184.16,190.4,182.2,188.73,1837400.0
2023-10-09,186.59,188.61,184.44,187.87,860100.0
2023-10-10,188.57,193.45,187.97,191.31,1216700.0
2023-10-11,191.4,194.3,191.17,192.94,1646200.0
2023-10-12,193.77,195.48,190.13,191.89,2120800.0
2023-10-13,191.9,192.04,183.23,184.44,2439100.0
2023-10-16,185.64,189.89,184.92,189.45,1963800.0
2023-10-17,187.11,189.88,184.4,187.49,1274900.0
2023-10-18,184.44,185.5,180.74,183.21,1908700.0
2023-10-19,183.79,184.01,177.42,178.21,3027800.0
2023-10-20,177.92,178.78,174.86,176.15,2155000.0
2023-10-23,174.4,176.45,171.8,172.92,1700500.0
2023-10-24,173.46,174.89,171.52,174.11,2337300.0
2023-10-25,171.37,172.02,166.15,166.84,2923600.0
2023-10-26,169.26,175.71,168.22,170.27,3048600.0
2023-10-27,171.65,172.55,168.37,169.86,1448100.0
2023-10-30,163.48,164.05,158.56,161.38,4475200.0
2023-10-31,161.96,163.92,159.24,163.51,2588800.0
2023-11-01,162.7,163.75,158.84,163.6,2889100.0
2023-11-02,165.95,169.13,164.35,168.4,2472700.0
2023-11-03,170.53,174.25,169.68,172.16,3690000.0
2023-11-06,173.06,174.88,171.11,173.34,4400000.0
2023-11-07,169.03,181.59,168.97,176.19,4285000.0
2023-11-08,171.16,175.11,170.79,173.87,2521700.0
2023-11-09,174.87,175.0,170.35,171.0,2662100.0
2023-11-10,173.78,178.12,171.38,177.01,3055900.0
2023-11-13,175.43,175.79,172.55,175.28,1845400.0
2023-11-14,181.14,185.67,180.33,184.81,2876700.0
2023-11-15,186.27,192.17,186.27,190.37,2807500.0
2023-11-16,190.02,192.57,189.29,190.41,2333200.0
2023-11-17,190.54,191.74,188.71,190.55,1658800.0
2023-11-20,190.6,194.19,190.4,192.82,2086600.0
2023-11-21,191.55,191.96,188.23,190.07,2312900.0
2023-11-22,191.44,194.38,188.96,189.26,1501100.0
2023-11-24,188.74,190.39,188.21,189.77,835000.0
2023-11-27,188.75,190.63,187.76,189.33,1023200.0
2023-11-28,189.66,191.44,188.1,189.68,1263500.0
2023-11-29,193.2,197.05,191.79,193.76,2149200.0
2023-11-30,194.57,194.89,191.32,193.52,2269500.0
2023-12-01,193.45,195.86,191.96,195.04,1363000.0
2023-12-04,193.51,195.81,192.89,195.61,1638500.0
2023-12-05,193.99,195.68,192.2,195.18,1936900.0
2023-12-06,197.75,199.46,194.76,195.27,2052500.0
2023-12-07,197.05,202.13,196.12,200.75,2487800.0
2023-12-08,200.49,205.99,199.9,204.4,2609700.0
2023-12-11,205.24,210.42,204.79,209.14,2936800.0
2023-12-12,209.21,211.21,208.4,208.76,1847200.0
2023-12-13,208.93,212.5,207.23,210.85,2001600.0
2023-12-14,213.21,222.21,212.44,221.66,3894400.0
2023-12-15,224.04,226.99,221.78,221.9,3936700.0
2023-12-18,222.16,222.79,216.51,218.47,2531800.0
2023-12-19,219.5,220.33,217.8,218.52,1722300.0
2023-12-20,217.74,219.06,212.14,212.35,2483900.0
2023-12-21,216.22,218.99,215.8,218.4,1905500.0
2023-12-22,219.97,221.16,216.99,218.11,1033500.0
2023-12-26,219.11,222.24,218.51,220.97,1159900.0
2023-12-27,221.82,222.83,219.73,221.11,919200.0
2023-12-28,222.13,222.32,219.72,220.13,946400.0
2023-12-29,220.13,220.98,216.95,218.81,1105200.0
2024-01-02,216.5,216.5,208.22,210.71,2668500.0
2024-01-03,207.28,207.92,203.94,205.85,1923900.0
2024-01-04,194.64,200.57,194.46,197.92,3880700.0
2024-01-05,198.14,199.07,194.97,195.98,2246400.0
2024-01-08,197.49,202.94,197.45,202.12,1923600.0
2024-01-09,198.28,202.98,197.89,201.69,2023300.0
2024-01-10,201.83,202.45,197.37,201.29,1759400.0
2024-01-11,201.0,202.43,197.5,201.48,2138900.0
2024-01-12,201.3,202.16,197.74,199.21,1247700.0
2024-01-16,200.72,201.7,196.54,199.1,1749600.0
2024-01-17,196.18,196.25,192.04,195.75,2146700.0
2024-01-18,200.73,202.61,199.07,201.59,3148700.0
2024-01-19,203.24,209.06,202.4,208.02,2750100.0
2024-01-22,209.23,212.44,207.06,208.48,2445200.0
2024-01-23,209.92,214.22,209.06,213.33,2485100.0
2024-01-24,212.19,214.22,209.25,211.19,2798800.0
2024-01-25,212.43,213.29,207.52,209.02,2552700.0
2024-01-26,207.79,208.58,204.21,204.94,2424400.0
2024-01-29,206.66,207.27,203.19,207.17,1828000.0
2024-01-30,205.34,206.96,204.09,204.98,1708200.0
2024-01-31,202.8,205.13,199.82,200.6,3150700.0
2024-02-01,201.67,203.91,199.52,202.93,1968600.0
2024-02-02,200.21,205.35,199.92,204.81,2136300.0
2024-02-05,208.02,212.84,207.68,210.56,4119400.0
2024-02-06,210.52,214.75,208.48,212.44,3949300.0
2024-02-07,214.35,214.35,208.26,210.89,2789000.0
2024-02-08,210.96,218.02,210.96,217.04,2815200.0
2024-02-09,218.99,222.6,217.52,222.49,2621400.0
2024-02-12,222.92,229.84,222.06,225.47,2787800.0
2024-02-13,219.21,223.14,217.3,221.08,2723700.0
2024-02-14,222.88,224.31,221.43,222.88,1824900.0
2024-02-15,224.27,226.86,222.95,223.39,2078400.0
2024-02-16,223.4,225.48,220.35,221.17,1476100.0
2024-02-20,219.11,221.21,216.55,220.4,2140300.0
2024-02-21,219.13,224.21,218.8,224.18,1639800.0
2024-02-22,230.04,230.92,225.88,228.16,3173300.0
2024-02-23,229.42,229.9,226.26,227.54,1817800.0
2024-02-26,228.98,233.4,228.78,232.25,1596000.0
2024-02-27,234.24,240.86,233.4,234.1,2438300.0
2024-02-28,231.6,234.23,230.54,232.43,1489200.0
2024-02-29,236.2,238.45,234.03,237.91,3374700.0
2024-03-01,239.95,246.81,238.44,245.32,2444700.0
2024-03-04,247.2,247.2,241.72,242.26,2667600.0
2024-03-05,239.79,242.24,235.11,236.7,2319800.0
2024-03-06,240.14,243.27,238.49,239.35,2527800.0
2024-03-07,241.71,251.75,241.18,246.78,2942200.0
2024-03-08,247.61,250.46,239.87,240.1,2482000.0
2024-03-11,238.76,242.27,237.9,241.3,2020500.0
2024-03-12,244.06,245.78,239.81,245.27,2104300.0
2024-03-13,241.68,242.31,238.32,239.1,2457700.0
2024-03-14,238.5,239.45,229.89,232.19,3520100.0
2024-03-15,223.39,227.98,221.97,226.29,5827300.0
2024-03-18,228.8,230.53,225.12,225.42,2236700.0
2024-03-19,223.79,226.87,222.48,225.19,2172300.0
2024-03-20,225.39,231.29,224.41,230.84,2102500.0
2024-03-21,235.98,239.17,233.99,235.47,2926600.0
2024-03-22,233.78,236.49,232.8,233.77,2236400.0
2024-03-25,230.48,232.03,228.29,229.95,1703500.0
2024-03-26,231.72,232.81,228.46,228.72,1443100.0
2024-03-27,231.78,235.5,230.08,234.83,1631200.0
2024-03-28,235.26,237.57,234.41,237.06,1731400.0
2024-04-01,237.64,240.98,234.25,235.63,1478200.0
2024-04-02,233.28,233.28,229.24,230.36,1607900.0
2024-04-03,228.75,233.75,227.71,233.33,1061600.0
2024-04-04,236.54,237.36,227.68,228.83,2501000.0
2024-04-05,229.86,231.08,228.52,230.59,1617400.0
2024-04-08,231.68,235.56,231.46,234.33,1188100.0
2024-04-09,236.52,241.07,235.72,240.94,1706200.0
2024-04-10,236.06,237.76,229.81,230.66,2028200.0
2024-04-11,232.35,234.31,230.12,233.77,1736500.0
2024-04-12,229.26,230.47,222.7,223.51,2597800.0
2024-04-15,227.22,227.23,218.51,220.16,2304200.0
2024-04-16,221.6,222.49,218.12,220.71,1652700.0
2024-04-17,221.08,221.45,216.07,217.11,1970900.0
2024-04-18,212.4,213.72,207.95,209.87,3494900.0
2024-04-19,209.87,210.81,203.81,205.82,2760700.0
2024-04-22,209.21,210.68,205.06,209.21,2230200.0
2024-04-23,209.55,217.08,209.39,215.85,3024100.0
2024-04-24,225.28,227.41,222.27,224.88,3810700.0
2024-04-25,226.62,229.23,223.64,227.79,2052400.0
2024-04-26,226.7,233.73,226.17,232.21,2059400.0
2024-04-29,232.25,237.22,231.66,236.44,2976300.0
2024-04-30,246.58,249.86,239.68,245.11,4800100.0
2024-05-01,242.4,247.05,235.89,238.64,3538400.0
2024-05-02,242.48,244.35,234.6,243.27,2317200.0
2024-05-03,249.71,250.78,245.99,246.7,2513200.0
2024-05-06,248.05,249.23,245.57,248.4,2213600.0
2024-05-07,249.3,250.67,247.16,247.47,1605300.0
2024-05-08,244.53,249.04,244.53,248.96,1636500.0
2024-05-09,249.25,250.56,246.92,249.52,1777800.0
2024-05-10,251.15,252.58,248.93,250.41,1072300.0
2024-05-13,252.58,255.1,251.63,252.52,1395200.0
2024-05-14,253.25,256.82,252.53,256.09,1618400.0
2024-05-15,258.48,260.52,256.17,260.24,2231500.0
2024-05-16,259.38,261.55,257.89,257.95,1550100.0
2024-05-17,258.06,258.5,254.27,256.14,1344600.0
2024-05-20,256.4,262.65,255.96,261.74,1271500.0
2024-05-21,257.62,263.58,256.57,262.55,1156000.0
2024-05-22,265.02,268.12,263.34,266.77,2185500.0
2024-05-23,267.78,267.78,258.02,260.93,2327100.0
2024-05-24,266.29,268.63,263.64,265.19,1319900.0
2024-05-28,264.59,270.02,264.18,267.54,1503600.0
2024-05-29,262.57,265.2,261.58,261.99,1696200.0
2024-05-30,259.68,262.43,258.55,259.69,1785300.0
2024-05-31,260.08,262.06,252.8,260.33,3065100.0
2024-06-03,263.7,265.52,253.65,258.27,1273300.0
2024-06-04,255.9,259.51,254.15,254.79,1783800.0
2024-06-05,258.38,264.14,257.15,263.78,1692900.0
2024-06-06,262.75,263.27,259.78,260.25,1438300.0
2024-06-07,260.99,265.02,259.09,260.13,1211300.0
2024-06-10,256.57,265.33,256.46,264.88,1353600.0
2024-06-11,264.82,266.32,260.11,265.91,1123000.0
2024-06-12,269.81,274.47,267.5,270.75,1653600.0
2024-06-13,261.22,268.31,261.17,264.51,1382700.0
2024-06-14,259.25,261.57,255.67,258.15,1680300.0
2024-06-17,257.77,260.83,253.64,260.46,1702700.0
2024-06-18,260.0,262.35,258.64,260.6,1649900.0
2024-06-20,258.88,259.56,252.78,254.15,3003900.0
2024-06-21,255.83,260.9,254.3,260.24,3881400.0
2024-06-24,258.27,260.95,255.95,256.63,1680600.0
2024-06-25,259.55,260.55,256.07,259.18,1435300.0
2024-06-26,258.29,260.08,255.24,257.5,1693200.0
2024-06-27,257.54,258.99,253.89,254.46,1489100.0
2024-06-28,256.8,262.93,255.3,258.38,2228000.0
2024-07-01,258.41,259.04,252.08,255.1,1723900.0
2024-07-02,255.1,261.41,254.94,261.21,1421300.0
2024-07-03,261.54,263.66,257.72,261.45,1084500.0
2024-07-05,264.53,264.54,259.06,262.65,1237700.0
2024-07-08,263.44,266.74,263.25,266.19,1007000.0
2024-07-09,266.22,267.07,262.31,263.97,1072400.0
2024-07-10,266.05,271.5,264.13,271.13,1233300.0
2024-07-11,272.23,273.65,263.54,263.65,2095600.0
2024-07-12,266.75,272.63,264.77,269.04,1558800.0
2024-07-15,270.65,274.7,268.86,271.52,1431400.0
2024-07-16,274.03,279.87,271.99,279.21,1356700.0
2024-07-17,273.23,284.3,264.99,265.29,4527100.0
2024-07-18,268.79,274.19,265.06,268.16,2209000.0
2024-07-19,267.92,268.75,257.43,258.57,2403200.0
2024-07-22,264.88,273.42,260.23,272.51,4005400.0
2024-07-23,250.41,258.9,245.0,251.86,6654300.0
2024-07-24,250.39,252.13,244.09,244.28,4060900.0
2024-07-25,240.4,245.29,235.65,237.66,4244300.0
2024-07-26,241.58,246.03,240.61,243.53,2111100.0
2024-07-29,247.01,251.8,244.19,245.63,2421500.0
2024-07-30,248.17,248.17,240.4,241.66,2478000.0
2024-07-31,248.54,254.01,245.03,252.69,3232300.0
2024-08-01,247.74,250.24,231.79,233.92,4006600.0
2024-08-02,226.75,229.4,221.88,228.29,4567000.0
2024-08-05,222.8,232.35,219.91,226.04,3227500.0
2024-08-06,227.8,233.35,225.02,227.34,1854900.0
2024-08-07,233.84,234.79,219.21,220.16,2678100.0
2024-08-08,227.28,236.17,223.73,235.48,2776000.0
2024-08-09,232.73,234.2,229.55,232.39,1089200.0
2024-08-12,233.04,233.44,227.6,230.6,2299100.0
2024-08-13,231.85,238.72,231.5,238.14,2323300.0
2024-08-14,237.93,238.98,231.66,233.94,1785900.0
2024-08-15,240.65,244.62,237.52,243.17,2790100.0
2024-08-16,241.96,245.6,240.09,244.31,1523900.0
2024-08-19,242.52,248.14,240.67,247.96,1381400.0
2024-08-20,246.37,247.14,242.5,243.91,1516400.0
2024-08-21,246.4,249.4,241.02,244.19,2218600.0
2024-08-22,244.83,245.21,234.49,235.59,3142400.0
2024-08-23,241.18,244.15,238.54,242.58,2568300.0
2024-08-26,241.3,242.0,238.35,239.9,2041900.0
2024-08-27,237.55,244.41,236.26,242.67,1653400.0
2024-08-28,242.33,243.29,235.15,237.08,1439400.0
2024-08-29,239.4,244.13,237.63,238.88,1666500.0
2024-08-30,244.65,247.36,241.97,246.16,2696400.0
2024-09-03,241.24,242.2,225.58,226.74,3464100.0
2024-09-04,224.7,230.77,222.84,229.35,2492300.0
2024-09-05,226.77,230.28,225.33,227.28,1976800.0
2024-09-06,226.77,227.06,216.7,217.68,3035500.0
2024-09-09,220.94,221.87,217.71,221.42,2549300.0
2024-09-10,218.33,219.81,212.72,216.23,2910900.0
2024-09-11,215.43,222.12,211.34,221.68,3876600.0
2024-09-12,219.9,221.09,214.46,217.13,2532900.0
2024-09-13,220.0,223.63,218.97,221.75,3017600.0
2024-09-16,218.93,222.3,217.32,221.83,1866400.0
2024-09-17,224.09,226.33,221.35,224.3,1920500.0
2024-09-18,225.07,230.15,222.75,223.28,2161100.0
2024-09-19,230.15,233.87,227.46,230.23,3657000.0
2024-09-20,225.11,225.84,220.41,223.63,6787600.0
2024-09-23,224.67,225.68,222.73,223.61,1470400.0
2024-09-24,226.26,230.66,222.47,225.44,1913900.0
2024-09-25,223.3,226.78,222.96,225.65,1621500.0
2024-09-26,234.0,235.44,226.59,233.63,2067700.0
2024-09-27,236.46,238.2,234.06,236.22,2444000.0
2024-09-30,228.95,231.66,227.82,231.47,2898300.0
2024-10-01,230.32,231.3,222.21,223.96,2440700.0
2024-10-02,224.33,230.01,222.62,226.99,1404500.0
2024-10-03,224.47,226.56,222.72,224.95,1748100.0
2024-10-04,231.04,231.19,223.28,225.91,1599700.0
2024-10-07,228.55,228.66,223.94,225.7,1806100.0
2024-10-08,225.7,227.78,224.13,226.6,1469500.0
2024-10-09,224.95,230.37,224.71,229.83,1423700.0
2024-10-10,225.75,228.06,224.23,227.77,1191500.0
2024-10-11,225.26,232.19,225.05,229.63,1148200.0
2024-10-14,231.69,235.07,229.39,234.78,1965200.0
2024-10-15,234.01,235.87,221.96,224.57,3611900.0
2024-10-16,228.02,229.38,224.23,224.45,1368700.0
2024-10-17,229.96,230.38,223.85,224.02,2062100.0
2024-10-18,227.84,228.25,224.17,225.15,1187600.0
2024-10-21,222.84,224.18,219.25,221.97,1585200.0
2024-10-22,221.26,224.22,219.54,223.29,2173600.0
2024-10-23,227.83,231.36,224.73,227.92,2957300.0
2024-10-24,230.19,233.32,227.18,230.56,1593000.0
2024-10-25,232.06,237.33,231.54,234.51,2140500.0
2024-10-28,230.91,242.17,229.66,240.82,2812000.0
2024-10-29,241.66,247.49,240.2,246.49,2134400.0
2024-10-30,240.6,244.41,236.29,236.6,2401900.0
2024-10-31,235.79,235.79,223.07,226.16,3540600.0
2024-11-01,226.16,231.63,225.77,230.1,2224100.0
2024-11-04,228.88,230.7,227.19,228.47,2935900.0
2024-11-05,212.66,216.84,209.22,216.66,5961100.0
2024-11-06,220.02,225.51,218.07,223.15,3598000.0
2024-11-07,229.3,230.36,223.63,227.72,3129400.0
2024-11-08,224.84,226.64,219.86,225.57,2743100.0
2024-11-11,222.77,223.19,215.75,218.97,2715100.0
2024-11-12,217.3,218.92,213.96,216.8,2528800.0
2024-11-13,213.69,217.42,213.56,215.03,3144700.0
2024-11-14,215.92,217.32,213.5,216.0,2250100.0
2024-11-15,213.94,216.0,208.89,209.32,2792700.0
2024-11-18,209.48,212.58,208.36,212.36,2467100.0
2024-11-19,210.78,212.75,209.52,212.09,1503400.0
2024-11-20,209.48,212.63,208.38,212.5,2143600.0
2024-11-21,214.21,218.24,211.96,216.58,1769300.0
2024-11-22,218.93,218.96,215.75,218.33,1584000.0
2024-11-25,221.76,227.06,219.73,225.53,2784900.0
2024-11-26,228.92,230.27,218.69,220.53,2476600.0
2024-11-27,219.98,221.79,214.93,218.47,1520700.0
2024-11-29,219.76,223.91,218.66,221.21,1606600.0
2024-12-02,220.87,227.67,220.07,225.3,2796400.0
2024-12-03,222.51,224.51,219.98,220.24,2572800.0
2024-12-04,223.05,223.61,214.63,215.71,2352000.0
2024-12-05,215.54,216.08,209.66,210.23,2297000.0
2024-12-06,211.56,213.33,210.83,211.84,2302300.0
2024-12-09,211.16,218.95,210.43,216.64,2149900.0
2024-12-10,217.27,217.48,210.28,211.15,1716000.0
2024-12-11,213.24,215.0,210.97,212.99,2482700.0
2024-12-12,211.77,212.77,208.71,210.94,1771000.0
2024-12-13,209.38,211.51,208.35,210.08,2855600.0
2024-12-16,210.34,213.77,208.09,211.38,2884800.0
2024-12-17,213.47,216.22,210.83,212.19,3592400.0
2024-12-18,212.25,216.4,202.77,203.74,3610400.0
2024-12-19,205.45,206.81,200.52,200.81,2734400.0
2024-12-20,199.23,206.82,198.34,203.69,6139300.0
2024-12-23,203.94,208.14,203.94,207.42,1737600.0
2024-12-24,208.22,208.7,205.69,208.69,790900.0
2024-12-26,206.36,210.6,206.36,208.34,885700.0
2024-12-27,206.68,208.25,205.07,207.1,1162100.0
2024-12-30,204.96,205.34,200.34,201.0,1817900.0
2024-12-31,202.23,202.96,199.91,201.37,1154500.0
2025-01-02,203.08,205.0,198.83,199.78,1424300.0
2025-01-03,200.84,203.59,198.61,202.35,2308100.0
2025-01-06,203.46,209.18,203.46,206.76,1972700.0
2025-01-07,207.21,212.12,204.66,205.95,2312200.0
2025-01-08,205.53,206.67,200.88,203.18,2302600.0
2025-01-10,203.1,204.73,199.95,200.31,2511100.0
2025-01-13,196.79,200.75,195.95,200.38,1629700.0
2025-01-14,202.08,204.08,200.29,204.06,1513400.0
2025-01-15,208.55,209.91,206.84,206.9,3143400.0
2025-01-16,208.54,208.71,203.24,204.19,1632400.0
2025-01-17,209.66,210.68,207.3,208.65,1921200.0
2025-01-21,208.3,209.99,206.68,208.18,3237900.0
2025-01-22,208.48,212.79,207.34,209.35,2367500.0
2025-01-23,206.96,213.06,206.06,213.03,2250800.0
2025-01-24,209.7,210.68,204.98,206.78,2777200.0
2025-01-27,208.31,212.89,205.76,208.38,4526800.0
2025-01-28,207.33,208.99,201.81,206.78,2446500.0
2025-01-29,206.58,209.02,205.14,206.37,1739300.0
2025-01-30,205.04,206.13,200.36,204.8,3303700.0
2025-01-31,205.39,209.12,201.82,202.05,3019600.0
2025-02-03,196.67,200.63,192.03,198.35,4743100.0
2025-02-04,201.36,203.45,192.67,196.09,3676500.0
2025-02-05,195.47,207.46,195.3,206.59,4450700.0
2025-02-06,209.75,213.74,207.97,210.06,2928700.0
2025-02-07,208.75,211.07,204.68,206.29,2216400.0
2025-02-10,207.52,208.37,202.25,203.5,2412300.0
2025-02-11,201.83,206.98,201.17,204.39,1273200.0
2025-02-12,209.65,214.59,206.0,212.94,3202400.0
2025-02-13,212.38,214.38,209.89,212.75,2761400.0
2025-02-14,213.92,219.38,212.43,217.15,3085400.0
2025-02-18,219.72,226.79,219.65,221.73,4327300.0
2025-02-19,223.33,239.11,222.39,237.92,5345900.0
2025-02-20,247.05,247.49,236.47,238.2,4342700.0
2025-02-21,239.5,240.27,228.86,229.15,5304500.0
2025-02-24,229.42,231.19,225.61,225.88,3129800.0
2025-02-25,227.22,228.35,220.91,221.44,3033400.0
2025-02-26,222.37,223.51,218.35,222.23,2630700.0
2025-02-27,221.52,222.15,209.71,210.11,3573700.0
2025-02-28,211.52,214.26,206.97,208.87,4231700.0
2025-03-03,213.14,215.85,206.83,209.78,4651800.0
2025-03-04,209.76,211.31,204.15,204.58,4111300.0
2025-03-05,206.68,210.78,202.17,210.01,2621100.0
2025-03-06,206.16,212.61,204.1,207.78,3465300.0
2025-03-07,207.43,216.82,205.88,215.62,4301500.0
2025-03-10,210.69,211.27,200.49,202.33,3747700.0
2025-03-11,202.58,203.22,193.65,199.38,3198200.0
2025-03-12,201.58,203.43,197.28,198.08,2288300.0
2025-03-13,197.71,201.52,193.82,194.75,1792700.0
2025-03-14,198.42,200.51,197.14,199.73,2771400.0
2025-03-17,198.47,205.51,198.47,203.29,2207500.0
2025-03-18,200.98,202.48,198.87,200.64,1862500.0
2025-03-19,200.74,205.78,200.59,201.9,1640500.0
2025-03-20,198.67,200.23,196.21,197.29,1455400.0
2025-03-21,194.89,196.06,191.75,195.34,3352000.0
2025-03-24,200.87,206.81,200.17,205.55,2743000.0
2025-03-25,208.26,210.91,205.19,205.75,1662300.0
2025-03-26,205.47,207.0,197.51,200.32,3636500.0
2025-03-27,197.92,198.49,193.47,194.78,2877400.0
2025-03-28,193.03,193.82,183.86,184.97,4260700.0
2025-03-31,182.35,186.06,178.71,185.04,4304200.0
2025-04-01,183.57,185.12,179.43,184.98,2270400.0
2025-04-02,181.48,191.4,181.48,188.56,2231700.0
2025-04-03,178.64,180.42,167.18,167.34,6169100.0
2025-04-04,160.52,162.96,151.75,156.56,6449000.0
2025-04-07,152.41,168.97,148.35,158.98,6564400.0
2025-04-08,160.23,164.54,144.18,149.45,5100400.0
2025-04-09,152.39,182.56,148.19,180.96,8787100.0
2025-04-10,171.47,173.16,155.32,161.22,6325900.0
2025-04-11,160.0,165.33,154.47,164.33,5169400.0
2025-04-14,167.9,168.76,162.36,166.05,2349500.0
2025-04-15,168.16,169.9,164.99,167.1,1924200.0
2025-04-16,160.89,165.95,158.85,164.14,4699400.0
2025-04-17,165.42,167.48,162.36,166.23,2106400.0
2025-04-21,162.2,167.41,162.2,166.97,2624900.0
2025-04-22,169.15,171.43,167.62,170.05,2876200.0
2025-04-23,176.67,180.47,174.77,176.09,3917500.0
2025-04-24,182.27,189.3,179.89,188.46,4247200.0
2025-04-25,184.39,189.45,183.44,188.44,2485700.0
2025-04-28,187.78,192.92,185.56,191.06,4337500.0
2025-04-29,176.73,180.64,172.51,177.8,6950800.0
2025-04-30,174.56,180.06,171.61,179.44,3210600.0
2025-05-01,181.2,181.89,176.72,177.04,3354900.0
2025-05-02,179.61,186.55,179.41,183.17,3434700.0
2025-05-05,181.11,181.93,179.29,180.07,2323900.0
2025-05-06,177.44,179.76,175.86,177.59,1579800.0
2025-05-07,178.79,182.86,177.6,181.94,2137500.0
2025-05-08,184.63,187.94,181.97,183.59,2412200.0
2025-05-09,186.23,188.93,184.44,186.81,2682900.0
2025-05-12,199.47,203.41,198.93,201.56,4998000.0
2025-05-13,200.76,207.39,200.76,206.79,3909900.0
2025-05-14,206.97,207.78,203.55,205.75,2386700.0
2025-05-15,204.17,206.08,203.16,205.17,1999500.0
2025-05-16,205.38,207.37,203.6,206.95,2093700.0
2025-05-19,201.22,205.86,200.09,204.81,2108800.0
2025-05-20,202.2,205.38,202.2,204.53,1672000.0
2025-05-21,201.88,207.73,198.98,199.93,3017900.0
2025-05-22,204.16,205.43,191.08,191.32,5012600.0
2025-05-23,184.91,188.97,184.32,187.08,3674100.0
2025-05-27,190.14,195.16,188.66,193.65,3935000.0
2025-05-28,193.79,194.98,190.61,191.03,2240400.0
2025-05-29,194.72,195.03,189.46,190.72,1851400.0
2025-05-30,189.52,189.9,183.21,186.08,4292600.0
2025-06-02,185.33,188.55,184.79,187.72,1734200.0
2025-06-03,187.13,194.45,185.3,193.71,2866900.0
2025-06-04,196.92,205.52,195.97,204.47,3857200.0
2025-06-05,205.36,207.86,200.26,201.44,2362500.0
2025-06-06,205.04,205.43,201.91,202.2,1901200.0
2025-06-09,204.08,209.55,203.42,207.45,2727100.0
2025-06-10,208.78,214.9,207.86,212.94,2588900.0
2025-06-11,214.0,216.35,209.44,211.67,2222200.0
2025-06-12,211.57,214.21,210.5,211.66,1711000.0
2025-06-13,207.26,209.5,204.86,205.33,1840200.0
2025-06-16,208.29,212.25,207.59,211.79,1739100.0
2025-06-17,207.42,211.53,206.97,207.21,2202200.0
2025-06-18,207.93,208.79,205.17,205.87,1938800.0
2025-06-20,207.78,209.68,202.23,203.48,4244800.0
2025-06-23,204.04,205.99,200.43,205.29,1847200.0
2025-06-24,209.32,214.85,208.45,212.74,2833300.0
2025-06-25,212.76,213.16,209.13,211.55,1781700.0
2025-06-26,213.14,214.56,211.84,213.53,2709700.0
2025-06-27,213.38,216.06,210.41,212.29,2060500.0
2025-06-30,214.91,214.91,211.91,213.71,2165300.0
2025-07-01,211.85,220.64,210.74,216.37,4451100.0
2025-07-02,219.2,227.12,218.97,226.1,2730800.0
2025-07-03,226.1,228.08,225.22,227.03,1299400.0
2025-07-07,223.85,226.57,220.52,221.06,2165700.0
2025-07-08,223.76,229.2,222.16,227.26,2287900.0
2025-07-09,226.71,229.4,222.47,225.38,1819200.0
2025-07-10,227.97,231.29,225.39,228.09,1948100.0
2025-07-11,225.24,227.0,223.01,223.91,1870700.0
2025-07-14,222.1,222.1,217.63,219.7,2706600.0
2025-07-15,221.93,222.04,216.07,216.23,2397900.0
2025-07-16,216.24,217.31,211.18,215.76,2140300.0
2025-07-17,215.04,220.19,214.17,219.59,1981400.0
2025-07-18,224.02,224.69,217.7,220.96,2500700.0
2025-07-21,222.37,227.21,222.28,223.28,6030200.0
2025-07-22,217.27,224.8,215.95,223.01,6032400.0
2025-07-23,220.76,221.71,213.69,219.8,3655500.0
2025-07-24,217.56,219.81,213.14,219.52,2413700.0
2025-07-25,218.02,218.91,216.17,218.41,2160700.0
2025-07-28,220.91,223.67,219.84,223.49,2924900.0
2025-07-29,224.31,228.01,221.48,221.78,1915600.0
2025-07-30,223.07,223.07,214.99,216.11,2092700.0
2025-07-31,214.68,214.68,207.55,209.1,2727200.0
2025-08-01,206.6,207.36,201.76,205.33,2554400.0
2025-08-04,206.03,207.48,204.77,207.35,2184000.0
2025-08-05,208.91,210.39,203.26,203.91,2756900.0
2025-08-06,202.91,202.91,198.8,201.42,2769600.0
2025-08-07,204.2,205.94,200.05,201.41,2195900.0
2025-08-08,201.96,205.22,200.12,202.63,1659700.0
2025-08-11,202.57,205.98,200.25,200.67,3902300.0
2025-08-12,203.18,215.95,202.4,215.24,4210300.0
2025-08-13,215.94,225.96,215.26,225.48,3582900.0
2025-08-14,221.34,227.44,219.18,226.48,2810200.0
2025-08-15,228.41,228.41,221.27,223.78,3336700.0
2025-08-18,223.98,228.83,222.75,226.94,2470000.0
2025-08-19,227.51,228.87,223.52,224.26,2217600.0
2025-08-20,226.43,228.38,218.12,223.77,3986800.0
2025-08-21,221.92,222.83,218.33,219.03,2003100.0
2025-08-22,220.73,233.11,219.19,229.7,2994000.0
2025-08-25,228.52,232.61,228.42,231.5,1261900.0
2025-08-26,230.68,234.26,230.14,232.62,2356600.0
2025-08-27,230.82,232.89,229.57,232.47,1054000.0
2025-08-28,234.52,236.14,233.32,233.84,1615900.0
2025-08-29,232.96,233.87,228.39,229.71,2250700.0
2025-09-02,222.96,227.92,221.21,227.57,2211600.0
2025-09-03,227.42,228.99,219.0,223.21,2826000.0
2025-09-04,219.86,221.04,214.16,220.46,3308900.0
2025-09-05,222.24,225.83,219.69,221.78,2006500.0
2025-09-08,222.43,224.4,219.71,220.57,1876700.0
2025-09-09,219.42,220.09,216.92,218.8,1569100.0
2025-09-10,219.22,219.69,214.34,214.49,3210200.0
2025-09-11,216.69,219.47,213.62,218.33,2999400.0
2025-09-12,217.79,218.21,213.82,214.04,2061800.0
2025-09-15,211.48,218.65,210.93,214.48,1828500.0
2025-09-16,215.49,218.45,213.16,216.16,2208900.0
2025-09-17,216.85,222.72,214.75,218.04,2337200.0
2025-09-18,221.86,224.37,219.81,222.58,3553200.0
2025-09-19,224.71,225.13,218.29,220.16,3420100.0
2025-09-22,220.21,223.56,218.51,221.81,1715300.0
2025-09-23,222.79,225.91,220.61,221.7,2096400.0
2025-09-24,222.01,224.85,221.06,223.71,1679900.0
2025-09-25,221.08,223.48,218.15,222.87,2116700.0
2025-09-26,219.6,223.26,219.23,222.12,1235200.0
2025-09-29,223.91,224.0,220.73,222.19,1352200.0
2025-09-30,221.65,223.99,219.01,223.78,1723300.0
2025-10-01,221.93,223.9,217.16,221.01,2079800.0
2025-10-02,222.08,226.85,221.1,223.76,1831500.0
2025-10-03,224.44,228.04,224.03,224.92,1537400.0
2025-10-06,228.03,229.94,223.16,227.4,1949600.0
2025-10-07,228.51,228.95,215.36,215.77,2492900.0
2025-10-08,216.07,223.25,215.69,221.72,2631200.0
2025-10-09,219.43,221.84,215.18,217.58,2615600.0
2025-10-10,217.23,218.81,201.58,201.81,3980800.0
2025-10-13,207.94,213.63,207.08,212.94,2806300.0
2025-10-14,208.01,215.88,207.14,212.36,2341700.0
2025-10-15,215.95,216.18,210.31,213.46,1939300.0
2025-10-16,215.56,216.35,209.41,213.64,2477700.0
2025-10-17,212.96,214.27,209.19,210.63,1950400.0
2025-10-20,212.96,218.37,211.86,216.0,2374500.0
2025-10-21,215.53,220.38,214.72,218.48,1935400.0
2025-10-22,213.3,219.4,211.27,213.39,3607800.0
2025-10-23,209.3,217.56,209.04,216.9,2517700.0
2025-10-24,220.07,220.07,214.33,215.36,2500800.0
2025-10-27,217.55,218.04,215.09,217.71,4076100.0
2025-10-28,214.37,216.6,204.38,209.26,4414700.0
2025-10-29,208.6,209.32,198.97,201.16,5104800.0
2025-10-30,201.1,206.06,199.85,202.8,3417100.0
2025-10-31,202.8,208.54,201.64,205.49,2506000.0
2025-11-03,207.41,209.09,204.33,206.74,1982500.0
2025-11-04,204.85,206.32,200.39,200.87,2904800.0
2025-11-05,201.61,209.39,201.48,206.79,2306700.0
2025-11-06,205.5,206.72,201.14,202.87,2037800.0
2025-11-07,200.87,201.2,195.05,201.01,2586100.0
2025-11-10,204.33,204.88,198.65,201.57,2160500.0
2025-11-11,200.51,202.47,198.58,199.34,1735200.0
2025-11-12,201.41,203.36,199.92,200.54,2046300.0
2025-11-13,199.4,201.19,195.57,197.73,2528400.0
2025-11-14,195.38,196.34,192.78,193.68,2111000.0
2025-11-17,191.79,193.24,185.22,187.2,2498900.0
2025-11-18,186.55,187.54,184.48,185.32,2776900.0
2025-11-19,186.15,188.05,185.09,186.76,2969200.0
2025-11-20,188.83,190.8,179.82,180.99,3426800.0
2025-11-21,181.45,190.47,180.02,188.03,3403000.0
2025-11-24,188.91,190.32,186.93,188.24,4513700.0
2025-11-25,187.16,190.58,185.16,187.7,3214000.0
2025-11-26,188.46,192.32,187.92,190.4,2836000.0
2025-11-28,190.53,191.91,190.01,191.56,1654100.0
2025-12-01,188.34,196.72,187.97,196.03,3393800.0
2025-12-02,197.05,213.72,196.03,211.61,6160000.0
2025-12-03,214.06,224.83,211.43,223.61,4593800.0
2025-12-04,222.84,224.32,220.18,222.23,3614800.0
2025-12-05,224.89,226.99,223.88,223.99,2208700.0
2025-12-08,225.64,228.62,223.32,225.04,2839700.0
2025-12-09,223.33,226.61,223.1,224.09,1845500.0
2025-12-10,224.61,229.57,222.54,227.79,2155300.0
2025-12-11,226.32,229.89,225.02,228.82,2350000.0
2025-12-12,229.16,231.88,224.46,225.2,3591000.0
2025-12-15,227.79,230.76,225.33,228.82,3077000.0
2025-12-16,229.16,229.98,225.0,226.77,2467200.0
2025-12-17,227.33,228.82,220.14,220.34,2685000.0
2025-12-18,224.32,225.64,219.15,219.2,2665300.0
2025-12-19,221.37,226.15,221.11,223.34,10501500.0
2025-12-22,226.76,228.94,224.58,225.97,1801200.0
2025-12-23,223.73,224.94,221.59,223.05,1871300.0
2025-12-24,223.53,225.47,221.67,222.34,1031000.0
2025-12-26,222.71,222.71,219.86,219.98,1439700.0
2025-12-29,219.58,221.2,216.3,217.6,2498400.0
2025-12-30,218.3,220.49,216.93,217.13,1746100.0
2025-12-31,216.77,217.48,214.07,214.25,1413000.0
2026-01-02,217.75,220.71,216.59,218.41,2896000.0
2026-01-05,218.97,227.43,218.97,220.98,2856300.0
2026-01-06,225.34,243.69,225.34,242.76,4418000.0
2026-01-07,238.48,241.13,233.11,236.24,2798300.0
2026-01-08,233.25,236.33,228.83,234.81,2168100.0
2026-01-09,234.28,239.73,233.33,238.02,2732500.0
2026-01-12,235.14,237.28,232.63,235.24,2333200.0
2026-01-13,235.24,237.19,234.12,235.99,1748900.0
2026-01-14,233.55,237.79,232.28,237.69,1986700.0
2026-01-15,239.25,240.3,233.48,235.51,2314400.0
2026-01-16,238.42,238.97,233.82,234.04,2676600.0
2026-01-20,228.0,231.77,225.79,227.71,2425500.0
2026-01-21,231.62,233.93,226.68,230.69,3497400.0
2026-01-22,235.04,237.97,232.17,233.68,2012400.0
2026-01-23,233.55,233.55,226.1,229.47,3258000.0
2026-01-26,229.33,231.24,226.91,228.05,2044900.0
2026-01-27,228.82,231.17,226.27,226.44,3202500.0
2026-01-28,230.68,239.78,229.99,236.92,2943700.0
2026-01-29,236.72,236.89,223.45,230.47,2872800.0
2026-01-30,226.03,228.68,221.95,223.21,3542300.0
2026-02-02,221.64,231.05,221.54,228.08,3698400.0
2026-02-03,216.92,218.64,204.33,217.8,8724500.0
2026-02-04,216.6,225.51,214.84,223.92,5830700.0
2026-02-05,221.68,226.05,216.76,219.25,2760200.0
2026-02-06,221.86,223.49,217.25,221.41,4588200.0
2026-02-09,218.54,226.3,218.43,225.94,2606800.0
2026-02-10,224.66,236.39,224.34,233.55,3013400.0
2026-02-11,237.71,247.61,236.14,246.51,4863400.0
2026-02-12,248.9,253.04,236.41,239.05,3628600.0
2026-02-13,236.84,241.44,234.62,241.26,2012800.0
2026-02-17,240.9,243.34,234.83,241.91,1727900.0
2026-02-18,244.86,246.0,232.41,234.25,2885500.0
2026-02-19,232.22,235.56,226.75,229.1,2451600.0
2026-02-20,226.92,232.28,226.06,229.26,2120200.0
2026-02-23,228.82,230.46,222.38,228.16,1703500.0
2026-02-24,229.1,236.2,229.1,231.59,1976100.0
2026-02-25,233.46,234.2,229.76,232.02,1597500.0
2026-02-26,232.71,233.73,225.11,229.22,3068900.0
2026-02-27,226.09,226.95,220.95,224.07,2951900.0
2026-03-02,218.95,222.38,215.38,221.85,1667600.0
2026-03-03,215.65,216.72,210.43,212.46,3168800.0
2026-03-04,215.06,216.14,212.36,213.56,2372100.0
2026-03-05,212.0,212.96,205.1,207.85,3308800.0
2026-03-06,199.93,203.0,198.5,199.12,3105200.0
2026-03-09,197.55,203.58,190.52,202.59,3696600.0
2026-03-10,201.56,205.66,199.24,200.4,2525900.0
2026-03-11,202.1,204.32,195.43,197.28,2482800.0
2026-03-12,193.61,195.66,187.7,188.74,3419800.0
2026-03-13,191.15,192.96,187.69,188.38,2882700.0
2026-03-16,192.06,193.44,188.77,189.4,2826500.0
2026-03-17,191.37,194.68,190.43,191.5,1578900.0
2026-03-18,191.37,193.6,189.46,190.19,2178600.0
2026-03-19,186.8,191.41,186.23,189.86,2107300.0
2026-03-20,189.9,192.01,186.38,188.89,4211800.0
2026-03-23,195.7,196.33,190.79,190.88,2325200.0
2026-03-24,188.17,195.93,187.89,193.85,1693600.0
2026-03-25,197.64,200.42,194.44,196.06,1601800.0
2026-03-26,195.09,198.19,193.47,195.38,3635100.0
2026-03-27,194.44,194.59,188.86,190.16,2037500.0
2026-03-30,191.93,192.7,183.23,185.92,3581700.0
2026-03-31,189.89,196.51,188.85,195.32,4560300.0
2026-04-01,195.89,198.09,193.6,194.05,3403700.0
2026-04-02,188.74,193.72,187.27,193.02,2486600.0
2026-04-06,194.87,199.11,192.98,195.53,2152300.0
2026-04-07,194.58,195.34,190.45,193.59,2352900.0
2026-04-08,204.33,207.03,199.9,202.67,3851900.0
2026-04-09,202.44,205.09,201.15,204.06,2706400.0
2026-04-10,205.68,208.32,201.8,202.77,2420400.0
2026-04-13,199.7,206.5,197.45,206.37,2372700.0
2026-04-14,208.35,208.86,205.47,208.24,2547800.0
2026-04-15,208.61,209.11,204.92,207.75,1542400.0
2026-04-16,207.84,213.87,207.84,212.05,2715700.0
2026-04-17,214.08,217.24,208.62,214.34,4289700.0
2026-04-20,213.32,219.66,211.92,219.6,2568100.0
2026-04-21,220.72,224.83,219.96,222.74,3362500.0
2026-04-22,226.71,227.14,223.03,223.98,2567300.0
2026-04-23,232.19,242.8,229.19,239.27,4580400.0
2026-04-24,242.42,243.28,238.77,242.13,3579400.0
2026-04-27,240.43,241.64,230.59,235.01,4010200.0
2026-04-28,231.06,236.07,226.62,228.58,4731200.0
2026-04-29,279.2,290.55,275.89,286.98,10710600.0
2026-04-30,287.17,292.03,277.58,291.29,5079900.0
2026-05-01,289.31,293.68,283.27,292.92,2829800.0
2026-05-04,295.41,297.45,286.03,288.48,2675000.0
2026-05-05,289.71,294.06,287.49,290.06,4332900.0
2026-05-06,289.27,301.53,288.93,301.17,4488500.0
2026-05-07,298.63,300.61,286.22,287.94,4957300.0
2026-05-08,293.08,294.67,287.96,292.44,6908800.0
2026-05-11,293.6,304.21,288.88,303.59,4975600.0
2026-05-12,298.32,299.63,288.73,291.92,4790600.0
2026-05-13,297.67,300.04,290.94,296.07,3250400.0
2026-05-14,295.68,297.65,288.98,291.86,2172500.0
2026-05-15,285.35,292.95,282.55,289.21,3390600.0
2026-05-18,295.67,296.52,285.11,289.39,3456900.0
2026-05-19,283.44,296.29,283.44,291.97,2904700.0
2026-05-20,295.66,308.6,292.3,307.72,4261900.0
2026-05-21,306.08,306.94,295.15,297.03,3492800.0
2026-05-22,298.44,314.32,298.26,313.99,2948500.0
2026-05-26,317.78,332.27,315.51,330.06,4618900.0
2026-05-27,334.44,337.28,324.04,326.66,3805600.0
2026-05-28,327.87,335.64,322.3,327.69,3215300.0
2026-05-29,330.96,332.37,317.79,318.83,3773000.0
2026-06-01,312.53,316.05,303.23,308.94,2881000.0
2026-06-02,317.58,323.04,314.51,321.08,3871300.0
2026-06-03,319.77,324.91,316.21,319.35,2844700.0
2026-06-04,319.2,325.64,312.54,319.69,3249400.0
2026-06-05,310.06,311.77,293.57,293.64,8438100.0
2026-06-08,305.38,307.17,295.71,298.78,5607100.0
2026-06-09,306.27,307.79,277.17,295.08,5081800.0
2026-06-10,289.24,297.07,281.95,283.32,4335700.0
2026-06-11,289.25,300.92,286.13,300.18,5123800.0
2026-06-12,299.88,304.81,295.78,302.47,2127000.0
2026-06-15,313.09,318.45,311.05,313.4,3543800.0
2026-06-16,309.45,316.79,300.37,300.51,4491100.0
2026-06-17,306.61,308.36,295.42,295.86,2918200.0
2026-06-18,307.01,317.19,303.66,310.81,7969300.0
2026-06-22,317.85,324.93,313.52,320.7,4074000.0
2026-06-23,305.15,307.93,293.72,297.59,6167800.0
2026-06-24,297.72,298.56,287.35,292.74,3849900.0
2026-06-25,301.53,306.0,290.38,297.3,3459200.0
2026-06-26,287.87,290.03,273.95,275.78,7173700.0
2026-06-29,275.76,278.78,267.65,277.12,3670700.0
2026-06-30,275.95,282.1,274.56,279.77,4560900.0
2026-07-01,274.59,282.05,272.09,277.93,5001300.0
2026-07-02,280.27,284.66,266.35,272.14,5659500.0
2026-07-06,281.31,285.6,277.04,279.25,2886200.0
2026-07-07,267.99,272.96,265.83,271.93,4509500.0
2026-07-08,270.57,284.7,269.89,282.54,3736900.0
2026-07-09,291.03,296.7,287.74,289.24,3690900.0
2026-07-10,284.14,292.58,283.19,290.95,1789100.0
2026-07-13,282.18,285.54,276.32,277.14,4592000.0
2026-07-14,287.53,288.48,281.17,282.6,3013300.0
2026-07-15,286.67,287.64,273.2,277.76,3786100.0
2026-07-16,273.06,275.05,264.93,269.45,4014700.0
2026-07-17,258.86,269.88,257.38,265.34,3433900.0
2026-07-20,268.59,272.25,265.44,265.98,2071400.0
2026-07-21,275.77,276.8,268.8,271.93,4672000.0
2026-07-22,268.85,278.53,267.95,277.55,2347400.0
2026-07-23,270.4,279.2,267.37,276.05,4124500.0
2026-07-24,272.49,276.95,265.81,268.03,4104000.0
2026-07-27,271.5,275.64,261.0,266.47,4222400.0
2026-07-28,261.87,264.98,257.94,257.96,6489000.0
2026-07-29,251.83,256.17,237.93,239.9,7554900.0
2026-07-30,247.21,249.92,241.07,244.06,7710200.0
2026-07-31,248.08,250.59,228.03,228.13,6301600.0
2026-08-03,221.25,224.86,217.26,223.17,5421300.0
2026-08-04,228.97,237.79,228.13,236.54,6542400.0
2026-08-05,233.97,236.16,228.47,230.11,5617100.0
2026-08-06,227.47,235.59,225.74,230.74,3064300.0
2026-08-07,236.25,239.21,234.32,238.64,3216800.0
2026-08-10,239.17,239.18,232.05,232.38,3285200.0
2026-08-11,235.05,239.96,232.36,235.32,2804800.0
2026-08-12,240.99,241.4,232.13,232.36,3187400.0
2026-08-13,232.41,235.52,230.15,230.87,3376200.0
2026-08-14,230.57,233.7,230.06,233.66,2825200.0
2026-08-17,234.31,237.11,231.2,231.68,3330400.0
2026-08-18,228.53,229.35,222.51,227.54,4995200.0
2026-08-19,229.72,230.62,224.01,225.01,3337100.0
2026-08-20,225.6,226.73,221.6,221.97,2124500.0
2026-08-21,224.25,225.07,221.91,224.55,2172500.0
2026-08-24,222.15,223.08,217.0,221.44,2971400.0
2026-08-25,223.95,224.3,220.27,223.74,2025200.0
2026-08-26,223.74,225.18,221.26,222.15,1815700.0
2026-08-27,224.56,227.06,222.0,224.85,2564200.0
2026-08-28,224.65,224.83,219.56,222.58,3328900.0
2026-08-31,225.21,226.22,222.24,223.63,2990600.0
2026-09-01,220.71,222.16,216.33,221.4,3181500.0
2026-09-02,222.1,228.96,221.22,227.48,2745500.0
2026-09-03,224.21,226.1,221.81,223.98,2332300.0
2026-09-04,227.07,227.6,224.0,226.82,2905900.0
2026-09-08,229.19,230.26,221.32,222.87,5537500.0
2026-09-09,220.98,226.2,220.98,222.32,3831700.0
2026-09-10,218.77,225.91,217.47,225.46,3078600.0
2026-09-11,228.81,237.53,226.98,235.56,3124500.0
2026-09-14,225.74,229.84,222.96,223.23,4657900.0
2026-09-15,225.03,227.95,223.3,225.34,2373300.0
2026-09-16,227.99,228.18,216.66,218.98,3342500.0
2026-09-17,222.16,228.28,220.67,227.95,5053500.0
2026-09-18,231.36,231.36,224.86,227.99,5216500.0
2026-09-21,229.14,233.06,226.15,232.41,4856200.0
2026-09-23,236.5,236.9,231.73,235.44,4018700.0
